distance_m,rssi_dbm,noise_dbm,snr_db,interference_db,previous_success_rate,latency_ms,reliable_link
117.224,-80.65,-91.025,10.375,10.102,0.02,35.432,0
68.637,-75.663,-96.24,20.577,15.529,0.02,27.207,0
129.497,-76.592,-93.418,16.826,6.52,0.02,23.528,0
106.118,-79.671,-94.233,14.563,6.291,0.02,24.794,0
18.656,-61.777,-95.451,33.674,9.692,0.6426,17.571,1
146.465,-78.311,-91.876,13.565,4.399,0.02,29.455,0
115.365,-74.905,-100.988,26.083,3.8,0.02,21.88,0
118.979,-80.875,-93.104,12.229,12.664,0.02,38.681,0
23.576,-66.829,-92.316,25.487,13.463,0.4555,22.591,1
70.306,-72.785,-96.757,23.973,3.884,0.1106,20.824,0
58.766,-68.777,-86.704,17.926,5.289,0.2427,17.389,0
139.381,-78.45,-94.081,15.631,11.422,0.02,34.055,0
98.36,-75.289,-92.831,17.542,10.744,0.02,29.065,0
124.3,-80.937,-94.073,13.136,10.11,0.02,30.438,0
69.295,-70.491,-92.285,21.795,4.054,0.0738,14.835,0
37.95,-79.912,-87.421,7.509,35.0,0.02,56.953,0
85.415,-77.609,-83.344,5.735,5.846,0.02,33.723,0
14.254,-63.787,-89.39,25.603,11.76,0.4251,18.394,1
125.007,-81.441,-88.192,6.751,3.076,0.02,34.067,0
96.591,-79.961,-85.993,6.032,8.078,0.02,35.118,0
114.923,-80.312,-91.129,10.817,3.803,0.02,30.345,0
56.406,-71.833,-86.504,14.671,5.655,0.0544,19.167,0
145.751,-80.961,-89.227,8.266,10.249,0.02,41.358,0
134.503,-79.03,-91.496,12.466,20.225,0.02,46.046,0
117.866,-72.353,-90.774,18.421,5.18,0.02,24.698,0
33.223,-69.326,-98.375,29.049,9.888,0.3693,24.161,1
72.675,-77.463,-90.978,13.514,11.651,0.02,27.783,0
11.352,-62.371,-97.403,35.032,13.894,0.5467,17.875,1
27.372,-69.768,-97.688,27.92,1.338,0.4756,9.725,1
104.042,-79.348,-91.325,11.976,15.328,0.02,34.615,0
112.991,-71.628,-95.899,24.272,11.746,0.02,30.152,0
145.289,-81.041,-92.025,10.984,10.099,0.02,41.046,0
52.245,-71.332,-91.515,20.184,4.673,0.2309,17.902,0
58.717,-74.755,-91.359,16.604,10.768,0.02,22.992,0
73.086,-80.83,-95.164,14.334,29.818,0.02,42.319,0
32.473,-70.305,-88.855,18.55,18.733,0.1496,29.47,0
23.839,-70.917,-92.312,21.396,6.255,0.3218,17.052,1
73.977,-76.219,-90.456,14.237,9.991,0.02,27.451,0
37.902,-75.191,-96.188,20.996,10.219,0.294,19.228,0
102.123,-72.73,-92.624,19.894,7.006,0.02,30.145,0
68.387,-70.731,-88.159,17.428,2.585,0.1191,16.304,0
125.738,-80.981,-88.604,7.624,6.34,0.02,35.019,0
106.538,-84.297,-94.791,10.493,12.367,0.02,39.08,0
50.293,-70.815,-93.909,23.094,6.228,0.3219,20.891,0
125.678,-79.151,-95.46,16.31,8.075,0.02,26.225,0
121.691,-74.527,-94.297,19.77,20.389,0.02,40.214,0
61.184,-69.82,-96.897,27.077,8.113,0.02,20.355,0
46.808,-70.339,-92.484,22.145,8.512,0.1123,21.389,0
103.962,-79.541,-89.784,10.243,9.347,0.02,34.055,0
25.264,-68.198,-94.748,26.55,5.783,0.4107,22.095,1
33.987,-70.544,-92.317,21.773,15.665,0.2636,28.973,0
6.068,-55.897,-92.772,36.875,3.086,0.6301,14.05,1
119.104,-80.306,-88.307,8.001,5.759,0.02,36.806,0
101.403,-82.011,-94.141,12.129,10.029,0.02,28.052,0
107.249,-71.825,-94.013,22.188,6.535,0.02,25.069,0
118.206,-81.67,-94.961,13.291,23.965,0.02,42.684,0
71.543,-73.932,-95.981,22.049,8.575,0.1075,22.744,0
87.467,-79.138,-90.148,11.01,8.399,0.02,30.108,0
25.271,-62.935,-92.473,29.538,3.874,0.4627,9.727,1
21.607,-63.378,-91.808,28.43,6.641,0.4089,15.428,1
101.918,-78.807,-87.539,8.732,15.198,0.02,40.963,0
73.309,-74.003,-87.338,13.334,4.873,0.02,24.362,0
86.959,-74.335,-97.762,23.427,1.721,0.0232,16.286,0
115.925,-78.058,-89.733,11.675,7.545,0.02,29.062,0
97.034,-75.709,-91.21,15.501,8.878,0.02,23.552,0
85.269,-74.794,-93.616,18.822,6.073,0.02,21.197,0
86.085,-79.422,-90.853,11.431,20.594,0.02,37.32,0
49.073,-80.979,-98.042,17.064,33.015,0.02,45.938,0
9.469,-61.509,-86.881,25.372,9.981,0.4516,19.869,1
68.324,-72.237,-90.198,17.961,6.588,0.0351,27.55,0
36.115,-69.197,-95.028,25.831,12.371,0.2638,21.417,1
64.237,-72.941,-94.049,21.107,20.689,0.02,35.195,0
128.743,-74.355,-97.961,23.606,5.19,0.02,22.512,0
38.921,-70.085,-93.099,23.014,14.651,0.1355,28.752,0
13.454,-62.824,-93.69,30.866,7.539,0.5842,15.594,1
45.801,-72.955,-96.638,23.682,17.978,0.1477,28.549,0
47.571,-73.152,-89.282,16.129,3.876,0.2915,19.434,0
100.978,-77.97,-87.531,9.561,22.418,0.02,48.924,0
85.77,-72.823,-92.096,19.273,10.221,0.02,23.326,0
118.665,-76.35,-93.07,16.72,12.345,0.02,30.712,0
101.325,-74.908,-90.478,15.569,3.346,0.02,24.706,0
63.926,-74.081,-92.069,17.988,3.257,0.02,16.405,0
123.033,-80.52,-95.788,15.268,10.977,0.02,30.947,0
29.211,-70.267,-94.284,24.017,12.613,0.2929,23.618,1
8.293,-62.116,-93.038,30.921,7.048,0.4319,18.695,1
18.057,-65.808,-91.131,25.323,13.548,0.3441,23.668,1
109.742,-85.517,-91.967,6.45,3.325,0.02,33.328,0
71.972,-75.629,-91.264,15.635,2.408,0.227,12.456,0
28.384,-68.74,-97.337,28.597,9.391,0.3635,21.049,1
77.651,-67.196,-89.672,22.476,3.212,0.0742,19.087,0
27.085,-67.081,-91.988,24.907,1.771,0.4488,16.742,1
105.966,-76.926,-83.066,6.14,4.151,0.02,36.176,0
69.693,-78.269,-93.357,15.087,12.307,0.02,24.629,0
60.248,-69.15,-90.868,21.718,10.067,0.02,19.969,0
48.719,-77.433,-82.098,4.665,20.865,0.02,45.688,0
96.391,-71.575,-91.321,19.745,10.563,0.02,28.053,0
57.463,-74.876,-92.237,17.361,3.446,0.2481,17.109,0
17.709,-63.54,-95.454,31.914,12.887,0.4689,18.214,1
22.111,-66.515,-86.651,20.136,5.072,0.3576,7.809,1
144.475,-81.449,-96.057,14.608,6.943,0.02,26.853,0
136.744,-75.993,-90.505,14.512,5.152,0.02,20.895,0
106.458,-72.87,-93.657,20.787,3.022,0.02,18.912,0
43.551,-77.597,-92.663,15.066,35.0,0.02,44.459,0
145.531,-79.384,-96.984,17.599,4.441,0.02,30.165,0
117.919,-78.505,-87.299,8.794,1.528,0.02,23.737,0
108.949,-78.534,-92.972,14.438,13.971,0.02,29.693,0
70.157,-76.86,-96.253,19.393,1.112,0.1648,17.005,0
44.475,-79.784,-87.616,7.832,7.585,0.041,28.183,0
18.977,-72.971,-93.764,20.794,15.46,0.4557,24.218,1
135.877,-79.143,-90.829,11.686,2.664,0.02,29.567,0
71.088,-78.372,-89.055,10.683,8.587,0.02,27.851,0
34.343,-70.087,-90.341,20.254,6.721,0.2582,20.495,0
49.364,-73.324,-99.688,26.365,4.376,0.3226,22.947,1
88.987,-81.306,-89.566,8.26,20.905,0.02,42.481,0
30.632,-70.877,-92.352,21.475,6.675,0.2193,19.388,1
129.209,-77.45,-93.152,15.701,13.774,0.02,38.587,0
114.985,-79.356,-92.382,13.026,16.375,0.02,40.618,0
109.322,-73.207,-97.635,24.428,7.331,0.02,23.808,0
67.653,-73.494,-91.327,17.834,3.512,0.02,17.106,0
95.96,-84.589,-96.775,12.186,16.646,0.02,32.184,0
89.694,-79.712,-93.0,13.289,7.597,0.02,24.778,0
99.228,-77.066,-91.453,14.387,8.244,0.02,24.852,0
17.244,-64.146,-88.241,24.095,6.344,0.3852,16.578,1
65.292,-77.859,-94.869,17.01,16.234,0.02,26.3,0
11.034,-63.514,-86.919,23.406,3.131,0.6149,12.102,1
76.629,-77.456,-88.686,11.23,8.325,0.02,28.953,0
52.83,-72.534,-93.503,20.969,3.588,0.1695,15.348,0
25.956,-67.856,-95.881,28.024,6.325,0.3868,18.384,1
19.993,-71.477,-97.053,25.576,17.763,0.3887,24.856,1
90.208,-77.884,-91.049,13.165,17.613,0.02,36.256,0
29.736,-68.101,-94.58,26.48,7.114,0.3472,14.129,1
139.142,-80.553,-87.802,7.249,10.557,0.02,40.321,0
89.254,-79.181,-94.378,15.197,10.41,0.02,28.695,0
55.296,-70.405,-95.152,24.747,3.602,0.1344,12.594,0
90.683,-73.673,-91.182,17.509,12.534,0.02,30.231,0
8.307,-60.662,-94.401,33.739,3.949,0.6841,11.566,1
143.991,-81.441,-91.97,10.529,6.03,0.02,29.006,0
74.934,-72.733,-88.549,15.816,1.599,0.02,15.821,0
118.497,-83.321,-91.59,8.268,14.07,0.02,43.772,0
16.996,-70.589,-91.577,20.987,16.289,0.4379,30.127,1
75.565,-77.984,-91.282,13.298,10.841,0.02,32.361,0
76.153,-74.72,-97.926,23.206,8.624,0.02,21.05,0
140.985,-82.0,-90.629,8.629,5.775,0.02,38.213,0
87.901,-77.841,-91.44,13.599,14.321,0.02,30.521,0
73.656,-84.577,-88.875,4.298,24.287,0.02,50.679,0
43.711,-69.104,-89.88,20.776,4.44,0.2886,18.882,0
53.078,-68.543,-92.707,24.163,7.249,0.1381,20.4,0
80.497,-77.72,-88.387,10.666,3.409,0.02,25.762,0
68.642,-73.602,-93.024,19.423,8.66,0.1028,18.465,0
8.134,-60.26,-91.135,30.875,6.272,0.6936,12.042,1
124.812,-78.571,-93.089,14.518,7.663,0.02,25.8,0
134.943,-81.527,-90.384,8.857,14.452,0.02,44.383,0
25.336,-70.654,-93.318,22.663,17.337,0.2198,27.967,0
85.335,-77.803,-86.234,8.431,2.944,0.02,32.718,0
20.743,-70.231,-84.939,14.708,10.331,0.1735,17.429,0
102.475,-76.879,-88.941,12.062,20.953,0.02,45.616,0
45.779,-77.824,-86.605,8.782,11.997,0.02,31.43,0
100.616,-76.649,-97.387,20.738,3.671,0.02,21.563,0
110.414,-80.06,-96.975,16.914,16.816,0.02,33.883,0
116.454,-79.534,-93.125,13.591,12.592,0.02,33.584,0
20.622,-65.199,-91.856,26.657,11.738,0.3393,22.369,1
137.822,-80.575,-92.694,12.118,7.087,0.02,34.789,0
38.381,-69.45,-97.747,28.297,11.235,0.2903,21.339,1
10.425,-61.148,-87.969,26.821,35.0,0.2798,40.764,0
85.454,-75.444,-84.46,9.016,1.318,0.02,23.831,0
58.784,-79.416,-87.517,8.1,5.978,0.02,30.613,0
125.32,-79.104,-88.201,9.097,6.457,0.02,35.273,0
122.196,-78.036,-91.209,13.173,0.52,0.02,21.302,0
50.985,-76.019,-94.95,18.931,30.449,0.02,37.394,0
143.17,-84.974,-91.746,6.772,3.407,0.02,37.304,0
47.183,-70.267,-84.63,14.364,3.217,0.2441,19.771,0
79.683,-75.909,-93.232,17.323,2.034,0.02,21.764,0
42.115,-68.584,-93.592,25.008,5.924,0.2161,14.31,1
140.726,-82.086,-88.124,6.038,11.702,0.02,47.487,0
28.868,-66.213,-87.892,21.679,8.168,0.2905,20.232,1
11.512,-66.101,-94.968,28.866,3.871,0.7232,16.097,1
68.089,-75.343,-92.915,17.573,11.251,0.02,26.124,0
148.894,-83.147,-93.757,10.61,8.244,0.02,35.62,0
134.293,-83.195,-91.756,8.561,19.325,0.02,49.801,0
113.548,-69.521,-88.137,18.616,4.91,0.02,17.331,0
134.165,-81.614,-94.814,13.2,4.533,0.02,25.537,0
134.55,-81.984,-88.186,6.202,14.938,0.02,45.042,0
80.234,-78.376,-91.644,13.268,3.292,0.02,19.729,0
50.81,-72.426,-83.858,11.432,1.968,0.0643,16.047,0
116.942,-78.963,-90.884,11.921,8.047,0.02,29.836,0
100.941,-80.48,-92.339,11.86,11.972,0.02,31.881,0
59.18,-67.806,-89.988,22.183,1.817,0.4101,14.894,1
18.698,-63.916,-93.18,29.264,16.082,0.5763,25.053,1
113.284,-79.848,-98.283,18.435,1.624,0.02,17.662,0
43.057,-68.538,-92.842,24.304,5.135,0.3573,15.795,1
140.838,-81.279,-92.897,11.618,8.215,0.02,33.984,0
39.941,-77.246,-97.573,20.327,20.593,0.1163,25.893,0
22.8,-71.986,-92.256,20.27,21.443,0.2382,29.394,0
125.511,-83.048,-99.235,16.186,9.426,0.02,29.631,0
27.226,-65.127,-93.217,28.09,5.869,0.439,17.9,1
30.994,-71.539,-91.147,19.608,6.167,0.2913,13.35,0
91.911,-77.065,-91.661,14.595,28.497,0.02,43.026,0
131.811,-80.968,-93.439,12.47,18.276,0.02,44.271,0
33.483,-71.605,-92.299,20.694,10.902,0.02,16.821,0
49.997,-74.435,-94.744,20.309,9.648,0.1881,21.666,0
117.724,-73.492,-91.962,18.47,8.999,0.02,24.065,0
145.915,-78.66,-91.797,13.137,1.244,0.02,25.246,0
77.607,-75.622,-95.151,19.528,0.272,0.02,13.993,0
25.865,-65.241,-91.063,25.822,6.907,0.368,17.738,1
7.021,-56.188,-91.085,34.897,2.928,0.5602,10.599,1
38.3,-74.059,-92.582,18.523,9.735,0.3755,17.4,0
24.114,-67.757,-83.526,15.769,9.201,0.3218,22.5,0
103.261,-81.849,-92.492,10.643,1.92,0.02,26.599,0
22.666,-67.579,-92.977,25.398,9.881,0.5829,21.627,1
78.418,-75.245,-93.478,18.234,10.301,0.02,22.375,0
105.668,-76.874,-95.398,18.524,10.091,0.02,26.666,0
89.262,-79.017,-89.599,10.583,4.956,0.02,30.069,0
33.967,-72.843,-94.402,21.559,11.568,0.3875,19.933,1
121.598,-78.856,-93.988,15.131,12.116,0.02,31.052,0
108.734,-74.946,-93.884,18.938,11.494,0.02,29.055,0
112.153,-77.666,-95.447,17.781,6.645,0.02,19.289,0
24.003,-72.072,-98.129,26.056,22.486,0.3295,30.466,1
22.944,-66.559,-93.62,27.061,19.412,0.2248,26.718,1
139.497,-79.47,-88.943,9.473,8.639,0.02,37.048,0
62.649,-72.948,-91.311,18.363,4.585,0.1388,16.592,0
48.638,-69.241,-86.538,17.297,4.132,0.2625,13.36,0
75.845,-76.644,-89.372,12.727,12.301,0.02,27.804,0
101.115,-79.198,-90.166,10.968,2.522,0.02,24.71,0
143.565,-81.38,-85.411,4.03,12.936,0.02,50.874,0
46.535,-67.6,-92.34,24.74,2.176,0.243,13.213,1
139.097,-73.949,-91.779,17.83,7.589,0.02,29.014,0
8.605,-64.876,-92.04,27.164,12.238,0.5984,20.377,1
85.504,-70.675,-86.597,15.922,4.293,0.0765,19.062,0
96.926,-79.875,-91.991,12.117,15.871,0.02,38.442,0
20.355,-65.901,-94.269,28.368,6.034,0.6118,14.529,1
25.349,-62.81,-89.943,27.133,8.15,0.4677,16.467,1
65.772,-74.33,-94.857,20.527,0.98,0.02,18.221,0
145.104,-79.649,-90.133,10.484,2.113,0.02,31.077,0
91.426,-77.338,-90.552,13.213,1.081,0.02,14.638,0
140.288,-80.831,-92.663,11.832,13.879,0.02,32.308,0
121.632,-77.403,-90.02,12.617,5.804,0.02,32.707,0
72.77,-79.065,-97.207,18.142,16.979,0.0375,30.765,0
118.791,-72.787,-91.43,18.643,0.626,0.02,20.008,0
7.586,-62.378,-93.62,31.242,11.193,0.6068,13.286,1
20.826,-63.613,-81.982,18.369,0.972,0.4833,10.592,1
125.267,-78.075,-91.455,13.38,3.863,0.02,23.635,0
120.538,-74.88,-94.087,19.207,7.483,0.02,26.0,0
38.733,-72.768,-96.824,24.056,5.652,0.4235,15.139,1
81.962,-74.736,-87.431,12.696,10.094,0.02,27.783,0
92.872,-69.025,-93.225,24.2,4.927,0.02,22.205,0
130.822,-83.375,-94.77,11.394,6.836,0.02,33.214,0
92.451,-78.623,-90.823,12.2,3.253,0.02,23.93,0
64.823,-69.094,-89.726,20.632,12.707,0.02,26.185,0
59.257,-74.362,-89.781,15.419,8.896,0.1511,17.471,0
66.753,-74.888,-91.931,17.043,11.103,0.02,24.458,0
99.53,-78.37,-91.443,13.073,7.945,0.02,28.318,0
130.786,-75.59,-91.188,15.598,14.353,0.02,33.799,0
70.815,-79.261,-90.823,11.562,5.006,0.0326,28.115,0
40.937,-67.609,-90.513,22.904,8.548,0.1553,19.126,0
39.316,-80.762,-88.169,7.407,35.0,0.02,50.751,0
113.172,-81.927,-91.803,9.876,2.748,0.02,28.963,0
123.402,-84.065,-94.859,10.794,17.631,0.02,40.66,0
20.265,-71.765,-92.505,20.74,33.284,0.1419,35.67,0
14.651,-66.993,-89.362,22.369,11.897,0.3214,19.411,1
91.193,-77.57,-98.253,20.683,0.366,0.0368,21.138,0
26.195,-69.868,-98.233,28.365,2.884,0.3969,12.293,1
124.576,-82.111,-88.786,6.675,10.183,0.02,43.986,0
49.999,-75.404,-86.68,11.275,8.031,0.0747,27.236,0
25.861,-70.339,-96.428,26.089,23.124,0.217,37.315,0
138.541,-84.717,-91.648,6.932,23.637,0.02,55.558,0
29.002,-76.723,-93.398,16.676,7.559,0.2665,17.894,0
46.284,-72.177,-92.913,20.736,8.01,0.2069,20.061,0
27.274,-65.597,-90.931,25.334,5.284,0.4415,16.179,1
21.746,-68.348,-96.525,28.177,11.487,0.5208,19.864,1
8.066,-62.84,-95.875,33.035,3.671,0.6369,10.84,1
13.032,-60.886,-93.054,32.169,7.32,0.4605,17.044,1
30.323,-72.427,-92.509,20.082,3.923,0.3042,12.982,1
12.74,-64.397,-95.941,31.544,9.67,0.6578,13.31,1
90.716,-78.578,-89.236,10.659,16.863,0.02,35.051,0
103.704,-73.263,-93.461,20.198,2.158,0.02,24.429,0
62.076,-72.158,-93.476,21.319,6.938,0.1021,19.654,0
51.109,-74.559,-91.011,16.452,20.61,0.02,33.58,0
78.156,-76.288,-92.451,16.164,24.878,0.02,36.461,0
131.876,-82.278,-89.069,6.791,5.323,0.02,39.693,0
128.414,-73.633,-95.267,21.634,4.093,0.02,25.531,0
11.304,-69.902,-96.891,26.989,0.193,0.7009,14.281,1
31.317,-67.098,-93.084,25.987,18.159,0.3719,30.767,1
39.328,-75.326,-91.789,16.463,17.354,0.0529,29.391,0
41.161,-70.28,-96.343,26.062,8.863,0.2206,18.621,1
87.829,-77.569,-96.857,19.288,35.0,0.02,45.343,0
65.358,-72.784,-91.362,18.578,8.027,0.0827,21.409,0
12.142,-63.758,-94.652,30.894,18.553,0.6098,25.959,1
59.174,-70.688,-97.084,26.395,5.584,0.2561,17.921,1
80.944,-80.128,-88.621,8.493,6.706,0.02,33.002,0
19.742,-70.562,-94.211,23.649,10.148,0.2561,19.301,1
125.851,-77.393,-87.976,10.582,3.966,0.02,30.334,0
12.534,-65.01,-91.9,26.89,15.155,0.5191,26.704,1
139.102,-80.87,-90.968,10.098,9.109,0.02,37.232,0
19.371,-60.958,-92.74,31.783,1.306,0.5879,7.724,1
127.318,-77.812,-101.293,23.481,18.858,0.02,40.263,0
135.885,-81.443,-95.979,14.536,3.667,0.02,26.062,0
147.038,-77.97,-92.44,14.47,4.008,0.02,26.371,0
121.294,-83.185,-90.723,7.538,6.672,0.02,34.191,0
118.024,-84.077,-98.264,14.187,11.719,0.02,34.641,0
98.16,-80.493,-92.188,11.695,10.634,0.02,36.239,0
117.954,-81.772,-95.928,14.156,23.244,0.02,40.215,0
24.51,-70.052,-91.179,21.126,10.236,0.286,20.408,1
82.73,-73.537,-92.068,18.53,1.96,0.02,19.135,0
79.562,-74.918,-89.398,14.48,3.22,0.02,15.223,0
129.348,-74.619,-88.266,13.647,1.785,0.02,24.326,0
72.106,-72.257,-90.394,18.136,1.75,0.02,12.433,0
60.838,-76.688,-88.989,12.301,6.043,0.02,23.256,0
97.737,-76.541,-93.226,16.686,17.925,0.02,39.564,0
43.637,-74.454,-82.119,7.665,9.07,0.02,27.172,0
25.266,-67.434,-96.266,28.832,12.056,0.405,26.068,1
74.292,-78.223,-93.847,15.624,14.975,0.02,33.348,0
65.449,-72.664,-88.845,16.181,18.828,0.02,31.476,0
38.723,-67.911,-89.365,21.455,4.401,0.2167,17.121,0
58.289,-77.56,-90.294,12.734,17.081,0.02,31.666,0
58.127,-76.307,-89.636,13.329,15.514,0.02,28.997,0
52.487,-62.696,-99.292,36.596,5.835,0.3359,19.009,1
60.022,-76.883,-86.437,9.555,4.152,0.0596,23.425,0
104.433,-79.726,-92.714,12.987,7.244,0.02,28.964,0
48.047,-77.294,-87.639,10.346,22.787,0.02,39.933,0
142.584,-85.479,-99.117,13.638,18.604,0.02,38.241,0
137.87,-82.368,-91.102,8.734,5.79,0.02,37.544,0
74.732,-77.607,-93.972,16.365,17.444,0.02,33.012,0
52.612,-72.625,-89.998,17.373,13.503,0.02,28.222,0
82.638,-81.629,-90.89,9.261,11.791,0.02,33.711,0
128.041,-83.346,-90.719,7.373,21.54,0.02,53.441,0
99.625,-80.308,-95.706,15.399,10.526,0.02,32.853,0
121.637,-82.417,-92.199,9.782,8.643,0.02,35.322,0
82.245,-71.678,-92.631,20.952,1.038,0.02,17.455,0
96.773,-80.861,-90.266,9.406,14.885,0.02,40.603,0
46.783,-75.416,-88.537,13.121,3.845,0.1228,13.355,0
111.56,-74.597,-91.473,16.876,3.305,0.02,18.715,0
34.349,-66.412,-96.467,30.055,8.873,0.402,18.043,1
105.746,-76.139,-91.623,15.484,3.237,0.02,20.635,0
129.804,-82.688,-82.861,0.173,11.182,0.02,52.082,0
24.155,-68.737,-86.239,17.502,9.798,0.4836,19.902,1
94.085,-79.19,-102.41,23.221,9.159,0.02,22.219,0
18.789,-65.796,-91.778,25.982,7.247,0.514,19.281,1
110.229,-77.256,-88.738,11.482,14.551,0.02,37.877,0
17.252,-65.925,-92.638,26.714,11.216,0.5411,19.969,1
140.711,-80.415,-93.61,13.195,11.074,0.02,35.791,0
24.924,-68.541,-92.934,24.394,4.195,0.3832,12.729,1
144.038,-77.914,-90.067,12.153,7.783,0.02,32.798,0
121.128,-76.87,-96.02,19.149,4.134,0.02,21.127,0
91.084,-82.22,-87.84,5.62,7.689,0.02,31.651,0
118.48,-83.281,-92.196,8.915,4.71,0.02,32.016,0
120.292,-79.604,-95.273,15.669,7.544,0.02,31.131,0
142.174,-76.907,-88.065,11.158,7.785,0.02,33.181,0
41.741,-67.754,-97.408,29.654,7.544,0.5162,15.072,1
90.561,-75.795,-93.943,18.148,14.782,0.02,31.771,0
18.782,-67.113,-94.001,26.888,12.322,0.3945,19.771,1
94.344,-71.523,-84.496,12.974,2.527,0.02,23.639,0
29.837,-70.965,-94.398,23.432,6.926,0.3634,18.869,1
86.918,-77.694,-99.542,21.848,9.145,0.02,23.656,0
88.002,-80.099,-94.036,13.937,4.54,0.02,23.411,0
72.568,-76.587,-90.406,13.819,9.811,0.02,25.652,0
80.782,-77.921,-89.256,11.335,5.011,0.02,20.799,0
115.769,-73.856,-84.032,10.176,8.18,0.02,32.382,0
120.89,-73.863,-87.076,13.213,3.758,0.02,23.899,0
76.362,-75.255,-91.342,16.087,7.511,0.02,18.626,0
91.941,-76.341,-95.12,18.779,12.545,0.02,26.366,0
140.029,-82.725,-86.316,3.591,13.783,0.02,52.058,0
22.361,-74.679,-93.29,18.611,8.302,0.3883,17.743,1
21.98,-73.456,-94.304,20.848,29.397,0.2836,32.016,0
17.718,-63.652,-93.46,29.807,10.526,0.4656,16.468,1
100.39,-77.343,-96.383,19.04,14.07,0.02,30.74,0
65.698,-77.941,-93.628,15.686,19.338,0.02,31.966,0
117.277,-75.627,-92.816,17.188,4.61,0.02,23.076,0
102.329,-79.88,-89.443,9.562,12.457,0.02,38.941,0
53.377,-76.825,-93.358,16.533,9.732,0.0215,23.019,0
135.263,-78.252,-96.436,18.184,12.775,0.02,31.596,0
115.567,-81.909,-97.613,15.704,16.258,0.02,32.501,0
44.228,-67.862,-91.267,23.404,3.972,0.3116,15.494,1
57.808,-83.721,-91.746,8.025,28.598,0.02,44.075,0
50.594,-74.508,-93.94,19.432,8.586,0.2193,21.517,0
27.854,-66.426,-93.636,27.21,6.413,0.2877,13.416,1
26.429,-65.226,-90.64,25.415,0.688,0.4532,14.286,1
140.738,-82.55,-87.133,4.583,18.479,0.02,49.009,0
68.496,-75.425,-94.731,19.305,15.499,0.0287,29.723,0
60.581,-73.336,-91.689,18.353,7.113,0.0333,15.482,0
110.804,-81.274,-88.646,7.372,1.387,0.02,29.393,0
85.184,-77.564,-94.716,17.152,8.857,0.02,25.478,0
140.74,-77.96,-92.055,14.094,2.256,0.02,27.666,0
118.144,-78.9,-92.133,13.233,17.217,0.02,39.951,0
74.509,-75.355,-96.59,21.234,6.94,0.02,23.415,0
59.572,-74.608,-91.41,16.802,3.677,0.1168,19.262,0
148.062,-84.548,-91.89,7.342,10.004,0.02,44.739,0
109.075,-76.379,-90.057,13.678,11.087,0.02,29.322,0
142.923,-78.778,-96.154,17.376,12.043,0.02,32.16,0
22.179,-63.168,-91.965,28.797,3.889,0.4763,15.392,1
128.327,-84.018,-87.164,3.146,16.167,0.02,54.696,0
97.376,-76.679,-84.729,8.049,7.069,0.02,33.408,0
22.679,-67.777,-87.52,19.743,0.969,0.4166,9.748,1
90.297,-76.513,-96.12,19.607,7.724,0.02,22.506,0
104.484,-68.931,-90.421,21.49,7.648,0.02,23.199,0
6.784,-55.918,-93.691,37.773,7.542,0.8829,16.576,1
70.876,-77.722,-91.006,13.284,10.153,0.02,29.396,0
124.683,-83.032,-94.703,11.671,24.625,0.02,48.44,0
47.827,-73.357,-97.997,24.64,7.9,0.2227,19.782,0
71.489,-74.842,-93.206,18.363,8.649,0.02,27.663,0
69.136,-78.891,-89.471,10.58,5.336,0.0766,25.857,0
48.779,-71.434,-90.992,19.558,7.885,0.1861,23.398,0
138.174,-86.862,-90.59,3.728,12.23,0.02,45.86,0
118.288,-84.488,-91.243,6.754,12.434,0.02,43.085,0
21.035,-63.047,-90.584,27.537,20.344,0.4363,25.94,1
149.57,-79.951,-90.147,10.195,1.276,0.02,28.514,0
132.484,-76.487,-92.961,16.474,14.975,0.02,32.691,0
46.167,-75.571,-91.71,16.139,13.471,0.1906,24.894,0
126.35,-84.139,-85.899,1.759,1.965,0.02,39.78,0
20.431,-71.943,-91.503,19.56,20.05,0.326,22.911,0
149.87,-71.047,-91.851,20.804,2.415,0.02,24.071,0
101.524,-82.647,-91.64,8.993,12.469,0.02,36.22,0
99.268,-70.638,-92.763,22.125,1.01,0.02,14.463,0
18.114,-63.639,-93.524,29.885,3.648,0.5226,14.226,1
135.07,-80.092,-91.27,11.177,12.733,0.02,39.981,0
9.205,-64.109,-93.77,29.661,13.111,0.4979,22.262,1
39.92,-73.602,-92.509,18.907,7.316,0.2602,22.834,0
25.738,-68.961,-94.767,25.806,21.338,0.261,26.973,0
117.631,-75.493,-91.622,16.129,12.528,0.02,28.295,0
33.74,-70.968,-89.955,18.987,16.45,0.2547,26.093,0
137.043,-77.302,-92.742,15.439,7.575,0.02,28.224,0
100.159,-77.739,-99.029,21.29,3.175,0.02,21.208,0
10.244,-54.093,-89.934,35.841,3.144,0.6372,13.943,1
5.787,-56.565,-91.579,35.015,6.321,0.6007,13.628,1
12.49,-56.022,-95.476,39.454,3.8,0.791,15.251,1
92.859,-78.911,-89.294,10.382,3.569,0.02,25.035,0
121.215,-77.611,-96.894,19.283,1.614,0.02,20.306,0
39.59,-67.495,-88.341,20.846,6.661,0.1721,15.176,0
128.164,-77.429,-92.201,14.772,1.571,0.02,14.021,0
13.299,-61.554,-99.941,38.387,6.55,0.6528,10.849,1
121.14,-80.313,-91.376,11.063,1.153,0.02,28.901,0
139.53,-80.56,-93.422,12.862,6.06,0.02,33.157,0
116.956,-81.975,-93.949,11.974,12.221,0.02,31.733,0
106.228,-77.228,-94.582,17.354,3.678,0.02,24.261,0
126.507,-80.065,-92.445,12.38,10.25,0.02,27.473,0
10.822,-63.904,-93.698,29.794,9.756,0.3616,15.284,1
34.258,-67.407,-98.498,31.091,4.659,0.5394,14.45,1
23.114,-69.131,-87.548,18.417,1.486,0.3817,14.283,1
78.157,-83.559,-92.855,9.296,15.037,0.02,41.85,0
113.052,-79.309,-94.562,15.253,4.627,0.02,22.312,0
96.352,-73.752,-95.949,22.198,23.254,0.02,38.393,0
128.414,-78.927,-89.302,10.375,14.513,0.02,42.979,0
27.506,-71.949,-96.545,24.596,12.813,0.3254,27.902,1
111.52,-75.713,-91.531,15.818,2.369,0.02,24.254,0
32.991,-71.088,-94.043,22.955,12.872,0.2431,19.858,0
44.26,-72.544,-93.839,21.295,17.769,0.02,30.608,0
107.936,-75.446,-95.862,20.417,8.703,0.02,25.011,0
147.13,-79.993,-94.171,14.178,10.369,0.02,36.698,0
93.674,-77.456,-91.969,14.513,12.276,0.02,30.68,0
12.903,-60.961,-91.176,30.215,19.167,0.5009,23.984,1
94.365,-76.01,-94.75,18.74,11.076,0.02,30.167,0
11.141,-62.382,-92.318,29.936,11.996,0.6053,21.233,1
133.201,-79.68,-88.89,9.21,9.99,0.02,39.413,0
107.889,-82.786,-97.819,15.033,23.722,0.02,40.213,0
30.104,-72.988,-92.022,19.034,8.884,0.217,17.697,0
18.3,-64.391,-95.328,30.936,11.936,0.3744,22.115,1
31.612,-67.977,-95.684,27.707,19.964,0.3475,34.633,1
147.104,-78.363,-91.086,12.723,5.741,0.02,35.836,0
71.491,-77.121,-93.908,16.788,26.671,0.02,38.692,0
118.692,-80.723,-96.259,15.536,5.273,0.02,19.355,0
97.279,-78.159,-87.365,9.206,3.726,0.02,27.824,0
88.0,-81.212,-88.78,7.567,12.193,0.02,38.544,0
26.044,-68.226,-98.763,30.537,5.049,0.3705,15.862,1
142.174,-79.911,-97.16,17.25,22.995,0.02,45.159,0
48.695,-79.38,-89.923,10.542,32.36,0.02,50.05,0
88.812,-75.987,-92.997,17.01,3.853,0.02,22.201,0
106.468,-74.851,-86.748,11.897,3.53,0.02,24.584,0
99.139,-72.808,-89.843,17.034,3.382,0.02,19.65,0
141.386,-83.357,-90.952,7.595,0.966,0.02,30.672,0
26.524,-69.01,-95.577,26.566,4.927,0.5586,15.737,1
78.711,-79.817,-90.28,10.463,17.244,0.02,39.906,0
63.585,-77.828,-96.465,18.637,12.64,0.0691,28.407,0
73.754,-76.264,-87.432,11.168,7.069,0.02,20.831,0
22.287,-73.549,-90.523,16.974,11.606,0.3147,21.85,0
24.444,-67.641,-94.887,27.246,2.555,0.339,10.139,1
45.321,-71.983,-89.184,17.201,8.853,0.1868,21.975,0
49.182,-76.038,-84.155,8.117,10.115,0.0787,29.036,0
67.046,-76.415,-92.762,16.347,9.656,0.02,25.231,0
93.593,-76.256,-90.074,13.817,4.792,0.02,21.709,0
97.021,-76.174,-93.511,17.337,4.636,0.02,20.309,0
64.713,-80.394,-91.701,11.308,13.491,0.02,33.791,0
64.274,-73.222,-97.275,24.053,12.891,0.0394,24.65,0
36.556,-66.858,-92.002,25.144,1.037,0.3579,14.986,1
90.304,-77.538,-91.847,14.31,1.012,0.02,20.762,0
50.971,-72.245,-85.704,13.459,30.725,0.02,42.629,0
10.229,-60.678,-98.283,37.605,10.358,0.5837,17.211,1
65.668,-73.896,-92.983,19.087,9.679,0.02,26.469,0
73.749,-72.449,-87.492,15.042,3.99,0.147,21.041,0
37.711,-73.418,-92.846,19.429,6.393,0.2425,21.631,0
88.006,-77.016,-92.6,15.583,5.137,0.02,17.067,0
87.037,-76.466,-94.916,18.451,17.335,0.02,31.582,0
106.79,-82.023,-95.264,13.241,16.784,0.02,35.109,0
98.953,-78.898,-98.39,19.493,10.486,0.02,28.613,0
99.603,-75.85,-94.202,18.352,9.32,0.02,23.976,0
50.851,-72.559,-95.463,22.904,11.857,0.2414,21.736,0
119.178,-78.817,-91.587,12.77,9.22,0.02,31.441,0
84.626,-77.169,-94.757,17.588,13.5,0.02,23.923,0
67.556,-77.863,-93.679,15.816,21.235,0.02,28.838,0
95.772,-74.54,-93.583,19.042,7.913,0.02,24.411,0
57.295,-66.487,-92.169,25.682,4.053,0.2616,24.013,1
79.347,-75.21,-93.85,18.64,9.394,0.02,24.673,0
111.822,-73.814,-95.716,21.902,5.334,0.02,23.042,0
133.528,-79.763,-91.7,11.937,3.135,0.02,29.541,0
138.553,-83.977,-88.264,4.287,19.248,0.02,55.622,0
78.027,-78.258,-91.55,13.292,9.006,0.02,25.978,0
80.44,-78.329,-94.134,15.805,6.351,0.0786,20.069,0
120.981,-80.032,-92.431,12.399,10.059,0.02,28.872,0
50.595,-69.56,-99.177,29.617,5.681,0.3418,20.424,1
126.42,-78.367,-92.488,14.121,19.652,0.02,38.383,0
76.651,-81.597,-93.401,11.804,30.498,0.02,48.773,0
21.799,-67.391,-95.267,27.876,5.94,0.3902,18.168,1
15.449,-64.369,-94.632,30.263,7.62,0.6211,15.636,1
127.089,-78.991,-93.436,14.444,11.058,0.02,27.775,0
13.057,-60.474,-88.526,28.052,2.821,0.6907,11.278,1
45.689,-71.813,-88.178,16.365,1.211,0.1537,13.27,0
53.449,-75.699,-95.248,19.549,18.171,0.02,30.937,0
30.084,-64.653,-93.813,29.16,6.235,0.2535,15.19,1
50.515,-73.068,-93.724,20.657,5.803,0.4022,16.717,0
112.69,-80.693,-89.167,8.474,11.611,0.02,37.891,0
7.129,-58.529,-91.491,32.962,4.036,0.8566,13.275,1
124.94,-78.269,-91.675,13.406,5.698,0.02,30.104,0
129.199,-82.793,-90.123,7.33,2.87,0.02,40.075,0
58.978,-73.777,-94.087,20.311,1.49,0.1629,20.061,0
27.274,-66.654,-87.226,20.573,5.626,0.4046,15.457,1
92.122,-70.033,-92.006,21.973,4.0,0.02,19.015,0
22.353,-67.703,-94.996,27.292,3.554,0.4209,11.875,1
57.913,-71.449,-92.804,21.355,8.615,0.0224,18.263,0
143.972,-80.722,-87.688,6.967,14.551,0.02,47.05,0
149.342,-78.071,-93.488,15.417,14.737,0.02,33.721,0
116.955,-81.626,-88.677,7.05,14.324,0.02,40.949,0
50.089,-68.611,-94.189,25.578,4.54,0.2234,14.493,1
104.711,-73.525,-94.68,21.155,7.975,0.02,27.87,0
107.284,-73.058,-89.691,16.634,5.432,0.02,23.411,0
61.237,-69.044,-95.059,26.015,4.588,0.106,14.846,0
97.929,-76.065,-89.121,13.056,4.835,0.02,27.07,0
6.556,-55.786,-90.769,34.984,3.291,0.78,14.596,1
35.313,-71.871,-95.058,23.186,10.145,0.3137,19.513,1
81.138,-84.536,-92.25,7.714,17.518,0.02,40.122,0
28.744,-67.451,-93.921,26.47,5.325,0.3568,13.486,1
29.056,-68.684,-90.779,22.095,4.861,0.3931,15.944,1
126.264,-74.782,-85.393,10.61,1.173,0.02,30.106,0
148.424,-78.535,-93.297,14.763,12.8,0.02,35.116,0
85.616,-78.101,-90.132,12.031,0.883,0.02,18.149,0
126.665,-72.226,-91.914,19.689,8.921,0.02,31.356,0
148.597,-78.247,-91.916,13.669,4.212,0.02,28.378,0
25.531,-71.546,-92.578,21.032,6.821,0.3663,16.19,1
69.996,-78.63,-95.001,16.371,9.302,0.02,24.449,0
61.923,-80.797,-90.827,10.03,8.889,0.02,31.759,0
16.607,-64.269,-93.011,28.742,16.091,0.3987,21.296,1
114.523,-78.527,-95.167,16.64,0.94,0.02,16.944,0
67.898,-78.604,-88.45,9.846,14.784,0.02,35.191,0
73.052,-77.486,-91.653,14.168,9.596,0.02,25.016,0
26.848,-71.03,-92.798,21.768,17.247,0.3534,28.463,0
31.234,-67.696,-87.31,19.614,8.461,0.3466,21.908,0
136.53,-83.351,-98.426,15.075,2.186,0.02,22.363,0
11.474,-65.495,-87.545,22.05,7.57,0.4086,16.782,1
38.764,-70.343,-95.081,24.738,12.533,0.27,24.305,0
47.349,-75.23,-91.26,16.03,14.13,0.1676,26.844,0
76.079,-73.725,-94.058,20.334,7.774,0.0883,18.552,0
90.035,-77.992,-95.231,17.239,7.062,0.02,24.664,0
76.527,-71.128,-87.401,16.273,9.476,0.02,22.103,0
17.197,-66.107,-85.503,19.396,15.748,0.3875,25.322,0
40.332,-66.975,-92.774,25.799,5.734,0.3567,14.302,1
127.32,-78.163,-90.826,12.662,11.109,0.02,34.149,0
97.45,-78.931,-91.801,12.87,25.142,0.02,42.581,0
99.127,-85.013,-85.943,0.93,35.0,0.02,74.434,0
102.179,-75.601,-99.396,23.795,15.685,0.02,30.092,0
115.621,-77.557,-90.68,13.123,6.896,0.02,25.966,0
13.426,-65.288,-94.545,29.256,2.818,0.5782,15.539,1
58.158,-80.519,-100.246,19.727,10.692,0.2119,25.557,0
83.231,-78.427,-93.262,14.835,21.529,0.02,36.524,0
54.076,-68.578,-85.532,16.954,7.786,0.0951,19.116,0
127.449,-83.612,-94.296,10.684,16.943,0.02,39.054,0
74.973,-79.845,-89.232,9.387,16.038,0.02,36.604,0
116.451,-79.512,-87.805,8.293,8.44,0.02,35.182,0
128.542,-77.271,-92.044,14.774,15.066,0.02,32.867,0
78.195,-80.242,-91.578,11.336,3.123,0.0933,22.368,0
136.885,-81.384,-98.007,16.623,7.178,0.02,26.64,0
90.133,-80.429,-94.507,14.077,11.586,0.02,31.033,0
128.29,-77.519,-88.825,11.307,8.288,0.02,29.869,0
54.386,-72.697,-91.788,19.091,3.423,0.1883,17.397,0
77.328,-78.085,-90.714,12.629,15.077,0.02,33.187,0
82.055,-77.279,-91.534,14.255,11.484,0.02,27.317,0
20.222,-64.265,-84.328,20.063,9.55,0.5004,20.183,1
62.79,-73.096,-93.507,20.411,19.391,0.02,32.702,0
138.014,-78.04,-86.381,8.341,15.292,0.02,45.037,0
96.471,-73.955,-91.533,17.578,0.573,0.02,20.82,0
30.738,-65.401,-86.07,20.669,9.669,0.2876,13.536,0
54.134,-76.237,-96.287,20.05,9.451,0.0604,27.297,0
32.782,-68.186,-91.354,23.167,6.413,0.3273,19.885,1
8.599,-51.912,-93.378,41.466,0.948,0.9036,13.93,1
139.482,-84.517,-91.512,6.995,4.389,0.02,34.828,0
69.99,-75.078,-87.722,12.643,0.694,0.0629,19.019,0
49.593,-80.23,-90.674,10.444,30.898,0.02,47.847,0
91.779,-76.017,-87.729,11.711,8.316,0.02,28.263,0
6.061,-54.43,-94.346,39.916,12.033,0.6969,19.812,1
45.313,-69.378,-94.88,25.502,3.372,0.2021,16.153,1
106.94,-77.152,-91.944,14.791,1.088,0.02,16.899,0
96.897,-75.171,-92.135,16.965,6.052,0.02,24.924,0
147.362,-80.456,-92.651,12.195,5.38,0.02,33.087,0
94.952,-76.883,-95.355,18.472,10.046,0.02,24.78,0
74.238,-73.145,-87.805,14.659,6.273,0.02,18.235,0
115.408,-78.554,-93.27,14.716,35.0,0.02,51.699,0
135.983,-80.096,-87.009,6.913,17.46,0.02,46.523,0
109.501,-80.344,-91.955,11.612,22.748,0.02,44.839,0
144.666,-73.947,-89.73,15.783,8.355,0.02,28.003,0
118.391,-84.839,-90.048,5.209,9.906,0.02,46.206,0
130.686,-82.226,-94.885,12.659,21.37,0.02,41.861,0
21.545,-68.551,-90.715,22.164,5.883,0.3602,13.215,1
111.2,-79.588,-85.251,5.663,11.593,0.02,42.686,0
68.813,-72.662,-91.119,18.457,6.273,0.02,16.531,0
85.2,-74.174,-88.846,14.671,12.064,0.02,25.674,0
99.845,-77.863,-89.574,11.71,2.481,0.02,20.683,0
145.623,-77.454,-90.925,13.472,5.164,0.02,29.88,0
147.764,-83.235,-91.347,8.112,10.064,0.02,43.796,0
46.793,-76.573,-90.084,13.512,10.96,0.02,23.552,0
111.394,-79.171,-89.329,10.158,14.085,0.02,41.731,0
113.748,-77.961,-96.733,18.772,2.969,0.02,19.922,0
55.241,-69.176,-91.134,21.959,9.774,0.1103,21.155,0
22.961,-59.569,-92.644,33.075,1.812,0.5529,14.164,1
10.937,-63.577,-93.37,29.793,6.563,0.58,16.791,1
117.715,-84.098,-87.464,3.366,8.567,0.02,44.91,0
76.006,-79.535,-94.566,15.031,7.615,0.02,25.229,0
147.903,-85.985,-96.882,10.896,24.711,0.02,50.647,0
72.421,-74.678,-89.215,14.537,8.628,0.02,24.413,0
146.798,-81.81,-96.971,15.162,12.711,0.02,32.417,0
64.679,-78.582,-98.748,20.166,10.089,0.02,28.363,0
120.084,-73.372,-88.821,15.449,8.21,0.02,26.272,0
17.299,-64.048,-91.444,27.396,12.061,0.6091,20.053,1
85.542,-71.34,-90.345,19.005,9.431,0.02,25.566,0
121.299,-84.328,-93.548,9.221,8.833,0.02,37.838,0
139.082,-75.7,-96.845,21.145,7.048,0.02,29.893,0
124.275,-78.95,-96.15,17.2,5.882,0.02,18.948,0
10.361,-62.284,-92.953,30.668,5.231,0.5003,18.162,1
59.042,-73.851,-96.453,22.602,8.846,0.07,25.89,0
12.061,-64.893,-90.925,26.032,8.379,0.5576,19.879,1
20.846,-69.538,-93.619,24.08,20.942,0.3632,29.299,1
102.919,-73.62,-91.352,17.732,2.215,0.02,23.405,0
108.422,-87.467,-91.457,3.99,25.997,0.02,58.308,0
117.189,-73.037,-90.646,17.61,3.049,0.02,23.087,0
130.491,-78.116,-90.252,12.136,8.137,0.02,34.128,0
112.218,-79.157,-93.204,14.047,11.042,0.02,31.852,0
121.126,-75.083,-91.356,16.273,3.71,0.02,26.012,0
12.1,-60.646,-91.174,30.528,2.981,0.6246,6.514,1
39.008,-72.205,-100.501,28.297,7.45,0.2524,18.384,1
95.175,-80.38,-89.737,9.357,12.943,0.02,34.014,0
129.428,-76.198,-91.475,15.278,15.436,0.02,37.163,0
5.653,-60.805,-90.026,29.22,2.58,0.4944,8.606,1
79.621,-76.266,-96.504,20.238,7.21,0.0504,21.744,0
103.207,-80.569,-93.105,12.537,1.508,0.02,25.467,0
9.293,-58.602,-95.82,37.218,3.791,0.6438,15.612,1
63.197,-76.606,-89.394,12.788,18.438,0.02,36.218,0
134.867,-83.762,-96.918,13.156,10.593,0.02,35.485,0
102.384,-79.405,-95.25,15.846,4.087,0.02,18.948,0
39.46,-72.676,-90.13,17.454,17.269,0.1993,24.945,0
128.653,-77.636,-94.203,16.567,4.62,0.02,21.672,0
55.465,-79.132,-95.249,16.117,7.998,0.1507,18.105,0
128.735,-79.924,-88.826,8.903,1.179,0.02,30.866,0
48.347,-71.105,-88.683,17.578,4.1,0.1893,19.039,0
90.596,-73.479,-89.473,15.994,9.891,0.02,28.466,0
62.556,-71.949,-89.03,17.081,9.549,0.0494,18.221,0
44.85,-72.784,-92.811,20.026,5.873,0.2719,17.68,0
133.551,-76.31,-92.716,16.406,7.401,0.02,27.331,0
32.201,-71.614,-94.268,22.654,13.631,0.2757,17.695,0
17.298,-74.382,-91.413,17.031,6.954,0.4852,18.063,1
54.579,-69.498,-93.848,24.349,11.06,0.1356,25.417,0
109.058,-76.067,-93.516,17.449,5.105,0.02,21.981,0
122.078,-78.222,-89.9,11.679,7.915,0.02,31.207,0
149.818,-78.816,-87.854,9.038,1.078,0.02,32.663,0
47.972,-70.889,-90.606,19.717,5.426,0.2265,18.715,0
64.152,-74.433,-85.72,11.287,8.616,0.079,25.746,0
24.839,-68.52,-94.469,25.95,7.569,0.4108,15.148,1
88.356,-77.935,-98.433,20.497,5.099,0.02,18.71,0
149.649,-79.065,-89.499,10.434,3.39,0.02,36.13,0
106.628,-80.673,-94.701,14.029,8.833,0.02,31.021,0
91.306,-80.086,-92.958,12.872,7.372,0.02,24.014,0
61.894,-73.73,-98.194,24.464,10.282,0.0432,21.204,0
137.718,-75.999,-95.147,19.149,4.491,0.02,23.162,0
77.053,-78.831,-97.258,18.427,12.186,0.02,22.96,0
24.483,-68.489,-93.52,25.031,2.919,0.4838,17.953,1
57.98,-77.514,-93.381,15.867,1.986,0.1187,13.75,0
14.739,-70.17,-91.685,21.515,18.546,0.3394,28.064,0
34.287,-72.832,-87.661,14.829,3.094,0.3051,13.607,0
7.562,-56.73,-89.631,32.901,8.891,0.575,16.209,1
70.726,-79.892,-97.678,17.785,6.367,0.02,20.08,0
97.008,-77.997,-89.872,11.875,18.847,0.02,39.958,0
54.777,-74.934,-91.609,16.675,12.522,0.02,24.285,0
65.955,-71.519,-92.342,20.824,2.051,0.0557,18.305,0
144.085,-79.385,-92.079,12.695,22.645,0.02,48.906,0
114.035,-79.95,-91.284,11.334,15.655,0.02,37.074,0
83.424,-72.308,-94.422,22.113,5.762,0.02,22.039,0
46.258,-66.388,-92.638,26.25,2.89,0.2812,11.143,1
135.065,-75.736,-87.856,12.12,9.352,0.02,32.65,0
39.089,-73.254,-94.464,21.21,9.739,0.2652,20.72,0
52.175,-77.465,-95.605,18.14,1.302,0.1555,13.892,0
136.814,-80.143,-92.216,12.073,8.869,0.02,33.489,0
81.784,-76.842,-95.957,19.115,14.788,0.02,30.779,0
112.636,-84.207,-98.03,13.823,8.517,0.02,30.391,0
90.658,-76.454,-93.206,16.752,7.512,0.02,18.511,0
99.749,-84.884,-86.93,2.046,6.835,0.02,42.72,0
48.411,-66.946,-92.135,25.189,4.042,0.2714,15.692,1
39.999,-71.39,-91.375,19.985,16.865,0.1896,25.974,0
51.761,-74.9,-99.456,24.556,6.025,0.2267,22.089,0
27.539,-68.345,-90.467,22.122,9.346,0.3283,14.773,1
131.776,-77.461,-91.673,14.213,2.386,0.02,24.295,0
46.071,-70.444,-94.327,23.883,7.309,0.3957,22.783,1
86.416,-76.882,-91.37,14.488,11.442,0.02,27.837,0
119.836,-75.422,-91.405,15.983,5.913,0.02,22.93,0
118.654,-82.019,-95.708,13.69,6.05,0.02,26.604,0
68.566,-75.162,-90.839,15.677,7.901,0.02,26.396,0
74.057,-70.594,-87.81,17.216,11.12,0.02,28.343,0
149.232,-81.418,-92.798,11.38,8.822,0.02,34.636,0
102.817,-80.929,-95.037,14.107,28.22,0.02,48.766,0
123.123,-83.96,-92.622,8.662,18.56,0.02,47.482,0
135.87,-72.482,-89.009,16.527,5.03,0.02,19.758,0
119.201,-79.43,-96.292,16.863,16.242,0.02,34.273,0
31.851,-71.898,-89.975,18.077,1.276,0.325,16.897,1
86.515,-72.807,-94.373,21.566,6.34,0.02,21.966,0
19.775,-68.151,-91.153,23.002,1.885,0.4157,15.476,1
99.674,-76.144,-93.975,17.831,12.01,0.02,25.19,0
143.526,-76.42,-93.985,17.564,5.915,0.02,24.404,0
79.346,-68.675,-86.669,17.994,2.729,0.02,21.222,0
67.781,-75.201,-96.932,21.731,13.792,0.111,29.321,0
10.197,-60.425,-90.301,29.876,3.098,0.4502,11.742,1
144.167,-87.015,-85.94,-1.075,12.882,0.02,58.688,0
19.935,-67.893,-89.601,21.708,9.563,0.495,17.119,1
10.956,-63.955,-96.659,32.704,6.806,0.6968,12.406,1
40.68,-73.124,-96.486,23.362,15.076,0.0511,26.603,0
14.502,-64.692,-94.631,29.938,3.664,0.5295,12.031,1
70.992,-71.38,-91.447,20.067,1.516,0.0565,17.505,0
79.833,-76.514,-91.209,14.695,2.922,0.02,19.556,0
50.323,-75.214,-96.451,21.237,27.981,0.0735,37.378,0
12.389,-62.469,-95.055,32.586,4.085,0.6369,17.626,1
21.182,-68.031,-94.84,26.809,5.653,0.3766,12.611,1
60.753,-78.772,-92.633,13.861,21.386,0.02,35.3,0
13.777,-62.476,-85.054,22.578,5.659,0.5501,14.238,1
106.238,-74.575,-95.266,20.692,12.249,0.02,30.416,0
35.018,-75.322,-95.419,20.097,23.024,0.0693,32.34,0
48.8,-72.866,-95.966,23.1,10.885,0.1248,25.375,0
62.148,-72.61,-89.776,17.165,7.752,0.1563,21.973,0
65.408,-75.747,-92.145,16.398,14.105,0.02,25.608,0
5.241,-60.773,-95.137,34.364,0.825,0.5667,6.7,1
21.25,-64.737,-93.27,28.533,5.6,0.4131,13.241,1
130.101,-85.918,-94.77,8.852,18.771,0.02,44.478,0
5.179,-60.548,-90.964,30.416,4.13,0.6388,13.932,1
78.684,-79.823,-82.605,2.782,8.791,0.02,40.679,0
75.978,-76.863,-90.072,13.209,12.352,0.02,30.211,0
53.299,-75.577,-92.325,16.748,6.211,0.2075,15.476,0
67.542,-79.889,-94.327,14.438,12.467,0.1035,25.972,0
118.184,-77.76,-96.702,18.942,9.611,0.02,29.676,0
126.975,-84.557,-89.432,4.875,35.0,0.02,68.972,0
42.751,-70.496,-89.622,19.126,14.288,0.1484,21.42,0
51.761,-75.353,-93.631,18.279,9.618,0.14,25.752,0
40.16,-69.884,-87.753,17.869,1.082,0.2226,16.592,0
74.58,-72.264,-91.926,19.662,4.432,0.1213,21.991,0
104.072,-80.666,-89.288,8.623,3.159,0.02,33.343,0
38.097,-75.295,-90.963,15.668,20.999,0.02,29.763,0
52.957,-68.98,-92.62,23.64,2.797,0.1732,13.819,0
139.906,-79.317,-95.342,16.025,6.129,0.02,27.719,0
12.043,-63.651,-92.509,28.858,10.457,0.4818,19.368,1
71.812,-74.66,-89.053,14.393,5.141,0.0894,19.095,0
108.176,-73.865,-93.778,19.913,5.86,0.02,25.565,0
26.816,-68.667,-90.461,21.794,9.618,0.4262,22.862,1
11.869,-61.696,-95.79,34.093,4.129,0.6212,15.141,1
25.04,-67.996,-89.27,21.274,8.757,0.3251,18.504,1
138.229,-85.671,-90.905,5.234,13.784,0.02,41.799,0
6.343,-56.084,-96.207,40.124,4.694,0.6586,9.019,1
32.307,-71.039,-92.784,21.745,3.05,0.4163,13.741,1
9.536,-68.091,-88.74,20.649,24.09,0.4127,32.24,0
21.041,-75.089,-96.407,21.317,24.321,0.1963,28.438,0
94.922,-81.57,-95.748,14.178,7.497,0.02,25.629,0
40.038,-77.976,-92.243,14.267,8.56,0.2071,22.512,0
87.536,-79.667,-84.533,4.866,8.503,0.02,38.431,0
90.578,-77.543,-94.354,16.811,5.55,0.02,20.5,0
128.168,-75.827,-90.267,14.44,7.347,0.02,24.507,0
5.688,-55.934,-91.09,35.155,1.106,0.7405,11.496,1
128.739,-77.255,-94.063,16.809,2.216,0.02,21.233,0
94.772,-72.783,-91.436,18.653,5.889,0.02,26.893,0
28.598,-76.618,-93.567,16.95,4.731,0.3222,15.561,0
117.076,-76.248,-93.252,17.004,2.556,0.02,22.931,0
129.046,-78.109,-97.814,19.705,7.327,0.02,29.581,0
41.868,-69.842,-92.086,22.244,12.731,0.2906,22.733,0
138.225,-84.282,-88.853,4.572,4.134,0.02,41.318,0
70.896,-77.073,-91.799,14.726,9.621,0.02,22.518,0
92.497,-79.271,-88.183,8.912,6.017,0.02,29.186,0
147.774,-85.245,-89.969,4.724,14.257,0.02,47.716,0
57.423,-65.43,-92.208,26.778,2.031,0.2699,14.347,1
122.908,-79.531,-94.198,14.667,2.916,0.02,28.528,0
51.168,-69.526,-93.702,24.176,5.734,0.1836,16.018,0
120.886,-75.723,-97.147,21.424,3.529,0.02,24.799,0
92.106,-83.04,-92.935,9.895,17.372,0.02,39.425,0
36.372,-70.796,-91.489,20.693,2.158,0.2855,10.739,1
65.034,-73.76,-85.996,12.236,5.572,0.0504,25.366,0
51.057,-75.505,-90.151,14.646,27.73,0.02,37.299,0
16.326,-62.627,-95.027,32.4,1.985,0.638,10.303,1
9.326,-55.653,-97.038,41.385,7.903,0.6972,18.753,1
55.239,-70.183,-92.723,22.54,6.111,0.0585,18.368,0
7.76,-58.221,-89.159,30.937,10.69,0.7418,18.957,1
28.996,-66.291,-92.772,26.482,9.908,0.3127,19.747,1
110.152,-74.318,-90.103,15.785,9.442,0.02,27.278,0
107.673,-81.189,-92.634,11.445,14.947,0.02,33.897,0
112.094,-84.284,-89.49,5.206,14.678,0.02,48.276,0
50.987,-73.892,-97.59,23.699,4.68,0.2061,17.866,0
134.053,-82.879,-86.385,3.506,4.528,0.02,43.606,0
91.105,-80.584,-95.894,15.31,12.328,0.02,28.494,0
23.274,-67.148,-89.222,22.074,8.806,0.4218,20.893,1
25.839,-70.088,-92.953,22.865,10.073,0.2698,20.028,1
105.499,-75.843,-92.405,16.562,7.994,0.02,29.175,0
30.077,-67.608,-92.844,25.235,5.255,0.5816,13.474,1
78.557,-75.421,-91.105,15.684,11.88,0.02,24.571,0
148.807,-83.166,-90.399,7.232,3.965,0.02,41.791,0
5.581,-64.023,-88.296,24.273,28.132,0.3123,35.945,0
7.404,-68.725,-87.072,18.347,26.336,0.2306,37.107,0
148.997,-83.368,-90.839,7.47,32.426,0.02,64.157,0
89.773,-71.15,-86.002,14.853,9.247,0.02,24.81,0
23.402,-66.355,-91.675,25.319,5.836,0.3402,20.261,1
135.109,-81.147,-88.229,7.082,20.212,0.02,46.241,0
132.655,-81.002,-90.499,9.498,8.135,0.02,38.29,0
82.749,-77.999,-93.922,15.923,14.243,0.02,22.744,0
95.16,-74.482,-91.366,16.883,14.173,0.02,34.037,0
44.612,-70.748,-90.239,19.491,4.064,0.3147,13.549,0
12.325,-61.687,-92.113,30.426,11.679,0.4743,18.978,1
91.212,-74.022,-90.555,16.533,13.735,0.02,27.065,0
47.74,-68.856,-88.971,20.115,7.395,0.183,20.91,0
101.225,-76.243,-92.082,15.839,2.192,0.02,19.633,0
126.256,-81.226,-102.304,21.078,20.534,0.02,42.561,0
7.633,-64.642,-86.126,21.484,27.715,0.3718,32.059,0
91.378,-75.4,-93.042,17.641,8.536,0.02,21.869,0
38.536,-71.688,-94.881,23.194,6.287,0.2379,16.335,1
131.714,-77.042,-95.934,18.892,1.809,0.02,26.894,0
41.781,-68.417,-93.178,24.761,8.896,0.2927,22.792,1
93.562,-81.513,-93.97,12.456,5.505,0.02,28.764,0
85.263,-80.641,-94.58,13.938,1.801,0.02,18.256,0
62.444,-75.697,-94.387,18.69,15.094,0.0432,24.53,0
103.255,-76.459,-90.146,13.687,12.132,0.02,34.637,0
110.237,-76.617,-84.894,8.277,4.921,0.02,29.421,0
87.206,-83.34,-89.128,5.788,24.211,0.02,51.423,0
114.971,-75.619,-88.071,12.452,7.662,0.02,28.298,0
147.595,-74.528,-93.321,18.792,8.658,0.02,30.741,0
65.794,-76.882,-91.634,14.752,6.84,0.02,16.81,0
79.615,-79.719,-90.507,10.788,16.558,0.02,38.886,0
6.808,-59.432,-94.308,34.876,11.82,0.6227,22.745,1
120.424,-77.704,-93.49,15.786,1.093,0.02,23.638,0
80.433,-72.315,-89.009,16.694,8.103,0.02,20.554,0
64.154,-74.698,-88.184,13.486,14.081,0.02,30.293,0
18.64,-65.38,-91.764,26.384,1.806,0.5842,11.061,1
134.0,-82.414,-96.183,13.769,13.976,0.02,35.701,0
62.276,-79.511,-93.035,13.523,12.016,0.02,31.258,0
103.974,-72.666,-97.045,24.379,3.436,0.02,20.402,0
26.659,-66.078,-91.737,25.659,6.655,0.3267,18.354,1
144.425,-79.143,-91.106,11.963,2.505,0.02,24.587,0
30.874,-68.32,-92.947,24.628,4.98,0.559,15.749,1
33.934,-69.943,-91.154,21.211,6.568,0.4183,19.632,1
129.553,-85.472,-90.541,5.069,12.799,0.02,46.002,0
137.324,-85.214,-91.101,5.887,14.648,0.02,49.21,0
35.761,-71.191,-96.205,25.014,9.536,0.3362,18.132,1
73.121,-75.573,-92.886,17.314,6.34,0.1142,19.853,0
111.357,-79.334,-90.566,11.231,13.67,0.02,36.378,0
132.363,-74.409,-86.475,12.066,8.682,0.02,31.802,0
59.963,-75.189,-92.952,17.763,10.337,0.02,25.546,0
79.968,-79.584,-90.072,10.488,15.162,0.02,38.692,0
112.549,-79.098,-88.926,9.829,13.094,0.02,39.898,0
111.015,-82.79,-92.688,9.898,10.285,0.02,29.172,0
118.529,-78.893,-87.981,9.087,11.812,0.02,37.966,0
87.64,-78.054,-87.792,9.739,4.898,0.02,30.643,0
20.169,-64.887,-87.169,22.282,4.351,0.5064,13.524,1
136.076,-83.99,-90.395,6.405,27.463,0.02,57.801,0
130.508,-78.92,-83.74,4.819,4.147,0.02,41.374,0
120.724,-78.3,-94.153,15.854,15.271,0.02,36.282,0
19.48,-63.5,-84.566,21.066,6.267,0.3143,17.085,1
34.638,-64.896,-89.311,24.415,12.733,0.2696,19.202,1
112.822,-74.764,-87.309,12.545,0.959,0.02,20.785,0
8.355,-59.767,-93.12,33.353,2.322,0.6457,11.908,1
146.988,-83.57,-89.044,5.475,15.894,0.02,45.138,0
59.686,-71.511,-87.006,15.494,1.608,0.1377,19.515,0
109.3,-73.042,-95.806,22.764,4.96,0.02,23.735,0
133.698,-79.432,-92.572,13.139,20.834,0.02,40.966,0
62.221,-77.588,-99.494,21.906,14.66,0.0796,26.088,0
51.274,-71.016,-92.624,21.608,5.995,0.3079,21.541,0
93.267,-75.499,-94.856,19.357,4.162,0.02,17.924,0
89.243,-76.48,-92.762,16.282,23.009,0.02,32.825,0
64.325,-72.744,-81.767,9.024,4.486,0.0368,24.354,0
92.257,-76.467,-85.988,9.52,10.015,0.02,34.649,0
140.63,-85.653,-97.038,11.385,19.62,0.02,48.787,0
72.808,-73.498,-90.055,16.557,11.313,0.02,28.505,0
33.528,-76.325,-89.204,12.878,19.653,0.0302,30.92,0
59.695,-73.123,-93.183,20.06,5.799,0.1894,19.897,0
62.146,-74.792,-91.376,16.584,3.143,0.1297,17.914,0
24.011,-70.354,-91.034,20.68,13.109,0.4172,22.753,1
28.616,-69.009,-96.713,27.704,18.173,0.3981,22.294,1
104.262,-78.482,-95.61,17.128,11.829,0.02,28.288,0
54.224,-79.476,-91.397,11.921,3.661,0.02,23.004,0
143.46,-85.918,-91.652,5.734,35.0,0.02,71.482,0
40.322,-71.172,-94.48,23.308,2.51,0.3124,15.285,1
19.344,-62.478,-94.78,32.303,9.243,0.6192,20.985,1
114.258,-84.382,-92.314,7.933,19.559,0.02,49.131,0
132.75,-73.75,-88.898,15.149,8.577,0.02,28.045,0
45.326,-70.399,-92.268,21.868,13.257,0.1962,21.125,0
34.303,-69.511,-86.32,16.809,1.476,0.3274,15.587,0
31.936,-71.718,-94.435,22.717,12.882,0.3473,27.419,1
80.692,-76.934,-91.324,14.39,3.469,0.02,18.989,0
72.92,-74.535,-93.24,18.705,9.357,0.02,26.692,0
42.619,-72.741,-89.942,17.201,2.437,0.3088,14.831,0
11.55,-63.926,-94.736,30.809,13.783,0.5626,18.11,1
74.816,-79.398,-85.254,5.856,11.69,0.02,38.922,0
144.103,-78.071,-97.917,19.846,9.27,0.02,29.332,0
99.615,-78.523,-85.996,7.473,16.207,0.02,44.192,0
76.848,-77.903,-91.685,13.782,12.561,0.02,29.693,0
21.05,-66.185,-90.067,23.881,2.356,0.5755,10.613,1
41.603,-74.979,-87.329,12.35,15.889,0.2187,26.9,0
47.742,-72.28,-88.998,16.718,12.703,0.02,23.062,0
115.897,-81.436,-94.555,13.119,4.146,0.02,29.828,0
132.123,-76.703,-89.9,13.196,8.286,0.02,28.26,0
135.738,-78.541,-85.464,6.923,5.604,0.02,39.737,0
147.762,-85.852,-95.106,9.254,29.881,0.02,59.211,0
147.443,-77.369,-84.586,7.216,3.089,0.02,35.042,0
143.185,-78.312,-90.65,12.338,5.834,0.02,29.188,0
15.414,-67.529,-93.516,25.988,7.842,0.4794,18.084,1
24.98,-64.064,-95.127,31.063,9.04,0.5908,18.564,1
49.148,-79.57,-92.782,13.211,5.999,0.1103,19.56,0
85.17,-73.203,-98.843,25.64,8.854,0.02,25.664,0
19.062,-67.16,-93.453,26.294,11.856,0.4696,24.642,1
127.641,-75.445,-92.92,17.475,4.522,0.02,27.933,0
94.43,-72.298,-95.76,23.462,6.007,0.02,23.171,0
83.643,-80.983,-89.383,8.4,25.625,0.02,40.216,0
28.97,-71.578,-92.766,21.188,16.142,0.2651,24.828,0
41.722,-71.973,-94.225,22.252,15.874,0.0717,23.95,0
28.245,-70.881,-93.139,22.257,2.244,0.391,12.336,1
128.53,-84.24,-90.757,6.517,28.42,0.02,57.434,0
89.713,-77.834,-91.744,13.91,7.611,0.02,24.559,0
111.594,-83.564,-94.453,10.889,17.134,0.02,43.026,0
47.925,-73.998,-91.56,17.562,9.426,0.0974,20.706,0
58.832,-70.158,-92.177,22.02,1.433,0.1523,14.495,0
63.704,-71.892,-95.988,24.097,6.255,0.1695,21.192,0
115.202,-80.593,-93.01,12.416,16.31,0.02,35.173,0
116.991,-80.047,-89.972,9.925,16.638,0.02,40.934,0
34.988,-71.376,-89.998,18.622,9.719,0.2621,16.82,0
141.523,-84.111,-92.805,8.694,2.984,0.02,35.223,0
22.495,-71.994,-89.631,17.637,17.472,0.2822,26.553,0
134.938,-75.925,-95.43,19.505,4.516,0.02,30.73,0
19.557,-62.758,-95.321,32.563,9.363,0.4663,14.298,1
43.358,-75.062,-92.879,17.817,12.388,0.1577,25.91,0
127.739,-76.813,-86.759,9.946,13.261,0.02,35.4,0
31.026,-73.701,-91.429,17.728,12.073,0.1235,19.479,0
64.967,-75.155,-92.964,17.808,3.922,0.02,12.662,0
70.23,-74.876,-86.596,11.719,5.796,0.02,25.005,0
40.563,-71.131,-93.004,21.874,3.823,0.3502,16.178,1
107.986,-81.229,-84.178,2.95,14.008,0.02,47.471,0
128.444,-79.709,-93.789,14.081,12.666,0.02,28.069,0
131.813,-76.289,-95.541,19.252,4.411,0.02,23.82,0
54.202,-79.023,-92.582,13.56,15.503,0.02,29.713,0
81.973,-77.145,-92.872,15.727,15.441,0.02,27.808,0
41.019,-70.559,-94.827,24.268,19.148,0.2614,29.265,0
40.495,-73.243,-82.893,9.65,12.35,0.0317,33.356,0
28.382,-71.291,-90.885,19.594,12.925,0.2837,21.036,0
141.303,-82.001,-90.375,8.374,6.149,0.02,34.223,0
133.758,-73.315,-93.617,20.301,7.394,0.02,27.828,0
117.717,-76.05,-94.022,17.972,17.899,0.02,40.419,0
80.061,-76.181,-88.411,12.23,5.124,0.02,25.759,0
76.138,-71.197,-97.865,26.668,4.081,0.0653,15.513,0
81.813,-78.604,-96.0,17.396,13.019,0.02,31.289,0
82.802,-75.207,-92.866,17.659,1.174,0.02,16.301,0
68.012,-77.293,-87.271,9.979,4.874,0.02,25.634,0
24.104,-75.39,-93.311,17.92,19.655,0.2831,24.878,0
23.221,-71.885,-90.543,18.658,22.37,0.2266,30.826,0
143.076,-82.915,-91.903,8.988,16.67,0.02,40.841,0
74.894,-74.338,-87.463,13.126,9.048,0.02,23.44,0
143.215,-77.168,-97.547,20.378,4.105,0.02,27.536,0
28.719,-67.988,-89.424,21.436,2.363,0.3768,13.315,1
85.39,-78.998,-92.696,13.698,6.528,0.02,22.352,0
35.119,-71.0,-88.763,17.763,2.406,0.4272,13.192,1
41.712,-70.498,-94.867,24.369,27.654,0.0711,38.803,0
9.358,-58.72,-91.915,33.195,6.26,0.5736,15.527,1
22.248,-62.482,-92.359,29.876,6.888,0.5456,18.08,1
137.943,-75.685,-95.509,19.824,14.82,0.02,32.162,0
51.622,-73.594,-96.481,22.888,1.997,0.2903,13.191,1
93.179,-74.273,-94.031,19.758,7.04,0.02,28.493,0
72.427,-77.979,-91.545,13.566,8.488,0.02,23.898,0
63.065,-70.008,-94.649,24.641,2.476,0.1472,15.386,0
82.123,-72.734,-93.155,20.421,3.85,0.02,19.984,0
32.15,-75.315,-98.6,23.285,5.209,0.2765,16.455,1
148.348,-80.771,-93.297,12.526,17.111,0.02,39.205,0
123.655,-84.244,-88.417,4.174,21.912,0.02,49.02,0
112.534,-80.029,-89.532,9.503,11.855,0.02,36.816,0
72.97,-77.207,-92.304,15.097,8.007,0.02,22.455,0
27.167,-67.976,-91.147,23.171,19.693,0.17,24.018,0
138.497,-83.243,-94.899,11.655,15.567,0.02,41.209,0
54.501,-82.088,-86.314,4.226,33.262,0.02,59.308,0
12.265,-63.988,-84.763,20.775,1.649,0.5431,13.143,1
54.649,-74.004,-91.423,17.419,8.712,0.0236,18.561,0
120.196,-76.954,-82.933,5.978,5.451,0.02,38.474,0
95.293,-72.288,-94.381,22.092,1.972,0.02,20.684,0
113.872,-76.935,-96.379,19.444,8.782,0.02,30.985,0
120.077,-81.548,-94.484,12.936,31.056,0.02,52.977,0
35.733,-67.103,-92.768,25.666,3.262,0.4341,17.15,1
138.949,-82.65,-83.908,1.258,35.0,0.02,73.015,0
68.508,-73.253,-92.984,19.731,15.824,0.02,27.963,0
97.657,-72.182,-95.009,22.826,20.229,0.02,39.146,0
5.335,-57.073,-95.145,38.071,20.129,0.5453,23.476,1
149.038,-80.11,-88.01,7.899,11.904,0.02,47.372,0
45.73,-73.016,-88.509,15.494,6.201,0.2612,20.134,0
13.999,-61.702,-93.699,31.997,2.39,0.6028,10.71,1
71.448,-70.68,-98.565,27.885,3.306,0.0702,14.147,0
23.709,-72.081,-95.95,23.869,13.055,0.4149,21.945,1
27.087,-64.248,-85.976,21.728,6.414,0.2649,14.893,1
96.681,-77.599,-89.589,11.99,3.685,0.02,21.242,0
61.974,-75.285,-91.771,16.486,10.485,0.02,22.205,0
138.669,-78.802,-85.459,6.657,11.395,0.02,46.06,0
51.278,-75.729,-85.146,9.417,14.867,0.02,34.3,0
110.296,-76.005,-92.126,16.121,4.419,0.02,22.403,0
71.859,-78.573,-92.062,13.488,7.983,0.02,20.567,0
100.693,-74.143,-94.037,19.894,4.532,0.02,21.692,0
91.956,-75.207,-92.996,17.789,2.807,0.02,23.656,0
73.554,-77.284,-97.202,19.919,17.952,0.02,31.607,0
142.759,-80.889,-97.216,16.327,17.117,0.02,36.778,0
54.693,-72.027,-98.029,26.002,1.718,0.3171,16.885,1
30.699,-68.108,-88.205,20.097,9.11,0.3446,22.433,0
103.324,-80.62,-97.465,16.845,19.771,0.02,39.578,0
127.671,-81.433,-85.175,3.742,15.235,0.02,51.101,0
10.837,-66.479,-94.556,28.078,4.0,0.719,8.579,1
70.197,-73.52,-85.919,12.399,21.287,0.02,40.299,0
134.411,-85.318,-93.278,7.96,19.788,0.02,48.125,0
113.695,-74.084,-97.482,23.397,11.112,0.02,28.054,0
148.812,-80.722,-87.507,6.784,7.084,0.02,38.323,0
82.055,-71.579,-87.093,15.514,3.948,0.02,21.115,0
100.699,-74.484,-95.171,20.687,8.731,0.02,28.321,0
48.86,-72.631,-93.161,20.529,23.392,0.02,32.269,0
142.393,-78.95,-95.17,16.22,4.087,0.02,27.525,0
58.119,-80.59,-92.422,11.831,24.805,0.02,43.32,0
112.084,-80.099,-91.623,11.524,14.719,0.02,38.238,0
63.455,-75.345,-93.23,17.885,8.726,0.0581,22.2,0
86.464,-79.094,-98.366,19.272,19.908,0.02,34.183,0
109.368,-81.827,-94.033,12.206,8.527,0.02,28.883,0
78.795,-76.525,-89.538,13.013,7.528,0.02,27.339,0
136.528,-90.231,-92.731,2.5,17.414,0.02,57.674,0
65.799,-75.611,-93.146,17.535,9.012,0.0921,23.02,0
98.825,-77.066,-95.258,18.191,8.547,0.02,24.463,0
54.643,-75.031,-94.135,19.104,5.341,0.161,19.501,0
64.183,-75.027,-87.069,12.042,7.405,0.02,22.967,0
68.807,-78.098,-95.989,17.891,26.836,0.02,42.177,0
23.242,-62.76,-89.477,26.717,0.608,0.5895,13.725,1
18.3,-61.647,-91.835,30.188,3.977,0.5447,14.652,1
101.786,-75.956,-91.143,15.187,4.666,0.02,21.307,0
100.05,-77.513,-94.563,17.05,8.026,0.02,24.75,0
101.122,-76.234,-93.231,16.997,7.029,0.02,20.088,0
7.866,-54.77,-92.02,37.25,10.105,0.6693,15.966,1
52.349,-70.025,-93.822,23.797,1.054,0.2755,16.02,1
33.682,-69.471,-90.84,21.369,9.988,0.3452,18.425,1
117.832,-79.077,-90.399,11.322,26.696,0.02,54.927,0
129.791,-79.285,-84.396,5.11,9.004,0.02,41.688,0
40.769,-73.588,-91.026,17.439,7.229,0.079,16.263,0
101.838,-76.204,-98.693,22.489,8.191,0.02,26.398,0
23.758,-66.613,-87.929,21.316,6.476,0.4452,17.159,1
44.897,-73.85,-92.714,18.864,14.711,0.0739,29.143,0
25.105,-66.824,-84.958,18.134,11.214,0.3396,19.963,0
46.111,-78.005,-86.852,8.846,10.652,0.0585,28.592,0
102.837,-81.614,-93.768,12.154,19.906,0.02,38.725,0
136.997,-83.604,-89.473,5.869,14.821,0.02,50.83,0
34.366,-70.841,-94.079,23.238,0.61,0.4966,16.088,1
83.601,-76.306,-91.991,15.684,6.361,0.02,20.594,0
106.702,-79.53,-89.634,10.104,2.663,0.02,27.546,0
143.174,-74.185,-88.104,13.92,4.526,0.02,31.361,0
93.459,-75.076,-88.867,13.791,5.424,0.02,25.759,0
41.991,-73.048,-91.738,18.689,4.392,0.0768,14.681,0
95.694,-83.79,-83.308,-0.482,15.291,0.02,50.039,0
51.471,-75.667,-93.278,17.611,13.575,0.0809,23.673,0
146.539,-80.729,-97.625,16.897,6.339,0.02,30.416,0
62.953,-77.148,-96.951,19.803,13.213,0.023,22.389,0
104.387,-70.89,-86.841,15.951,12.015,0.02,29.693,0
8.368,-65.455,-92.268,26.813,9.572,0.6304,16.47,1
63.009,-74.014,-91.443,17.429,7.802,0.0463,19.425,0
131.891,-81.411,-93.899,12.488,16.407,0.02,38.188,0
93.483,-77.803,-93.584,15.781,8.539,0.02,27.153,0
69.372,-81.177,-94.755,13.578,10.418,0.02,27.569,0
140.711,-80.298,-90.351,10.053,9.898,0.02,40.425,0
128.828,-78.155,-92.341,14.186,5.595,0.02,24.957,0
51.721,-70.174,-90.477,20.303,5.341,0.258,13.715,0
83.96,-74.632,-90.812,16.18,7.398,0.02,23.446,0
76.025,-73.277,-93.491,20.213,15.102,0.02,29.093,0
96.669,-83.322,-97.106,13.784,8.011,0.02,25.286,0
53.446,-72.44,-97.41,24.97,1.36,0.1434,9.551,1
40.41,-64.242,-81.407,17.164,11.178,0.1871,24.187,0
137.337,-76.002,-86.826,10.824,5.807,0.02,25.36,0
138.962,-83.333,-87.309,3.976,4.351,0.02,42.955,0
127.282,-80.051,-94.361,14.31,14.116,0.02,35.995,0
146.84,-84.437,-91.967,7.529,14.046,0.02,47.224,0
113.024,-79.888,-94.854,14.965,9.633,0.02,27.786,0
115.877,-72.239,-96.592,24.353,6.988,0.02,20.121,0
115.576,-75.148,-94.061,18.912,6.007,0.02,20.878,0
74.688,-78.887,-87.358,8.471,2.696,0.02,24.875,0
71.186,-75.875,-89.057,13.182,0.624,0.0353,22.774,0
39.833,-70.689,-95.395,24.706,6.356,0.3641,20.019,1
98.499,-77.798,-93.102,15.304,6.47,0.02,23.145,0
46.951,-70.441,-89.378,18.937,4.089,0.1731,14.768,0
42.382,-76.144,-93.998,17.855,19.845,0.02,30.356,0
89.964,-77.308,-91.721,14.414,5.637,0.02,24.932,0
64.447,-77.031,-90.594,13.562,9.547,0.02,25.727,0
36.734,-72.169,-90.632,18.463,11.041,0.2544,18.059,0
123.328,-77.593,-91.11,13.517,12.158,0.02,36.865,0
129.783,-77.749,-94.288,16.538,5.059,0.02,26.661,0
29.316,-70.762,-93.928,23.166,6.839,0.4371,15.748,1
6.089,-54.742,-95.968,41.226,8.851,0.7057,17.383,1
53.739,-69.327,-97.465,28.138,5.085,0.2459,20.912,1
120.639,-80.84,-92.402,11.562,18.581,0.02,42.491,0
126.68,-85.159,-89.143,3.984,34.624,0.02,68.282,0
25.058,-63.075,-96.831,33.756,10.815,0.562,24.0,1
117.279,-74.251,-91.045,16.794,10.738,0.02,27.761,0
21.777,-73.307,-89.254,15.947,17.686,0.287,23.632,0
61.559,-71.895,-98.429,26.533,15.165,0.02,26.631,0
149.798,-75.167,-92.947,17.78,8.567,0.02,32.797,0
32.926,-71.235,-86.238,15.003,25.54,0.2139,36.674,0
27.325,-69.261,-90.068,20.807,5.294,0.4383,15.901,1
66.306,-76.841,-98.547,21.706,14.213,0.072,25.305,0
94.852,-71.676,-89.696,18.02,6.794,0.02,28.05,0
140.271,-78.011,-94.617,16.606,11.745,0.02,29.695,0
147.219,-78.115,-89.58,11.465,6.265,0.02,32.164,0
15.098,-60.679,-94.415,33.736,24.99,0.4521,30.24,1
25.01,-72.866,-92.186,19.32,18.282,0.3235,29.608,0
119.657,-79.599,-93.881,14.282,11.317,0.02,30.714,0
44.242,-72.647,-91.989,19.342,15.338,0.0727,30.342,0
133.303,-79.27,-93.985,14.715,4.107,0.02,27.427,0
101.201,-81.872,-92.782,10.91,2.259,0.02,23.551,0
21.217,-63.058,-96.115,33.057,5.13,0.5445,13.947,1
125.717,-84.564,-90.283,5.718,24.52,0.02,54.3,0
30.572,-71.138,-91.387,20.248,6.246,0.291,20.138,1
66.407,-77.254,-97.658,20.404,16.023,0.02,31.177,0
85.067,-76.841,-88.525,11.684,7.287,0.02,23.741,0
77.611,-75.948,-92.617,16.669,7.642,0.02,23.952,0
104.494,-74.494,-91.434,16.939,6.318,0.02,23.979,0
99.64,-73.481,-89.324,15.843,5.979,0.02,20.157,0
148.846,-82.405,-90.851,8.446,15.233,0.02,43.703,0
149.916,-81.636,-87.922,6.286,6.056,0.02,40.101,0
79.887,-75.826,-93.027,17.201,5.921,0.02,15.784,0
18.804,-68.614,-88.379,19.766,8.643,0.5128,18.212,1
110.537,-77.968,-91.57,13.602,6.851,0.02,27.39,0
146.616,-82.197,-90.223,8.026,4.415,0.02,35.763,0
51.157,-67.594,-90.587,22.993,14.083,0.0797,25.881,0
71.875,-75.171,-87.657,12.487,10.164,0.02,27.289,0
66.593,-75.754,-89.475,13.721,5.745,0.0431,18.81,0
12.456,-60.11,-93.55,33.44,4.427,0.6631,11.628,1
102.478,-83.268,-94.244,10.976,17.928,0.02,38.074,0
56.234,-74.547,-92.174,17.627,2.98,0.0671,17.88,0
119.182,-78.328,-94.66,16.332,12.817,0.02,28.79,0
125.657,-77.258,-95.683,18.425,1.303,0.02,20.357,0
124.078,-76.029,-99.448,23.419,9.299,0.02,28.843,0
65.417,-82.955,-97.422,14.467,9.495,0.02,20.023,0
51.624,-69.267,-85.051,15.784,2.497,0.0237,14.27,0
113.579,-78.872,-94.298,15.426,2.702,0.02,21.847,0
121.201,-82.611,-85.338,2.727,9.74,0.02,46.455,0
76.232,-79.625,-90.589,10.964,2.624,0.02,24.48,0
134.489,-83.649,-92.174,8.525,20.531,0.02,47.058,0
25.867,-62.811,-97.252,34.441,5.805,0.5048,13.049,1
132.465,-79.452,-91.984,12.532,22.946,0.02,44.156,0
18.934,-63.287,-85.377,22.09,19.691,0.3655,28.073,0
27.261,-68.703,-86.548,17.846,7.88,0.2973,17.063,0
82.407,-76.147,-91.04,14.893,9.978,0.02,22.55,0
14.79,-70.714,-96.02,25.306,17.202,0.2903,30.47,1
12.657,-66.884,-95.35,28.466,3.461,0.5507,10.377,1
5.075,-56.791,-94.984,38.193,6.237,0.6826,10.778,1
68.266,-81.805,-87.526,5.721,22.564,0.02,46.362,0
117.32,-82.67,-86.289,3.619,15.859,0.02,52.097,0
10.052,-61.151,-91.314,30.163,7.143,0.6661,16.857,1
99.577,-73.978,-93.061,19.082,10.042,0.02,31.456,0
124.353,-78.301,-86.58,8.278,4.998,0.02,31.815,0
29.36,-72.716,-95.425,22.709,6.672,0.4519,16.185,1
26.295,-74.535,-91.819,17.284,12.675,0.1949,24.569,0
129.816,-78.608,-90.38,11.772,6.69,0.02,28.899,0
124.353,-82.042,-95.02,12.978,14.118,0.02,38.871,0
83.147,-74.711,-94.226,19.515,2.626,0.02,18.765,0
123.784,-80.426,-94.498,14.072,12.572,0.02,30.997,0
18.45,-65.049,-87.041,21.992,3.828,0.555,9.0,1
62.2,-70.455,-85.3,14.845,7.712,0.1401,22.683,0
111.981,-74.392,-91.598,17.207,4.749,0.02,27.163,0
42.331,-71.256,-92.939,21.683,12.596,0.0599,24.42,0
114.088,-79.996,-94.099,14.103,2.891,0.02,24.257,0
78.106,-78.6,-91.994,13.393,14.236,0.02,31.531,0
113.789,-76.139,-93.926,17.787,8.575,0.02,29.402,0
72.379,-71.109,-92.34,21.231,7.212,0.0348,24.795,0
58.346,-76.954,-90.554,13.6,5.299,0.02,13.353,0
36.782,-65.514,-93.419,27.905,6.149,0.3421,16.412,1
35.215,-74.783,-92.664,17.881,19.398,0.2024,27.434,0
113.966,-75.761,-92.649,16.889,5.21,0.02,24.557,0
22.242,-60.867,-93.111,32.245,19.494,0.3119,26.777,1
17.467,-73.214,-93.545,20.332,23.761,0.3285,32.245,0
30.562,-67.481,-89.332,21.851,7.087,0.2199,18.269,1
30.425,-68.941,-98.198,29.256,2.257,0.4953,8.284,1
124.351,-79.261,-86.49,7.229,16.357,0.02,40.594,0
62.783,-77.686,-91.526,13.84,16.233,0.02,32.403,0
148.606,-89.944,-89.865,-0.079,19.682,0.02,59.607,0
24.896,-70.043,-89.462,19.42,8.134,0.4026,22.107,1
99.763,-76.915,-94.478,17.563,10.779,0.02,29.809,0
70.066,-70.514,-95.2,24.686,6.087,0.131,16.016,0
61.973,-72.451,-95.613,23.162,5.879,0.1811,17.495,0
131.887,-75.399,-92.865,17.466,10.385,0.02,31.135,0
146.461,-83.41,-89.553,6.143,17.309,0.02,49.509,0
131.565,-82.409,-94.043,11.634,14.81,0.02,38.765,0
32.884,-68.831,-89.872,21.042,8.858,0.3303,16.491,1
37.016,-73.693,-100.288,26.595,18.285,0.2812,29.022,0
100.131,-73.05,-93.349,20.3,2.958,0.02,20.724,0
46.917,-81.775,-87.915,6.14,35.0,0.02,58.484,0
111.535,-74.638,-92.598,17.96,3.256,0.02,21.963,0
87.131,-72.901,-94.902,22.001,8.329,0.0491,22.637,0
84.882,-75.636,-94.299,18.663,10.269,0.02,26.073,0
125.139,-76.747,-102.598,25.851,10.553,0.02,30.919,0
108.027,-81.717,-95.541,13.824,17.082,0.02,35.828,0
8.854,-62.331,-88.3,25.969,4.33,0.5063,15.853,1
12.172,-62.337,-94.039,31.702,11.06,0.5598,16.457,1
92.226,-80.219,-93.626,13.407,13.99,0.02,34.315,0
75.498,-76.711,-100.161,23.45,18.747,0.02,29.374,0
42.727,-70.408,-97.708,27.3,7.027,0.3011,20.23,1
65.705,-75.02,-87.835,12.815,9.597,0.02,21.129,0
114.897,-77.668,-89.839,12.171,8.668,0.02,30.504,0
124.859,-78.161,-96.541,18.38,13.528,0.02,35.045,0
86.377,-77.817,-94.207,16.39,13.59,0.02,27.832,0
60.879,-75.16,-92.102,16.942,6.806,0.2199,19.953,0
44.251,-69.393,-96.186,26.794,8.547,0.3972,20.775,1
80.678,-75.309,-99.015,23.706,9.019,0.02,18.342,0
50.639,-70.485,-92.557,22.072,3.751,0.2168,17.144,0
86.794,-75.384,-89.996,14.612,11.497,0.02,25.143,0
103.115,-77.821,-89.928,12.108,11.184,0.02,34.732,0
14.581,-64.227,-88.937,24.71,3.785,0.6114,12.553,1
5.155,-59.47,-97.437,37.967,12.041,0.6598,19.96,1
35.78,-75.94,-91.797,15.857,35.0,0.02,40.024,0
134.704,-77.392,-92.94,15.548,4.753,0.02,27.655,0
98.712,-74.891,-92.305,17.414,3.751,0.02,21.073,0
29.934,-69.777,-92.741,22.964,13.869,0.2706,19.595,0
134.088,-78.153,-94.312,16.159,6.773,0.02,26.11,0
73.144,-80.381,-102.562,22.181,17.119,0.0289,32.273,0
74.033,-76.771,-87.934,11.163,8.25,0.02,28.407,0
140.654,-77.284,-90.845,13.561,5.55,0.02,30.719,0
13.626,-66.097,-97.195,31.098,8.15,0.4714,15.657,1
36.201,-71.05,-90.344,19.294,13.587,0.178,26.741,0
89.937,-77.579,-93.566,15.987,13.27,0.02,32.325,0
33.346,-69.061,-93.466,24.406,2.67,0.3419,9.217,1
103.531,-76.733,-94.689,17.956,13.56,0.02,31.894,0
36.043,-69.887,-90.121,20.234,9.212,0.3461,23.543,0
19.378,-69.96,-94.799,24.839,9.771,0.5066,19.792,1
35.013,-69.276,-95.839,26.563,11.503,0.2732,21.614,1
66.296,-75.22,-88.039,12.819,3.691,0.0679,17.556,0
30.54,-72.18,-92.626,20.446,2.568,0.4599,12.454,1
24.53,-64.376,-92.516,28.14,2.755,0.3172,11.524,1
129.741,-84.467,-89.576,5.11,16.416,0.02,51.661,0
51.458,-75.529,-94.337,18.808,16.325,0.0583,30.193,0
57.31,-71.242,-93.639,22.397,0.869,0.02,13.962,0
13.014,-63.574,-90.93,27.356,8.533,0.6156,14.472,1
56.819,-74.952,-97.395,22.443,5.954,0.1667,13.585,0
43.397,-73.818,-91.226,17.408,4.104,0.1082,17.37,0
93.52,-81.352,-94.645,13.293,18.602,0.02,37.607,0
34.782,-75.927,-89.006,13.078,21.085,0.1062,27.789,0
133.813,-80.242,-90.087,9.845,10.11,0.02,38.863,0
139.802,-80.916,-90.549,9.633,5.675,0.02,36.646,0
19.476,-69.885,-97.624,27.739,6.502,0.4825,8.784,1
20.573,-66.404,-92.362,25.958,3.536,0.4312,10.585,1
21.722,-68.421,-96.12,27.7,6.42,0.476,22.036,1
94.838,-75.557,-92.129,16.572,4.566,0.02,21.65,0
22.685,-68.458,-100.103,31.645,20.181,0.2938,34.047,1
128.595,-73.89,-97.393,23.503,1.757,0.02,22.923,0
114.369,-77.841,-87.838,9.997,15.177,0.02,42.787,0
123.872,-81.432,-90.708,9.276,4.317,0.02,31.458,0
81.279,-83.591,-93.238,9.648,13.476,0.02,34.021,0
149.518,-84.747,-95.181,10.433,7.897,0.02,32.403,0
11.405,-65.306,-95.795,30.489,15.338,0.5057,24.245,1
63.183,-78.026,-91.299,13.274,2.878,0.068,17.153,0
51.971,-74.212,-93.203,18.991,5.473,0.1384,15.68,0
142.554,-79.545,-86.587,7.041,6.811,0.02,35.587,0
88.645,-78.497,-92.647,14.149,9.145,0.02,26.335,0
121.898,-78.165,-91.794,13.629,9.046,0.02,32.124,0
29.699,-69.907,-96.86,26.952,3.507,0.3972,13.504,1
146.902,-81.313,-93.262,11.949,2.693,0.02,28.546,0
77.303,-70.33,-91.381,21.05,7.134,0.02,25.953,0
76.582,-75.722,-93.305,17.583,8.302,0.02,19.076,0
145.778,-79.468,-93.7,14.232,6.84,0.02,34.317,0
60.206,-70.108,-90.856,20.747,1.752,0.1774,12.209,0
62.641,-71.649,-86.698,15.049,8.568,0.0336,21.665,0
89.789,-78.55,-91.493,12.943,11.919,0.02,31.499,0
23.568,-64.655,-87.995,23.34,10.097,0.18,21.886,1
51.557,-74.097,-89.824,15.727,7.686,0.1317,16.068,0
33.015,-66.972,-88.205,21.233,9.522,0.3222,20.28,0
19.976,-69.267,-94.134,24.867,4.705,0.4162,12.69,1
130.591,-82.314,-92.724,10.41,18.613,0.02,46.718,0
90.453,-75.624,-92.71,17.086,5.863,0.02,20.749,0
57.008,-73.265,-90.088,16.823,12.18,0.0731,19.813,0
64.257,-76.766,-89.227,12.461,7.459,0.02,25.604,0
67.57,-81.197,-91.562,10.365,15.791,0.02,35.377,0
96.807,-75.362,-88.932,13.57,5.759,0.02,29.302,0
139.382,-81.921,-93.972,12.05,15.887,0.02,42.768,0
140.253,-83.381,-88.901,5.52,20.207,0.02,51.284,0
61.766,-68.386,-88.445,20.059,4.403,0.0486,20.569,0
52.743,-75.202,-89.629,14.426,14.761,0.0919,27.603,0
70.402,-79.57,-91.53,11.96,23.207,0.02,41.963,0
87.35,-82.409,-89.503,7.094,10.662,0.02,35.503,0
71.964,-80.341,-95.129,14.788,17.81,0.02,30.573,0
100.519,-77.327,-91.306,13.979,20.509,0.02,39.564,0
85.388,-80.138,-90.948,10.81,16.214,0.02,38.821,0
51.504,-70.28,-96.653,26.373,4.798,0.2186,12.2,1
55.131,-77.895,-90.339,12.444,11.694,0.0305,29.063,0
59.896,-77.403,-96.371,18.968,12.704,0.02,23.311,0
18.723,-67.163,-93.498,26.335,1.521,0.4327,11.828,1
29.079,-67.387,-91.861,24.474,7.919,0.2478,13.899,1
109.852,-79.018,-94.558,15.54,9.562,0.02,29.799,0
61.419,-78.175,-91.711,13.536,12.068,0.0568,28.742,0
36.108,-67.359,-91.767,24.408,3.821,0.4274,12.987,1
86.587,-74.824,-94.871,20.046,7.457,0.02,24.375,0
114.553,-77.759,-90.012,12.254,10.096,0.02,32.295,0
42.326,-70.224,-94.675,24.451,6.337,0.1712,19.448,1
124.885,-80.219,-83.992,3.773,1.483,0.02,34.082,0
139.488,-78.191,-92.383,14.192,19.19,0.02,37.32,0
91.622,-81.237,-96.1,14.862,28.629,0.02,41.292,0
101.997,-77.363,-95.445,18.082,11.067,0.02,28.032,0
12.624,-62.529,-87.983,25.454,11.212,0.4758,23.433,1
142.1,-82.764,-93.432,10.668,8.356,0.02,36.226,0
61.91,-67.341,-96.773,29.432,2.727,0.1911,19.008,1
138.966,-78.577,-89.012,10.435,1.965,0.02,27.865,0
88.952,-78.547,-93.455,14.907,18.223,0.02,31.995,0
5.67,-62.436,-89.713,27.277,26.627,0.6222,30.841,1
10.589,-59.13,-88.726,29.596,11.83,0.5544,19.21,1
103.661,-73.745,-91.039,17.295,6.275,0.02,25.68,0
86.587,-75.832,-83.614,7.783,7.455,0.02,32.633,0
8.847,-65.969,-98.037,32.067,13.032,0.5036,19.856,1
112.802,-80.666,-94.863,14.197,17.597,0.02,37.694,0
128.561,-79.452,-92.896,13.444,8.472,0.02,29.392,0
76.981,-76.695,-84.086,7.391,6.706,0.0277,30.45,0
72.535,-77.289,-85.707,8.418,3.768,0.02,27.02,0
5.794,-61.832,-87.49,25.657,5.73,0.5645,18.299,1
119.064,-75.113,-94.779,19.666,12.487,0.02,33.346,0
52.954,-71.287,-94.371,23.084,10.567,0.3527,27.55,0
132.421,-79.653,-94.9,15.247,9.941,0.02,26.933,0
59.094,-74.889,-94.742,19.853,3.893,0.0656,18.388,0
86.936,-75.197,-86.776,11.579,7.168,0.02,27.004,0
44.2,-72.51,-92.853,20.343,14.895,0.2022,25.044,0
28.285,-72.648,-92.39,19.742,22.016,0.2343,26.791,0
117.362,-78.638,-89.29,10.652,14.39,0.02,42.025,0
77.006,-75.974,-97.822,21.848,17.552,0.02,27.441,0
82.791,-72.748,-91.816,19.068,1.53,0.02,19.88,0
144.985,-84.981,-95.839,10.858,19.596,0.02,44.948,0
144.719,-79.434,-93.03,13.596,11.715,0.02,32.702,0
129.068,-76.059,-94.052,17.993,10.012,0.02,27.529,0
32.203,-69.203,-94.233,25.03,10.747,0.2673,21.018,1
91.17,-73.523,-91.21,17.688,24.866,0.02,38.581,0
132.331,-79.52,-91.226,11.705,6.08,0.02,31.329,0
59.297,-79.489,-92.769,13.28,10.755,0.02,21.052,0
19.66,-68.628,-90.703,22.074,7.838,0.4168,11.858,1
122.59,-80.056,-95.04,14.984,4.082,0.02,19.404,0
74.856,-72.584,-89.614,17.031,2.277,0.1083,19.541,0
86.837,-73.145,-92.722,19.576,4.025,0.02,23.927,0
147.411,-79.094,-93.693,14.599,4.946,0.02,27.094,0
93.046,-76.058,-94.782,18.723,8.103,0.02,26.457,0
66.622,-70.76,-92.845,22.085,17.552,0.02,31.326,0
58.648,-75.409,-85.453,10.044,4.036,0.02,27.358,0
65.555,-74.075,-92.222,18.146,4.873,0.1291,21.954,0
22.168,-71.611,-96.005,24.395,24.526,0.3443,29.2,0
120.239,-81.866,-88.784,6.918,6.235,0.02,37.431,0
126.469,-84.598,-93.652,9.053,5.377,0.02,35.953,0
46.238,-67.676,-91.007,23.331,5.543,0.3515,19.764,1
49.051,-75.048,-94.12,19.072,9.444,0.1691,23.321,0
131.778,-80.12,-87.517,7.398,8.172,0.02,39.094,0
8.476,-58.389,-94.068,35.679,5.067,0.5984,15.099,1
80.466,-79.18,-87.107,7.928,6.517,0.02,28.261,0
72.233,-79.102,-95.672,16.57,15.213,0.02,25.486,0
105.068,-78.295,-93.025,14.73,10.35,0.02,31.972,0
28.692,-72.587,-87.1,14.513,20.659,0.0832,32.866,0
101.908,-81.185,-91.411,10.226,7.049,0.02,35.175,0
59.626,-73.437,-84.05,10.613,15.174,0.02,33.376,0
94.714,-79.939,-92.942,13.003,15.536,0.02,31.805,0
10.814,-60.913,-91.1,30.187,4.817,0.5829,12.949,1
71.95,-75.626,-85.332,9.706,11.338,0.02,37.656,0
80.726,-73.213,-97.299,24.086,8.964,0.02,22.044,0
36.077,-67.998,-97.732,29.734,1.626,0.3925,12.638,1
25.245,-69.319,-94.784,25.465,2.4,0.3508,15.728,1
32.329,-66.424,-89.153,22.729,9.705,0.2934,20.169,1
54.9,-73.424,-97.634,24.21,1.773,0.1753,14.116,0
19.037,-67.007,-89.91,22.904,1.374,0.5029,13.03,1
142.361,-82.918,-90.157,7.238,8.806,0.02,39.835,0
63.724,-79.871,-84.95,5.079,0.775,0.02,30.152,0
122.301,-79.741,-88.341,8.6,3.5,0.02,26.304,0
146.29,-79.025,-90.726,11.701,8.777,0.02,30.769,0
16.707,-69.009,-87.243,18.234,7.702,0.3719,16.018,1
99.492,-72.195,-90.114,17.919,7.698,0.02,28.213,0
131.354,-87.008,-93.61,6.602,12.872,0.02,44.068,0
96.964,-81.295,-96.006,14.711,16.716,0.02,33.015,0
67.209,-81.095,-93.993,12.898,17.884,0.02,34.383,0
67.506,-75.522,-92.14,16.618,25.952,0.02,37.078,0
10.205,-58.18,-91.387,33.208,0.898,0.8382,5.806,1
82.517,-76.187,-99.473,23.286,4.539,0.02,22.058,0
149.064,-83.514,-92.768,9.254,3.293,0.02,34.579,0
144.013,-87.245,-91.9,4.655,26.492,0.02,61.584,0
10.858,-61.422,-90.084,28.662,8.917,0.5192,14.325,1
107.341,-79.936,-86.306,6.37,7.996,0.02,41.828,0
48.756,-73.702,-91.35,17.648,5.954,0.132,17.16,0
135.933,-79.311,-95.183,15.873,5.698,0.02,30.298,0
11.542,-63.185,-98.363,35.179,5.67,0.8163,8.983,1
140.702,-84.652,-89.595,4.943,6.07,0.02,40.547,0
126.434,-82.559,-95.042,12.483,5.598,0.02,33.013,0
22.038,-73.723,-88.966,15.243,22.479,0.264,30.079,0
13.675,-70.658,-87.109,16.451,32.42,0.2123,32.407,0
126.033,-83.386,-97.404,14.019,31.158,0.02,47.619,0
27.585,-67.031,-90.061,23.031,1.552,0.4081,12.856,1
82.56,-71.927,-87.476,15.549,5.01,0.02,24.354,0
137.783,-82.499,-88.433,5.935,1.17,0.02,34.804,0
87.28,-80.332,-99.337,19.006,31.9,0.02,48.176,0
62.599,-77.14,-94.988,17.848,11.094,0.1342,25.232,0
69.527,-70.343,-96.481,26.138,14.893,0.02,27.327,0
14.152,-64.05,-90.168,26.118,7.511,0.4488,18.143,1
145.469,-81.71,-90.553,8.843,8.022,0.02,40.787,0
50.045,-74.022,-101.443,27.421,19.192,0.0705,29.559,0
32.458,-69.177,-93.053,23.876,8.852,0.2255,17.414,1
46.477,-73.458,-89.197,15.739,9.131,0.2361,16.823,0
144.834,-79.413,-91.482,12.069,14.024,0.02,40.254,0
18.671,-62.196,-91.488,29.292,12.86,0.4035,20.001,1
130.759,-76.65,-93.277,16.627,8.623,0.02,30.142,0
107.637,-77.941,-95.706,17.765,5.834,0.02,24.746,0
125.353,-73.152,-92.06,18.908,5.478,0.02,26.346,0
146.505,-80.638,-91.818,11.179,18.073,0.02,43.854,0
127.112,-82.633,-89.847,7.214,9.28,0.02,36.775,0
141.79,-78.969,-89.562,10.594,4.453,0.02,33.537,0
23.406,-69.591,-91.699,22.108,16.076,0.3643,26.904,1
120.389,-80.43,-88.168,7.737,8.502,0.02,43.671,0
84.123,-73.969,-93.312,19.343,1.486,0.02,16.265,0
83.807,-81.163,-97.054,15.891,4.685,0.02,17.979,0
135.344,-74.815,-90.33,15.515,8.524,0.02,26.287,0
145.912,-76.981,-91.558,14.577,1.873,0.02,24.744,0
107.202,-83.964,-90.261,6.297,10.7,0.02,42.541,0
75.026,-74.436,-96.426,21.99,12.08,0.02,28.602,0
71.179,-75.542,-85.732,10.19,17.089,0.02,41.154,0
61.02,-69.974,-89.513,19.54,9.928,0.0459,24.0,0
57.432,-67.773,-93.008,25.235,4.909,0.1966,15.163,0
61.768,-67.099,-95.274,28.175,1.541,0.2711,16.164,1
18.014,-65.033,-88.23,23.197,1.464,0.7797,5.871,1
16.228,-63.033,-95.856,32.823,7.375,0.5283,15.394,1
118.081,-79.887,-84.085,4.199,7.371,0.02,40.502,0
69.681,-70.731,-94.146,23.415,1.8,0.1001,17.738,0
139.949,-86.736,-85.978,-0.758,10.5,0.02,54.606,0
93.772,-80.378,-92.646,12.268,5.91,0.02,24.672,0
10.101,-61.904,-86.467,24.563,3.583,0.5701,10.46,1
27.841,-67.658,-94.572,26.914,2.731,0.5135,13.403,1
34.844,-72.524,-91.934,19.411,22.617,0.02,33.031,0
146.482,-74.902,-89.183,14.281,1.281,0.02,26.646,0
36.712,-76.17,-89.683,13.513,26.83,0.022,36.686,0
79.785,-78.88,-88.147,9.268,3.78,0.02,27.283,0
140.746,-85.06,-93.706,8.646,28.53,0.02,54.043,0
146.693,-80.624,-91.703,11.079,1.634,0.02,27.057,0
39.272,-69.907,-87.631,17.724,11.224,0.2192,17.196,0
12.122,-60.524,-94.468,33.944,19.728,0.3705,25.386,1
27.272,-66.489,-89.996,23.507,20.029,0.2023,31.951,0
14.183,-61.213,-92.767,31.554,11.182,0.5447,23.024,1
33.293,-71.89,-91.279,19.389,10.036,0.0854,21.781,0
87.443,-75.789,-91.704,15.915,2.101,0.02,21.149,0
137.305,-79.975,-94.759,14.784,16.148,0.02,38.591,0
82.897,-80.507,-92.912,12.405,18.411,0.02,36.925,0
95.768,-79.282,-91.493,12.211,8.668,0.02,23.193,0
34.271,-69.205,-92.36,23.155,9.765,0.3568,25.88,1
121.085,-88.239,-86.495,-1.744,35.0,0.02,74.532,0
94.579,-72.617,-88.465,15.848,2.33,0.02,19.024,0
130.3,-81.144,-90.985,9.841,11.422,0.02,42.185,0
142.582,-79.833,-94.671,14.838,15.865,0.02,37.163,0
55.446,-71.383,-94.884,23.501,1.427,0.2442,21.125,1
18.134,-60.508,-85.092,24.583,1.592,0.4502,9.169,1
37.76,-76.322,-95.535,19.213,4.442,0.3052,18.365,0
68.487,-70.36,-91.601,21.242,4.775,0.056,18.533,0
142.126,-75.377,-90.737,15.36,4.159,0.02,26.206,0
59.855,-72.393,-93.09,20.697,4.932,0.02,16.222,0
116.762,-76.34,-95.508,19.168,5.052,0.02,22.648,0
83.369,-74.476,-94.747,20.271,8.565,0.02,27.271,0
31.507,-71.23,-93.913,22.683,3.678,0.448,15.756,1
51.506,-72.384,-94.483,22.099,6.702,0.1928,20.24,0
99.713,-74.772,-87.353,12.581,8.229,0.02,24.683,0
102.564,-82.545,-92.032,9.487,5.95,0.02,27.32,0
68.04,-74.008,-93.833,19.825,11.404,0.0673,22.76,0
38.154,-73.208,-91.626,18.417,21.742,0.02,30.393,0
109.676,-75.024,-89.662,14.638,2.24,0.02,21.233,0
29.487,-71.827,-93.206,21.379,3.404,0.3294,14.803,1
140.817,-83.304,-88.843,5.539,14.39,0.02,50.834,0
32.246,-74.21,-96.449,22.239,10.349,0.4159,24.215,1
20.56,-72.088,-87.9,15.812,15.212,0.1965,24.233,0
77.159,-74.265,-92.031,17.766,13.717,0.02,25.947,0
80.335,-77.039,-92.168,15.129,4.885,0.02,22.254,0
78.688,-80.717,-94.426,13.709,22.894,0.02,38.742,0
68.317,-74.553,-96.297,21.744,23.28,0.02,36.95,0
149.248,-80.331,-97.833,17.502,3.509,0.02,29.098,0
75.511,-75.131,-94.67,19.539,20.787,0.02,33.29,0
74.302,-81.362,-89.943,8.581,22.309,0.02,48.136,0
66.156,-79.571,-95.364,15.793,27.935,0.02,36.195,0
14.69,-67.99,-97.42,29.429,13.922,0.4263,23.82,1
90.979,-74.792,-95.182,20.39,6.379,0.02,21.212,0
38.055,-70.645,-93.347,22.702,4.605,0.2966,16.511,1
97.453,-74.72,-93.209,18.489,6.38,0.02,24.31,0
12.371,-61.354,-92.451,31.097,2.588,0.5967,10.689,1
147.301,-86.663,-88.386,1.723,11.587,0.02,50.143,0
73.006,-75.888,-87.628,11.74,7.328,0.02,24.337,0
135.03,-82.933,-84.981,2.048,2.118,0.02,42.26,0
73.956,-73.62,-97.687,24.067,4.696,0.02,21.208,0
13.748,-64.286,-94.996,30.709,19.618,0.3825,31.582,1
124.221,-77.697,-89.555,11.859,11.749,0.02,34.754,0
98.987,-76.961,-93.589,16.628,4.233,0.02,17.87,0
118.355,-87.373,-88.987,1.615,27.445,0.02,64.456,0
67.085,-74.534,-91.275,16.741,10.602,0.02,19.902,0
97.501,-74.994,-86.473,11.478,2.876,0.02,29.273,0
129.153,-79.423,-88.35,8.927,6.408,0.02,37.08,0
96.504,-75.706,-88.286,12.58,1.968,0.02,20.288,0
55.413,-81.952,-93.442,11.49,22.868,0.0537,35.073,0
101.067,-78.806,-92.341,13.535,15.572,0.02,32.018,0
102.419,-77.187,-93.068,15.881,4.399,0.02,23.529,0
144.285,-82.219,-97.271,15.052,1.084,0.02,21.481,0
58.782,-73.618,-86.849,13.231,15.39,0.0744,32.064,0
66.637,-76.547,-89.391,12.844,10.344,0.02,29.337,0
122.758,-80.658,-93.208,12.549,20.523,0.02,40.748,0
78.336,-72.788,-87.434,14.646,0.661,0.02,19.133,0
111.803,-78.47,-94.206,15.737,14.322,0.02,35.09,0
71.658,-79.121,-98.433,19.313,7.988,0.02,23.769,0
36.247,-76.917,-88.474,11.557,35.0,0.02,49.308,0
113.055,-70.812,-96.475,25.663,2.655,0.02,20.289,0
24.017,-65.038,-92.685,27.647,16.598,0.2812,30.416,1
33.795,-68.691,-91.279,22.587,14.584,0.1899,22.051,0
95.89,-75.118,-90.651,15.533,2.081,0.02,18.355,0
113.354,-80.98,-89.031,8.051,6.641,0.02,37.388,0
134.73,-81.006,-89.967,8.961,13.156,0.02,40.828,0
44.525,-72.345,-90.075,17.73,4.417,0.1045,15.678,0
21.055,-66.152,-94.768,28.616,4.536,0.5185,10.785,1
143.627,-86.273,-90.97,4.697,18.005,0.02,51.818,0
27.391,-69.964,-97.269,27.306,30.044,0.1942,43.815,0
33.662,-79.691,-86.533,6.841,16.906,0.1774,37.105,0
47.243,-68.489,-96.909,28.42,2.272,0.3577,17.967,1
81.762,-71.832,-93.213,21.381,0.217,0.02,15.124,0
133.01,-71.429,-96.616,25.187,3.053,0.02,21.385,0
115.279,-80.398,-94.556,14.158,14.219,0.02,31.555,0
107.683,-80.991,-91.953,10.962,15.502,0.02,40.186,0
30.401,-68.404,-93.851,25.447,6.111,0.4669,11.084,1
56.864,-70.816,-87.995,17.18,3.006,0.2787,20.653,0
74.369,-75.348,-91.206,15.858,6.594,0.0898,22.565,0
26.377,-70.383,-93.62,23.237,1.39,0.5356,10.954,1
44.647,-70.714,-92.468,21.753,10.884,0.2326,20.276,0
49.708,-72.953,-87.731,14.778,9.957,0.1238,20.938,0
23.455,-69.327,-88.819,19.492,2.812,0.5457,15.753,1
84.785,-82.969,-95.986,13.017,17.123,0.02,30.721,0
107.229,-70.665,-94.382,23.717,8.853,0.02,26.553,0
15.14,-61.017,-90.338,29.321,4.073,0.5918,16.002,1
74.763,-74.362,-90.763,16.402,11.221,0.02,20.51,0
118.421,-84.294,-95.676,11.382,34.789,0.02,54.647,0
113.459,-74.924,-89.378,14.454,1.5,0.02,17.677,0
123.186,-87.422,-95.118,7.696,35.0,0.02,58.822,0
69.995,-74.493,-87.437,12.943,8.769,0.0856,26.312,0
123.981,-79.24,-90.147,10.907,13.293,0.02,39.715,0
39.909,-75.328,-95.962,20.634,14.059,0.1282,23.619,0
57.318,-73.101,-93.852,20.751,4.194,0.2537,13.758,0
30.572,-70.019,-93.913,23.894,5.994,0.3935,14.288,1
72.785,-80.308,-91.44,11.133,22.033,0.02,41.514,0
61.849,-79.076,-92.714,13.638,24.91,0.02,38.422,0
39.934,-76.028,-96.009,19.981,7.348,0.3091,15.656,0
114.008,-79.714,-96.88,17.166,30.873,0.02,45.967,0
50.508,-67.986,-90.078,22.092,8.014,0.1027,22.213,0
44.557,-76.159,-90.998,14.839,15.905,0.0572,27.498,0
23.979,-63.468,-91.631,28.162,4.522,0.4656,11.854,1
68.629,-76.323,-91.052,14.729,15.133,0.02,29.501,0
48.93,-72.25,-94.166,21.916,6.851,0.3101,17.654,0
58.545,-82.982,-91.356,8.374,35.0,0.02,53.016,0
39.22,-73.333,-83.115,9.782,11.736,0.3166,30.119,0
115.658,-80.92,-87.889,6.969,28.456,0.02,53.674,0
139.85,-83.111,-93.009,9.898,10.19,0.02,37.198,0
77.2,-78.023,-93.832,15.809,8.896,0.02,26.344,0
98.235,-79.215,-102.012,22.796,9.99,0.02,32.989,0
130.74,-94.587,-88.26,-6.327,33.43,0.02,76.736,0
149.83,-78.792,-89.247,10.454,5.756,0.02,32.332,0
93.96,-80.473,-93.903,13.431,35.0,0.02,53.919,0
134.018,-80.318,-97.011,16.693,17.802,0.02,34.285,0
136.748,-81.615,-96.043,14.428,32.262,0.02,51.191,0
119.76,-79.009,-90.445,11.436,3.035,0.02,32.19,0
71.835,-71.21,-92.313,21.102,15.63,0.02,27.431,0
16.767,-70.48,-89.579,19.099,22.69,0.2734,29.469,0
7.292,-62.921,-91.697,28.776,23.13,0.4854,26.327,1
74.194,-77.835,-88.616,10.781,15.616,0.02,37.097,0
76.676,-74.693,-90.706,16.013,6.405,0.02,16.96,0
64.068,-74.651,-89.099,14.449,6.046,0.1038,18.892,0
87.384,-76.333,-99.314,22.981,5.724,0.02,18.646,0
85.064,-78.969,-96.32,17.351,11.206,0.02,25.789,0
126.309,-80.726,-93.275,12.55,9.854,0.02,37.569,0
20.755,-72.922,-88.222,15.3,6.642,0.3878,17.019,0
37.651,-68.138,-85.418,17.28,7.583,0.3124,19.187,0
119.986,-81.947,-92.575,10.627,8.995,0.02,34.954,0
127.936,-79.174,-94.141,14.967,0.868,0.02,21.564,0
149.25,-83.164,-98.842,15.679,6.927,0.02,32.369,0
131.572,-77.089,-88.978,11.889,5.373,0.02,32.284,0
134.035,-80.06,-93.926,13.865,2.891,0.02,22.341,0
50.58,-79.027,-81.646,2.619,3.084,0.0408,35.604,0
63.241,-73.155,-94.588,21.433,6.826,0.0339,21.055,0
43.872,-74.652,-84.632,9.98,11.593,0.0413,30.987,0
92.913,-77.804,-89.381,11.577,12.142,0.02,27.989,0
141.127,-78.4,-95.599,17.199,13.434,0.02,34.205,0
54.973,-77.053,-91.187,14.135,12.155,0.02,25.301,0
85.765,-76.086,-89.3,13.214,5.922,0.02,22.675,0
47.963,-73.64,-92.788,19.148,3.07,0.2787,18.242,0
29.621,-65.17,-89.067,23.897,3.841,0.3306,10.33,1
33.302,-69.575,-89.144,19.569,8.182,0.354,26.261,0
13.402,-63.912,-89.913,26.001,9.956,0.4128,15.507,1
142.648,-85.315,-92.058,6.743,16.536,0.02,49.882,0
63.418,-75.056,-96.112,21.056,23.275,0.02,35.825,0
125.948,-76.043,-92.269,16.226,6.275,0.02,29.163,0
103.793,-80.419,-91.384,10.965,10.227,0.02,37.411,0
32.829,-70.395,-98.566,28.171,13.902,0.3516,22.707,1
30.442,-67.592,-91.408,23.816,9.018,0.2893,19.6,1
122.738,-71.376,-92.339,20.962,3.951,0.02,22.762,0
43.383,-69.762,-96.538,26.776,4.609,0.3552,14.069,1
137.426,-81.525,-93.166,11.641,17.488,0.02,42.27,0
25.308,-68.067,-93.091,25.025,6.656,0.46,16.453,1
103.268,-77.774,-85.245,7.471,7.225,0.02,35.398,0
123.099,-75.114,-91.23,16.115,0.779,0.02,20.065,0
39.112,-76.086,-88.374,12.288,20.73,0.02,35.215,0
45.05,-70.319,-92.412,22.093,14.209,0.1814,27.247,0
144.855,-83.453,-98.559,15.106,2.188,0.02,21.44,0
43.367,-70.6,-89.647,19.047,12.94,0.2656,25.524,0
67.344,-72.958,-94.304,21.345,13.617,0.02,30.894,0
67.715,-76.333,-93.175,16.842,28.219,0.02,36.979,0
41.69,-69.776,-95.685,25.909,4.251,0.2935,16.382,1
117.49,-78.232,-91.745,13.513,12.403,0.02,34.13,0
116.918,-79.208,-88.272,9.064,5.525,0.02,34.934,0
59.856,-76.684,-88.735,12.051,5.294,0.02,25.12,0
126.093,-81.62,-86.448,4.829,24.706,0.02,60.095,0
35.896,-72.007,-85.952,13.945,17.585,0.0918,29.233,0
5.624,-53.493,-99.161,45.667,2.233,0.888,8.079,1
87.819,-75.715,-96.178,20.463,1.884,0.02,17.582,0
149.141,-80.778,-98.329,17.551,13.303,0.02,38.495,0
10.603,-60.912,-89.788,28.877,7.751,0.5352,13.837,1
35.16,-67.587,-94.426,26.839,3.755,0.3293,16.192,1
80.243,-74.139,-93.712,19.573,13.49,0.02,30.278,0
122.441,-82.534,-92.758,10.224,12.247,0.02,39.483,0
17.911,-63.532,-90.661,27.129,8.851,0.5049,20.081,1
62.309,-74.978,-97.199,22.221,9.534,0.1186,22.732,0
113.326,-75.566,-96.406,20.84,4.042,0.02,22.717,0
58.874,-70.135,-91.995,21.861,12.174,0.02,29.384,0
32.381,-80.574,-87.804,7.231,31.338,0.02,55.25,0
33.347,-65.084,-92.089,27.005,2.712,0.4928,17.391,1
64.457,-76.553,-94.771,18.218,17.167,0.02,31.269,0
74.515,-76.998,-99.519,22.521,3.295,0.0253,16.977,0
129.963,-81.95,-88.666,6.716,14.998,0.02,46.434,0
98.127,-80.297,-94.576,14.279,7.588,0.02,25.328,0
105.108,-77.695,-96.016,18.321,15.276,0.02,35.011,0
147.533,-82.2,-98.004,15.803,2.886,0.02,26.326,0
64.717,-71.146,-97.037,25.89,9.833,0.0684,24.781,0
63.486,-73.847,-95.364,21.518,16.314,0.1118,28.948,0
138.885,-79.443,-92.836,13.393,10.127,0.02,27.016,0
40.652,-78.492,-96.231,17.739,14.109,0.02,28.044,0
110.823,-81.692,-91.35,9.658,5.97,0.02,31.773,0
114.413,-79.868,-92.863,12.995,14.376,0.02,37.607,0
19.179,-69.323,-84.223,14.9,24.523,0.2058,31.283,0
72.894,-71.98,-97.966,25.986,5.898,0.1466,24.653,0
34.082,-79.863,-91.435,11.572,13.944,0.2498,27.42,0
31.879,-71.07,-91.391,20.321,4.601,0.3133,15.151,1
72.255,-76.311,-95.607,19.296,26.321,0.02,38.954,0
46.967,-72.028,-91.667,19.638,2.256,0.2933,10.957,0
120.429,-80.861,-89.306,8.445,11.756,0.02,40.826,0
136.603,-84.626,-91.662,7.036,9.03,0.02,43.005,0
121.394,-75.176,-87.154,11.978,5.94,0.02,30.765,0
43.574,-72.652,-99.622,26.97,5.765,0.3914,23.34,1
44.749,-68.632,-94.948,26.316,8.42,0.2102,17.825,1
41.936,-70.138,-86.837,16.699,23.789,0.0267,29.292,0
24.581,-64.246,-88.808,24.562,10.655,0.3704,17.07,1
141.851,-78.601,-90.108,11.507,1.291,0.02,28.448,0
63.297,-74.461,-87.684,13.222,1.851,0.1437,21.482,0
37.58,-72.796,-98.708,25.911,10.619,0.4051,21.751,1
127.767,-75.312,-89.215,13.903,18.491,0.02,37.721,0
62.883,-74.062,-88.275,14.213,4.166,0.02,22.882,0
10.092,-58.752,-94.305,35.554,10.156,0.6045,17.86,1
28.482,-69.38,-82.798,13.418,18.689,0.129,26.449,0
97.691,-79.167,-91.313,12.145,11.393,0.02,34.517,0
118.521,-79.638,-99.675,20.037,9.407,0.02,29.932,0
35.585,-66.426,-90.666,24.239,6.699,0.2681,18.182,1
138.022,-79.483,-94.52,15.036,7.607,0.02,32.703,0
128.395,-81.811,-87.923,6.112,14.479,0.02,46.053,0
128.015,-83.113,-90.082,6.969,15.798,0.02,46.963,0
38.011,-71.252,-94.093,22.84,15.588,0.2268,23.391,0
12.328,-63.772,-86.741,22.97,4.758,0.5011,11.756,1
130.776,-75.984,-88.712,12.728,0.421,0.02,23.453,0
49.341,-64.49,-94.898,30.408,6.073,0.2692,20.133,1
94.743,-77.266,-92.532,15.266,16.895,0.02,30.99,0
115.195,-76.893,-90.191,13.298,27.528,0.02,46.436,0
23.603,-68.629,-93.275,24.645,3.506,0.3828,12.958,1
118.222,-77.712,-93.17,15.458,13.923,0.02,32.222,0
141.084,-75.452,-91.871,16.419,5.055,0.02,24.747,0
110.614,-76.904,-95.73,18.827,22.628,0.02,38.909,0
68.977,-72.739,-99.815,27.076,16.703,0.02,27.049,0
132.118,-79.936,-91.163,11.227,11.168,0.02,36.446,0
81.481,-74.084,-98.961,24.877,11.801,0.02,26.699,0
112.992,-83.915,-95.476,11.561,20.984,0.02,43.181,0
123.973,-72.775,-98.201,25.426,1.432,0.02,23.084,0
113.656,-81.188,-97.77,16.581,8.13,0.02,31.206,0
46.739,-67.382,-90.508,23.126,3.064,0.2729,11.285,1
22.087,-64.522,-92.778,28.256,11.648,0.59,19.764,1
39.559,-68.245,-92.904,24.659,9.921,0.2378,18.602,1
77.917,-70.116,-96.606,26.49,11.151,0.0285,26.606,0
78.265,-71.481,-94.295,22.814,2.626,0.02,19.959,0
89.483,-82.747,-90.682,7.935,18.616,0.02,40.56,0
62.29,-73.762,-92.182,18.42,15.022,0.02,28.544,0
119.099,-83.882,-89.121,5.238,5.917,0.02,41.065,0
137.407,-81.473,-88.622,7.149,15.875,0.02,48.082,0
40.775,-70.996,-92.883,21.887,0.73,0.2637,11.891,1
111.796,-75.309,-98.483,23.174,3.156,0.02,23.71,0
103.306,-80.188,-94.648,14.461,8.381,0.02,25.991,0
80.848,-78.079,-92.342,14.263,6.803,0.02,25.503,0
32.337,-70.843,-94.718,23.875,21.875,0.367,31.803,0
120.309,-76.435,-95.691,19.256,14.292,0.02,32.423,0
144.291,-83.384,-91.756,8.372,25.14,0.02,51.19,0
109.666,-69.927,-83.494,13.567,2.193,0.02,22.99,0
138.09,-80.439,-93.709,13.27,6.751,0.02,27.629,0
147.707,-77.085,-92.01,14.925,2.987,0.02,22.847,0
56.047,-73.011,-96.592,23.581,11.208,0.02,22.822,0
97.542,-77.112,-87.648,10.536,2.2,0.02,25.794,0
73.72,-71.783,-88.938,17.156,10.095,0.02,21.472,0
148.061,-82.116,-89.18,7.064,4.509,0.02,37.563,0
18.602,-73.562,-87.241,13.679,16.025,0.2615,25.538,0
64.794,-74.87,-93.496,18.626,8.451,0.02,20.586,0
131.953,-78.869,-93.058,14.19,1.776,0.02,23.286,0
46.187,-70.834,-86.015,15.181,17.869,0.02,30.312,0
119.23,-84.403,-89.785,5.383,18.075,0.02,48.686,0
60.504,-73.833,-99.767,25.935,15.394,0.02,29.359,0
147.097,-78.455,-90.408,11.953,5.824,0.02,32.017,0
133.112,-79.473,-94.036,14.563,13.188,0.02,36.339,0
48.691,-71.527,-88.856,17.33,19.216,0.0205,32.193,0
116.678,-78.516,-90.571,12.055,7.789,0.02,30.27,0
53.844,-72.974,-98.092,25.118,8.079,0.115,18.953,0
92.923,-75.826,-91.059,15.233,9.352,0.02,26.921,0
100.48,-79.267,-91.263,11.996,15.557,0.02,34.944,0
125.291,-83.526,-90.728,7.202,10.414,0.02,36.901,0
8.545,-62.727,-89.986,27.258,13.859,0.5222,23.166,1
36.923,-71.166,-86.764,15.598,7.478,0.3874,16.892,0
108.228,-79.519,-90.551,11.032,7.331,0.02,25.8,0
86.711,-78.62,-91.92,13.299,14.226,0.02,31.664,0
76.863,-74.482,-87.982,13.5,5.166,0.02,24.776,0
13.005,-63.176,-84.15,20.974,3.559,0.396,11.03,1
55.5,-70.156,-88.797,18.642,4.961,0.1216,17.145,0
130.44,-76.468,-91.278,14.81,7.071,0.02,28.92,0
9.479,-68.357,-90.486,22.129,8.881,0.4912,15.803,1
62.483,-78.018,-91.104,13.086,5.85,0.0404,21.934,0
142.047,-86.751,-91.935,5.184,6.407,0.02,43.95,0
12.378,-64.437,-84.422,19.985,11.583,0.4133,21.356,1
113.707,-78.61,-94.622,16.011,4.465,0.02,23.955,0
42.354,-72.435,-87.958,15.523,15.206,0.1196,21.753,0
130.658,-75.942,-92.44,16.499,3.973,0.02,26.102,0
113.18,-78.546,-97.181,18.636,8.704,0.02,26.164,0
133.427,-81.283,-92.659,11.376,8.272,0.02,35.086,0
36.309,-73.144,-93.914,20.77,21.77,0.1113,27.431,0
82.037,-77.436,-89.978,12.542,7.569,0.02,28.801,0
117.994,-84.746,-91.68,6.934,16.74,0.02,44.056,0
40.626,-69.534,-95.577,26.043,14.25,0.3566,25.965,1
38.458,-69.012,-86.851,17.839,5.549,0.2819,19.173,0
8.941,-58.792,-88.185,29.393,20.498,0.5671,28.319,1
143.985,-83.217,-86.449,3.231,5.784,0.02,45.045,0
107.952,-82.563,-91.171,8.608,6.853,0.02,34.133,0
97.156,-80.876,-92.125,11.249,12.263,0.02,30.955,0
112.879,-76.728,-89.538,12.809,6.333,0.02,31.369,0
82.084,-72.32,-94.021,21.701,2.262,0.02,20.983,0
74.039,-74.258,-91.545,17.287,6.945,0.02,20.698,0
70.182,-74.296,-92.615,18.319,6.852,0.02,12.615,0
97.864,-73.853,-97.114,23.26,3.752,0.02,23.68,0
34.223,-71.469,-91.554,20.085,8.625,0.1564,14.633,0
133.769,-76.423,-93.543,17.12,8.773,0.02,30.603,0
122.704,-73.611,-92.849,19.238,11.639,0.02,28.924,0
55.687,-75.568,-90.727,15.159,3.154,0.1699,17.608,0
88.898,-76.428,-87.546,11.118,3.337,0.02,22.81,0
25.449,-73.588,-94.971,21.383,15.555,0.2162,24.558,0
145.99,-82.119,-93.178,11.059,3.888,0.02,27.349,0
135.919,-78.89,-94.678,15.788,10.594,0.02,31.165,0
138.675,-84.615,-94.906,10.291,7.346,0.02,35.06,0
53.164,-74.705,-94.081,19.376,4.701,0.2682,19.342,0
29.525,-68.495,-92.688,24.193,21.581,0.305,29.179,0
35.707,-69.765,-89.949,20.185,8.874,0.208,20.265,0
18.05,-62.68,-90.878,28.198,5.32,0.5235,13.602,1
22.416,-69.672,-95.699,26.027,1.828,0.4467,13.021,1
15.339,-65.298,-87.47,22.172,13.561,0.3673,22.716,1
148.524,-73.676,-88.695,15.018,3.856,0.02,28.522,0
15.738,-69.022,-95.154,26.132,20.341,0.4304,24.949,1
24.219,-69.056,-87.716,18.66,8.145,0.408,17.523,1
124.952,-82.619,-90.856,8.236,35.0,0.02,62.174,0
89.135,-79.086,-92.548,13.462,6.845,0.02,29.775,0
117.29,-75.517,-90.747,15.23,3.72,0.02,28.034,0
96.482,-82.759,-92.09,9.331,9.006,0.02,30.291,0
132.915,-86.099,-90.092,3.993,5.143,0.02,39.793,0
97.578,-74.896,-91.344,16.449,0.965,0.02,12.379,0
80.708,-80.468,-93.181,12.713,16.007,0.02,39.17,0
108.349,-80.229,-99.09,18.861,10.79,0.02,29.34,0
69.872,-71.568,-90.155,18.587,4.364,0.0428,20.367,0
55.179,-70.436,-93.308,22.871,3.121,0.2777,15.536,0
72.81,-77.99,-89.277,11.287,3.483,0.02,23.604,0
29.609,-67.531,-90.314,22.783,8.656,0.5322,21.575,1
120.503,-84.014,-93.217,9.203,30.005,0.02,52.556,0
42.802,-70.119,-88.42,18.301,7.251,0.1819,15.983,0
27.262,-67.191,-91.283,24.092,1.725,0.4572,11.677,1
40.721,-74.848,-91.427,16.579,3.82,0.311,15.535,0
127.1,-81.516,-92.483,10.967,9.469,0.02,36.267,0
52.879,-79.519,-86.108,6.589,4.466,0.1681,29.132,0
104.477,-76.088,-94.496,18.408,2.614,0.02,18.688,0
129.179,-77.893,-93.129,15.236,7.441,0.02,26.663,0
16.273,-66.075,-96.331,30.256,3.807,0.4612,13.496,1
115.929,-79.168,-89.456,10.288,9.887,0.02,36.739,0
49.611,-75.885,-94.038,18.152,10.087,0.1265,24.538,0
36.41,-67.516,-93.645,26.129,12.447,0.3242,22.157,1
104.891,-82.809,-93.809,11.0,14.014,0.02,34.933,0
136.921,-79.785,-91.78,11.996,4.258,0.02,27.485,0
47.778,-77.741,-96.378,18.637,15.81,0.0915,29.923,0
87.481,-75.436,-99.851,24.415,6.269,0.02,21.3,0
47.026,-67.713,-90.398,22.685,1.269,0.48,11.936,1
85.371,-83.858,-99.397,15.539,14.563,0.02,30.062,0
95.17,-77.783,-89.011,11.227,21.365,0.02,46.063,0
93.499,-71.875,-86.545,14.67,7.102,0.02,21.893,0
95.414,-78.386,-92.575,14.189,16.411,0.02,34.925,0
24.587,-69.598,-87.452,17.854,7.528,0.3026,16.097,0
105.563,-77.349,-92.085,14.736,5.209,0.02,23.891,0
102.839,-79.172,-86.403,7.23,7.623,0.02,38.05,0
103.975,-71.847,-93.597,21.75,8.264,0.02,28.875,0
15.74,-62.363,-100.277,37.914,9.499,0.5423,16.799,1
69.792,-71.922,-92.28,20.358,6.53,0.02,22.732,0
64.31,-69.109,-86.022,16.913,14.127,0.02,27.739,0
17.573,-62.097,-90.128,28.031,11.982,0.4989,21.548,1
37.243,-70.013,-93.804,23.791,3.477,0.4398,17.943,1
68.94,-74.264,-90.849,16.584,5.543,0.02,18.106,0
112.721,-72.288,-88.601,16.313,13.592,0.02,33.443,0
39.374,-73.037,-92.3,19.263,7.396,0.3565,18.986,0
125.314,-78.797,-82.808,4.011,4.488,0.02,42.915,0
84.141,-79.096,-93.811,14.715,7.202,0.02,24.319,0
115.261,-82.686,-88.491,5.805,2.142,0.02,33.949,0
73.521,-80.204,-89.333,9.129,19.43,0.02,43.236,0
77.383,-78.312,-94.449,16.138,8.483,0.1194,21.953,0
94.859,-78.352,-93.486,15.134,5.134,0.02,21.106,0
139.556,-76.703,-88.437,11.733,2.039,0.02,26.487,0
76.313,-79.178,-91.493,12.315,26.02,0.02,41.241,0
81.655,-71.745,-90.817,19.072,1.85,0.02,10.993,0
92.29,-77.027,-97.726,20.699,11.107,0.02,25.948,0
111.94,-77.375,-89.704,12.329,6.559,0.02,28.653,0
15.418,-65.14,-90.994,25.855,7.203,0.4529,17.926,1
79.775,-69.98,-92.224,22.243,7.875,0.02,20.763,0
74.831,-76.137,-90.737,14.6,5.326,0.02,19.586,0
138.644,-77.0,-93.432,16.433,8.314,0.02,28.906,0
76.558,-79.361,-94.072,14.711,9.27,0.02,26.317,0
72.906,-76.948,-92.847,15.898,12.986,0.02,27.428,0
144.519,-74.754,-93.625,18.871,12.008,0.02,34.195,0
70.334,-72.022,-84.368,12.347,3.528,0.0601,24.129,0
31.228,-72.764,-88.808,16.045,4.178,0.3299,16.14,0
36.453,-75.069,-95.39,20.321,15.846,0.3677,24.4,0
18.802,-60.575,-84.873,24.298,5.886,0.5425,19.454,1
5.082,-56.977,-93.515,36.538,10.641,0.8332,13.331,1
67.632,-77.557,-91.897,14.34,18.16,0.02,34.276,0
116.54,-80.953,-88.859,7.906,8.679,0.02,38.496,0
111.353,-78.194,-98.895,20.701,3.391,0.02,25.298,0
9.662,-56.026,-92.83,36.804,3.452,0.684,11.49,1
87.648,-78.306,-94.007,15.7,6.529,0.02,21.4,0
27.371,-69.929,-91.282,21.354,6.548,0.3758,13.875,1
141.456,-77.015,-90.705,13.69,2.937,0.02,23.965,0
29.268,-71.194,-92.27,21.076,3.981,0.385,14.092,1
95.863,-80.751,-92.433,11.682,12.117,0.02,31.033,0
52.305,-74.502,-88.272,13.77,16.039,0.0205,27.609,0
98.026,-76.789,-90.945,14.155,6.028,0.02,21.76,0
64.777,-75.264,-91.855,16.591,0.185,0.0382,17.229,0
115.148,-77.663,-91.482,13.82,11.429,0.02,29.647,0
38.448,-68.829,-85.574,16.746,1.553,0.3022,14.247,0
136.34,-84.348,-91.396,7.048,2.283,0.02,34.506,0
77.53,-73.123,-93.801,20.678,7.082,0.02,22.994,0
114.634,-82.233,-98.681,16.449,18.793,0.02,35.722,0
128.211,-77.809,-97.019,19.21,13.419,0.02,34.835,0
149.83,-74.88,-93.635,18.754,12.467,0.02,35.737,0
37.472,-70.625,-92.379,21.754,7.141,0.4273,21.198,1
46.599,-72.985,-93.945,20.96,2.7,0.274,13.437,0
41.313,-68.926,-90.771,21.845,16.945,0.2145,25.265,0
43.116,-73.045,-93.99,20.945,2.786,0.3483,13.847,1
89.454,-71.453,-95.201,23.748,10.44,0.02,26.625,0
149.061,-81.802,-89.856,8.054,9.104,0.02,42.141,0
148.59,-80.94,-87.207,6.267,2.456,0.02,35.729,0
81.382,-67.587,-95.875,28.288,1.497,0.02,17.985,0
97.659,-77.053,-91.147,14.094,12.451,0.02,29.783,0
129.696,-74.39,-98.668,24.277,8.165,0.02,27.652,0
140.275,-81.621,-97.161,15.54,16.869,0.02,37.188,0
34.56,-70.744,-94.061,23.317,10.089,0.4667,24.289,1
81.639,-85.023,-88.028,3.005,9.204,0.02,43.218,0
125.761,-74.573,-94.725,20.152,0.997,0.02,24.096,0
48.964,-71.499,-94.856,23.357,9.003,0.2327,21.905,0
68.772,-75.053,-91.874,16.821,7.512,0.02,26.041,0
147.915,-78.799,-91.87,13.071,10.19,0.02,36.887,0
147.832,-79.922,-94.748,14.826,7.518,0.02,26.229,0
136.385,-82.276,-85.048,2.772,7.366,0.02,47.206,0
120.775,-77.443,-92.929,15.486,7.013,0.02,27.235,0
44.024,-71.626,-91.602,19.976,4.694,0.2074,18.182,0
51.523,-71.453,-93.406,21.953,12.338,0.1065,20.506,0
84.356,-82.475,-90.46,7.985,35.0,0.02,54.097,0
86.313,-76.722,-87.678,10.955,2.613,0.02,24.407,0
78.298,-76.473,-86.177,9.704,3.619,0.0522,22.112,0
97.317,-80.74,-94.668,13.928,12.302,0.02,32.063,0
64.207,-75.58,-88.147,12.567,6.373,0.1473,23.932,0
113.63,-76.49,-90.076,13.586,5.408,0.02,31.08,0
53.365,-74.003,-88.589,14.586,1.507,0.1004,16.208,0
52.948,-75.689,-92.322,16.633,3.823,0.164,18.47,0
23.448,-64.026,-92.655,28.629,3.28,0.5775,14.744,1
32.363,-68.711,-88.725,20.014,1.598,0.443,12.871,1
128.326,-78.323,-88.659,10.336,15.385,0.02,41.503,0
69.711,-75.708,-86.52,10.812,8.69,0.02,28.514,0
38.041,-77.816,-91.305,13.489,35.0,0.02,39.453,0
115.104,-83.902,-92.374,8.472,9.394,0.02,39.91,0
85.327,-78.671,-100.609,21.939,2.835,0.02,21.915,0
8.068,-62.952,-97.639,34.687,10.051,0.7829,20.012,1
50.872,-72.605,-93.38,20.775,11.637,0.1007,23.782,0
30.665,-68.935,-95.854,26.919,5.024,0.2925,15.25,1
100.102,-81.176,-89.151,7.975,11.379,0.02,35.251,0
44.88,-80.827,-96.585,15.758,11.179,0.2021,19.418,0
14.417,-61.777,-93.755,31.977,4.033,0.5705,11.587,1
12.966,-61.57,-93.617,32.047,12.906,0.5592,21.42,1
89.35,-74.089,-87.783,13.695,9.744,0.02,28.465,0
8.15,-62.907,-94.129,31.222,8.087,0.6043,14.806,1
128.075,-76.198,-90.417,14.219,8.712,0.02,26.483,0
27.533,-65.717,-91.315,25.598,2.807,0.4027,11.613,1
92.952,-77.607,-88.838,11.232,19.909,0.02,40.19,0
69.48,-76.374,-89.024,12.65,6.297,0.0625,20.0,0
69.213,-74.819,-92.117,17.298,5.805,0.0624,20.603,0
15.411,-59.393,-97.937,38.544,10.332,0.7723,22.87,1
121.399,-78.759,-92.811,14.052,33.136,0.02,49.281,0
134.493,-80.677,-92.07,11.393,13.283,0.02,43.752,0
6.597,-57.628,-90.999,33.371,6.381,0.6392,12.641,1
30.898,-76.288,-94.581,18.293,10.24,0.3401,19.749,0
136.066,-76.383,-88.007,11.624,10.193,0.02,36.716,0
84.677,-74.032,-91.952,17.92,8.042,0.02,23.59,0
26.756,-66.205,-95.222,29.016,2.928,0.3814,9.072,1
34.405,-72.923,-93.604,20.68,13.569,0.3057,24.278,0
100.698,-76.765,-85.25,8.485,5.497,0.02,32.332,0
110.098,-72.954,-89.675,16.721,4.33,0.02,22.25,0
91.917,-75.339,-88.33,12.992,5.968,0.02,25.553,0
143.207,-73.64,-95.646,22.005,16.117,0.02,37.932,0
76.639,-72.614,-94.411,21.797,5.403,0.1122,18.31,0
48.539,-75.036,-94.385,19.349,7.43,0.0667,20.88,0
74.199,-80.535,-91.355,10.819,27.801,0.02,44.771,0
57.152,-75.195,-92.609,17.414,5.685,0.1624,22.67,0
37.54,-67.88,-93.713,25.833,7.222,0.3351,20.854,1
11.665,-59.015,-93.274,34.259,7.948,0.7347,13.829,1
56.071,-67.776,-94.779,27.003,5.642,0.1713,21.759,1
108.154,-78.789,-92.629,13.841,7.153,0.02,27.895,0
7.673,-58.307,-88.104,29.796,8.675,0.5471,17.9,1
68.681,-70.451,-97.296,26.845,5.431,0.1343,19.303,0
98.381,-71.337,-90.787,19.45,1.417,0.02,18.256,0
93.509,-79.475,-87.17,7.695,2.166,0.02,28.852,0
117.614,-76.629,-92.641,16.012,7.728,0.02,24.334,0
122.525,-85.172,-93.851,8.679,21.826,0.02,44.069,0
108.197,-79.426,-88.765,9.339,6.286,0.02,30.808,0
19.906,-70.444,-95.445,25.001,9.615,0.3824,17.038,1
73.878,-78.963,-92.079,13.116,16.938,0.02,30.544,0
92.494,-81.878,-95.639,13.762,11.273,0.02,30.584,0
40.607,-74.68,-98.545,23.865,7.9,0.3413,19.781,1
11.17,-64.748,-92.532,27.784,7.244,0.4887,14.155,1
37.421,-68.993,-96.422,27.429,4.579,0.5071,15.084,1
70.96,-75.994,-92.041,16.047,13.316,0.02,27.638,0
65.02,-81.009,-88.097,7.089,16.256,0.02,38.391,0
30.617,-59.384,-85.51,26.126,0.081,0.481,5.0,1
124.54,-81.484,-91.673,10.189,13.383,0.02,42.225,0
139.225,-84.455,-88.433,3.978,11.757,0.02,47.649,0
34.196,-67.803,-90.604,22.8,5.955,0.3561,17.454,1
139.788,-79.076,-93.341,14.264,4.594,0.02,27.573,0
7.59,-62.48,-98.737,36.256,10.711,0.6491,14.791,1
139.12,-77.369,-86.307,8.938,2.153,0.02,30.619,0
143.03,-81.543,-95.672,14.128,6.115,0.02,28.993,0
6.748,-59.888,-87.16,27.272,9.592,0.7528,16.81,1
115.638,-76.131,-90.121,13.99,18.509,0.02,34.8,0
145.679,-82.744,-95.416,12.672,23.421,0.02,47.763,0
136.356,-76.771,-90.908,14.137,3.209,0.02,27.155,0
145.753,-82.034,-84.535,2.501,10.167,0.02,48.273,0
84.797,-75.795,-86.625,10.83,7.919,0.02,31.951,0
16.333,-67.979,-93.794,25.816,12.206,0.5521,21.951,1
128.219,-81.395,-94.492,13.097,7.029,0.02,30.779,0
94.005,-79.162,-91.649,12.487,12.689,0.02,31.09,0
94.137,-79.368,-92.579,13.211,9.441,0.02,27.991,0
65.502,-70.767,-87.801,17.034,5.022,0.1684,21.153,0
87.917,-75.739,-89.411,13.672,12.774,0.02,26.523,0
27.269,-75.095,-97.923,22.828,7.156,0.3183,13.706,1
112.267,-73.12,-90.395,17.275,8.359,0.02,25.73,0
15.878,-61.856,-92.627,30.771,3.75,0.5381,12.913,1
110.818,-74.391,-91.87,17.479,6.473,0.02,24.664,0
128.102,-81.703,-91.129,9.425,18.266,0.02,46.359,0
73.508,-79.193,-87.804,8.611,5.165,0.02,29.547,0
78.925,-82.846,-88.578,5.732,23.508,0.02,50.077,0
50.271,-67.635,-94.624,26.99,8.593,0.3634,20.007,1
145.571,-85.268,-92.205,6.937,9.801,0.02,44.708,0
111.303,-81.777,-93.57,11.793,4.397,0.02,30.578,0
58.503,-76.059,-97.886,21.828,13.343,0.1156,25.119,0
30.347,-72.085,-92.383,20.298,2.002,0.4744,13.81,1
36.839,-68.599,-85.543,16.944,6.607,0.2575,16.986,0
72.269,-72.612,-97.992,25.381,4.422,0.1322,16.182,0
141.672,-77.477,-92.084,14.607,2.407,0.02,20.716,0
111.451,-80.851,-92.196,11.345,12.195,0.02,38.177,0
36.21,-69.256,-90.993,21.737,6.82,0.3472,19.758,1
129.636,-73.939,-95.37,21.431,8.346,0.02,29.481,0
59.839,-77.47,-96.988,19.518,4.6,0.2076,20.62,0
128.5,-77.014,-96.825,19.811,14.027,0.02,31.472,0
40.046,-68.911,-87.342,18.431,9.388,0.2005,22.68,0
94.706,-79.859,-95.439,15.58,20.523,0.02,36.813,0
139.367,-78.59,-93.748,15.158,4.832,0.02,25.208,0
42.395,-69.744,-84.634,14.889,4.806,0.0725,10.959,0
105.474,-81.393,-94.57,13.177,11.381,0.02,27.768,0
148.16,-87.829,-90.802,2.973,21.92,0.02,63.681,0
26.837,-65.039,-88.277,23.237,5.413,0.5435,19.769,1
17.818,-67.715,-88.445,20.73,0.749,0.5746,6.911,1
102.758,-79.838,-96.661,16.823,2.763,0.02,15.77,0
54.262,-76.768,-94.497,17.729,18.265,0.02,33.122,0
15.33,-63.21,-90.942,27.732,6.389,0.5451,15.08,1
73.919,-80.219,-85.248,5.029,25.024,0.02,50.072,0
114.297,-79.555,-94.665,15.111,3.189,0.02,19.215,0
46.343,-69.902,-93.728,23.826,11.438,0.1665,19.824,0
53.582,-74.802,-90.531,15.73,11.606,0.1294,27.065,0
127.626,-80.338,-89.831,9.493,2.154,0.02,31.033,0
80.41,-73.558,-89.619,16.061,2.204,0.02,13.544,0
127.196,-78.627,-94.962,16.335,6.572,0.02,24.879,0
69.726,-75.657,-93.862,18.205,12.161,0.02,29.874,0
143.181,-79.064,-91.246,12.182,10.416,0.02,36.392,0
99.365,-77.589,-87.582,9.993,7.023,0.02,27.775,0
21.805,-64.065,-92.835,28.77,6.829,0.4915,14.702,1
133.338,-82.314,-92.078,9.765,1.063,0.02,29.346,0
75.943,-70.958,-95.591,24.632,3.889,0.02,21.469,0
25.538,-69.425,-85.479,16.053,1.771,0.3087,11.902,0
27.14,-73.716,-91.46,17.744,10.259,0.4109,23.39,0
104.692,-79.056,-88.228,9.171,2.782,0.02,29.789,0
11.869,-65.669,-91.895,26.226,18.068,0.4206,19.719,1
46.556,-74.377,-91.702,17.325,8.339,0.1293,21.498,0
25.269,-69.91,-97.251,27.342,3.781,0.5126,13.473,1
68.956,-73.431,-99.528,26.096,16.147,0.201,28.164,0
65.081,-75.948,-87.618,11.671,2.52,0.2477,22.423,0
80.672,-81.613,-91.727,10.113,2.58,0.02,24.609,0
45.547,-72.135,-91.278,19.142,3.659,0.2778,16.351,0
9.646,-56.673,-96.372,39.699,16.215,0.6886,22.249,1
94.086,-83.62,-95.161,11.541,25.173,0.02,43.499,0
59.189,-75.226,-88.282,13.055,1.776,0.1442,21.007,0
99.444,-83.989,-85.909,1.921,35.0,0.02,68.041,0
20.757,-62.747,-94.174,31.427,12.444,0.5109,22.299,1
6.998,-59.53,-89.65,30.12,5.579,0.5932,12.277,1
41.003,-75.022,-91.335,16.313,11.654,0.2606,25.249,0
71.199,-75.656,-92.422,16.766,16.444,0.02,30.434,0
62.14,-72.414,-85.518,13.104,3.848,0.0763,19.488,0
122.494,-79.068,-93.586,14.518,16.51,0.02,38.95,0
59.786,-77.01,-87.658,10.647,7.906,0.02,26.342,0
81.914,-76.472,-90.665,14.193,1.742,0.02,19.341,0
91.06,-74.258,-92.059,17.801,12.346,0.02,25.211,0
8.166,-61.415,-87.198,25.783,21.166,0.5787,26.302,1
79.694,-73.968,-90.985,17.017,10.772,0.02,27.606,0
55.001,-72.441,-92.337,19.896,3.084,0.1677,16.149,0
66.086,-71.948,-87.172,15.224,10.894,0.02,24.644,0
19.542,-65.515,-87.628,22.113,9.612,0.5227,18.38,1
118.509,-80.887,-87.793,6.906,11.6,0.02,41.5,0
141.649,-76.324,-105.607,29.283,1.624,0.02,22.275,0
8.229,-61.46,-90.459,28.999,1.865,0.7431,9.324,1
92.199,-71.633,-91.258,19.625,5.058,0.02,21.037,0
115.757,-76.69,-92.122,15.432,14.407,0.02,31.817,0
46.297,-73.925,-89.866,15.94,12.91,0.1639,25.404,0
119.196,-80.702,-91.088,10.386,15.552,0.02,41.449,0
96.691,-77.536,-89.628,12.091,11.754,0.02,35.615,0
139.729,-81.402,-92.938,11.536,13.712,0.02,40.896,0
147.246,-76.462,-86.756,10.295,9.568,0.02,35.709,0
11.14,-63.595,-89.274,25.679,7.06,0.5124,13.794,1
69.516,-80.32,-90.101,9.781,12.611,0.02,35.934,0
84.313,-75.968,-90.272,14.304,2.804,0.02,21.579,0
26.278,-64.982,-87.95,22.968,3.548,0.4253,16.419,1
53.761,-68.964,-88.424,19.46,2.518,0.2394,15.633,0
148.209,-80.023,-92.395,12.372,9.069,0.02,34.012,0
7.353,-60.151,-88.534,28.383,2.847,0.6174,12.154,1
70.614,-73.66,-91.391,17.73,0.647,0.0725,12.209,0
127.185,-79.878,-85.291,5.413,2.123,0.02,35.557,0
51.966,-82.421,-88.158,5.736,21.189,0.02,50.133,0
74.571,-78.161,-94.19,16.028,9.137,0.0368,22.855,0
146.817,-80.18,-83.843,3.662,16.132,0.02,53.034,0
73.857,-74.885,-99.357,24.472,1.813,0.0756,16.51,0
23.984,-69.094,-89.769,20.675,11.368,0.2901,24.386,0
12.5,-58.565,-94.437,35.872,2.591,0.7712,8.621,1
142.085,-83.375,-85.412,2.037,11.129,0.02,52.059,0
43.542,-75.747,-91.115,15.368,15.548,0.0334,25.349,0
78.089,-75.584,-94.778,19.194,12.396,0.02,25.341,0
18.152,-67.775,-92.933,25.158,8.401,0.4603,13.186,1
66.43,-79.21,-94.499,15.288,20.428,0.02,37.314,0
139.865,-76.377,-93.07,16.693,14.386,0.02,36.742,0
77.85,-78.129,-93.15,15.021,4.184,0.02,16.233,0
145.815,-81.177,-94.629,13.452,2.709,0.02,24.039,0
42.531,-75.511,-91.055,15.544,34.758,0.02,41.921,0
78.159,-75.135,-90.631,15.495,4.423,0.02,21.045,0
129.632,-83.197,-95.487,12.29,7.283,0.02,30.991,0
69.997,-68.665,-97.804,29.139,3.396,0.1268,15.773,0
45.526,-75.499,-90.912,15.413,13.838,0.0991,24.805,0
129.044,-79.07,-90.138,11.068,3.727,0.02,32.934,0
61.534,-72.755,-89.444,16.689,8.117,0.02,22.946,0
81.955,-70.113,-90.071,19.958,10.832,0.02,21.428,0
146.596,-80.653,-86.495,5.842,4.747,0.02,37.122,0
32.04,-72.81,-88.51,15.7,10.723,0.2106,20.528,0
48.703,-74.081,-82.621,8.54,23.784,0.02,43.656,0
9.505,-55.108,-81.148,26.04,9.542,0.5882,20.811,1
61.816,-74.676,-98.153,23.478,13.046,0.02,25.898,0
34.027,-70.362,-99.69,29.328,5.901,0.3667,18.062,1
103.605,-75.988,-92.026,16.038,5.495,0.02,17.838,0
31.292,-74.483,-90.235,15.753,2.566,0.3585,12.444,0
102.848,-79.642,-92.266,12.624,8.924,0.02,31.39,0
43.204,-78.716,-89.537,10.821,16.277,0.02,37.541,0
56.507,-75.443,-92.946,17.503,12.563,0.1828,21.608,0
55.585,-74.367,-94.429,20.062,5.462,0.1545,18.045,0
108.929,-85.597,-93.9,8.303,6.368,0.02,29.596,0
72.644,-77.86,-92.701,14.84,24.012,0.02,36.589,0
57.388,-72.405,-89.048,16.643,11.507,0.02,26.699,0
128.63,-80.963,-93.704,12.741,14.082,0.02,39.007,0
87.933,-82.569,-93.011,10.442,15.304,0.02,36.826,0
36.005,-66.059,-90.004,23.945,5.682,0.3137,16.068,1
135.513,-73.264,-92.696,19.432,5.135,0.02,32.675,0
54.684,-71.54,-88.092,16.551,5.592,0.2001,17.956,0
10.652,-62.323,-95.218,32.895,5.028,0.6958,12.213,1
76.717,-79.162,-95.977,16.815,20.82,0.02,33.0,0
22.971,-65.695,-90.934,25.239,6.998,0.4683,12.923,1
39.578,-72.871,-90.585,17.714,18.825,0.0979,29.996,0
113.331,-76.817,-95.027,18.211,7.185,0.02,27.419,0
23.959,-66.046,-87.297,21.252,7.539,0.354,18.712,1
122.007,-79.659,-85.263,5.603,1.23,0.02,36.397,0
140.852,-81.732,-94.197,12.465,5.334,0.02,28.941,0
92.947,-80.39,-86.794,6.404,21.204,0.02,47.997,0
108.002,-79.082,-100.337,21.256,20.666,0.02,40.275,0
108.47,-82.104,-88.234,6.13,5.221,0.02,34.785,0
148.957,-79.417,-95.002,15.585,0.727,0.02,22.142,0
54.523,-72.409,-88.584,16.175,3.497,0.2628,19.083,0
28.614,-69.618,-95.364,25.747,5.179,0.3809,13.529,1
80.279,-71.124,-92.24,21.116,5.209,0.02,17.851,0
82.321,-71.81,-94.835,23.025,5.207,0.1299,18.29,0
30.797,-68.034,-92.749,24.714,8.242,0.283,25.25,1
93.901,-70.699,-85.595,14.896,3.155,0.02,22.888,0
7.048,-56.22,-92.378,36.158,7.345,0.7627,16.866,1
139.512,-79.726,-84.614,4.888,9.988,0.02,42.747,0
43.363,-72.551,-93.35,20.799,5.549,0.2763,18.574,0
10.736,-63.206,-86.779,23.573,8.552,0.3912,21.004,1
20.696,-68.444,-97.69,29.246,23.576,0.3441,32.189,1
39.836,-73.127,-93.003,19.876,12.954,0.3634,20.876,0
44.716,-77.106,-93.876,16.771,11.654,0.02,24.295,0
9.757,-61.976,-86.618,24.642,5.942,0.5529,13.922,1
45.506,-68.265,-91.352,23.086,5.012,0.2303,17.404,0
32.977,-77.365,-99.308,21.943,7.677,0.2483,15.791,1
59.9,-70.341,-96.585,26.245,11.474,0.02,22.411,0
60.849,-72.537,-95.544,23.007,9.473,0.1865,21.429,0
54.156,-74.015,-88.731,14.716,8.786,0.0919,19.776,0
52.549,-73.372,-89.182,15.811,14.446,0.02,26.109,0
18.011,-63.222,-93.051,29.83,11.0,0.4189,17.991,1
8.655,-61.478,-93.92,32.442,13.827,0.523,25.401,1
34.307,-66.281,-89.493,23.212,3.723,0.2447,16.01,1
114.714,-74.755,-95.953,21.198,2.685,0.02,23.783,0
148.667,-82.493,-90.398,7.905,22.233,0.02,52.462,0
139.636,-81.601,-90.696,9.095,0.661,0.02,25.811,0
78.112,-74.996,-92.961,17.966,3.012,0.1363,20.62,0
82.114,-81.751,-90.608,8.857,5.9,0.02,29.848,0
50.614,-73.487,-91.643,18.155,18.697,0.02,30.93,0
117.221,-78.7,-90.259,11.559,2.599,0.02,26.7,0
115.89,-78.949,-96.669,17.721,1.309,0.02,15.2,0
127.419,-76.316,-89.849,13.533,3.913,0.02,25.241,0
134.848,-82.775,-88.407,5.632,5.348,0.02,37.347,0
67.981,-74.493,-90.877,16.384,8.473,0.1009,22.943,0
116.197,-80.245,-89.896,9.651,11.83,0.02,38.902,0
121.928,-80.69,-92.385,11.695,14.773,0.02,43.503,0
49.727,-70.522,-88.88,18.358,2.066,0.2786,15.999,0
139.74,-72.787,-91.772,18.985,0.577,0.02,21.092,0
18.68,-64.614,-96.018,31.403,8.257,0.5057,16.242,1
149.169,-75.03,-89.129,14.099,2.548,0.02,27.761,0
116.663,-73.678,-97.72,24.042,4.883,0.02,26.174,0
18.524,-63.027,-91.01,27.983,6.181,0.5619,12.301,1
100.153,-82.397,-93.345,10.948,5.191,0.02,27.742,0
9.956,-60.731,-93.568,32.837,1.132,0.7442,9.628,1
116.677,-81.944,-91.398,9.454,8.919,0.02,31.42,0
120.887,-74.097,-94.483,20.385,27.768,0.02,46.881,0
92.349,-79.747,-90.207,10.46,7.364,0.02,30.781,0
129.245,-88.244,-91.801,3.557,30.765,0.02,64.142,0
19.193,-72.787,-94.161,21.374,0.644,0.4591,11.107,1
45.009,-74.148,-87.316,13.169,3.849,0.3786,20.162,0
65.056,-77.42,-91.283,13.864,24.796,0.02,43.248,0
11.156,-58.065,-89.792,31.727,3.75,0.7216,14.127,1
69.991,-78.43,-87.042,8.612,9.411,0.02,29.549,0
43.456,-68.009,-87.099,19.09,7.491,0.2138,26.138,0
61.947,-73.881,-89.971,16.09,6.007,0.2689,16.795,0
66.64,-77.431,-93.059,15.629,14.892,0.0215,29.041,0
132.515,-78.795,-97.004,18.209,7.703,0.02,27.667,0
44.199,-68.508,-91.277,22.768,13.09,0.1714,23.905,0
134.593,-82.773,-88.169,5.396,25.225,0.02,58.555,0
66.766,-79.378,-90.76,11.382,15.218,0.02,34.575,0
52.532,-70.669,-104.056,33.387,2.989,0.3059,19.394,1
77.864,-79.853,-88.955,9.101,35.0,0.02,53.899,0
65.573,-75.764,-88.74,12.976,11.546,0.02,28.782,0
42.319,-68.074,-93.054,24.981,6.487,0.4545,19.589,1
77.889,-81.447,-88.541,7.093,2.5,0.02,34.992,0
27.011,-67.267,-89.802,22.535,8.086,0.3541,19.227,1
56.03,-70.262,-94.399,24.137,4.12,0.2075,14.435,0
87.04,-79.58,-87.55,7.971,1.908,0.02,31.698,0
64.944,-77.815,-96.436,18.621,2.74,0.1513,15.853,0
124.467,-74.657,-92.2,17.543,1.572,0.02,19.709,0
42.225,-67.443,-92.55,25.106,5.705,0.3522,20.673,1
145.617,-75.745,-94.889,19.144,6.981,0.02,29.176,0
118.785,-81.176,-90.937,9.761,10.423,0.02,36.096,0
145.301,-80.069,-87.414,7.344,11.299,0.02,47.632,0
126.53,-77.44,-87.633,10.193,4.939,0.02,30.546,0
25.605,-72.571,-89.467,16.896,5.5,0.2359,14.211,0
81.337,-75.71,-97.936,22.226,9.002,0.0357,25.477,0
29.647,-67.528,-96.676,29.148,2.878,0.4042,7.913,1
123.643,-77.599,-91.418,13.819,12.721,0.02,33.869,0
89.704,-77.957,-92.12,14.163,5.904,0.02,23.654,0
43.2,-69.09,-93.743,24.654,14.284,0.2243,23.041,0
139.792,-79.575,-85.331,5.756,8.36,0.02,42.401,0
21.702,-61.363,-91.629,30.267,6.458,0.4988,16.631,1
86.76,-76.025,-90.102,14.077,17.176,0.02,33.318,0
109.551,-75.976,-88.542,12.567,1.793,0.02,26.016,0
13.533,-67.48,-91.808,24.328,10.078,0.4382,19.098,1
91.689,-83.623,-82.931,-0.692,22.247,0.02,58.736,0
123.306,-74.198,-95.291,21.093,8.644,0.02,29.864,0
14.791,-61.379,-94.121,32.742,7.38,0.7427,16.792,1
79.275,-77.965,-95.3,17.335,14.536,0.02,36.513,0
42.491,-72.102,-86.531,14.429,4.912,0.2651,20.028,0
101.124,-76.456,-89.193,12.737,6.137,0.02,25.481,0
22.208,-69.898,-93.905,24.007,2.508,0.3962,8.179,1
140.872,-80.534,-95.024,14.49,4.665,0.02,25.305,0
134.736,-78.471,-87.153,8.682,12.103,0.02,36.107,0
31.966,-66.906,-90.734,23.828,6.267,0.4523,18.499,1
51.874,-73.059,-87.064,14.004,3.498,0.0691,17.002,0
90.207,-73.84,-92.211,18.371,17.702,0.02,31.031,0
109.119,-76.506,-90.21,13.704,16.088,0.02,36.7,0
69.185,-76.341,-90.949,14.608,3.893,0.02,18.048,0
27.662,-73.913,-94.184,20.271,15.995,0.1558,26.147,0
20.102,-65.259,-92.505,27.246,11.871,0.4202,20.029,1
149.966,-81.788,-96.145,14.357,9.027,0.02,32.214,0
71.026,-80.003,-90.271,10.268,23.217,0.02,45.849,0
131.517,-79.056,-89.336,10.28,10.022,0.02,39.067,0
74.945,-72.496,-88.534,16.038,4.21,0.02,22.865,0
138.742,-76.87,-89.667,12.797,5.771,0.02,31.013,0
17.725,-63.964,-92.449,28.485,1.678,0.6379,6.758,1
21.533,-74.345,-86.568,12.223,11.586,0.1802,22.758,0
139.797,-79.875,-88.877,9.002,22.97,0.02,47.012,0
142.386,-82.712,-87.14,4.429,10.107,0.02,48.431,0
50.634,-71.971,-86.92,14.949,9.043,0.2392,21.311,0
56.499,-75.064,-92.44,17.376,14.24,0.02,29.615,0
70.605,-69.199,-90.642,21.443,12.667,0.02,29.056,0
65.343,-70.288,-89.289,19.001,18.011,0.02,30.43,0
32.557,-70.931,-96.022,25.091,7.667,0.4234,22.521,1
135.264,-84.11,-95.944,11.834,10.804,0.02,38.08,0
41.73,-75.013,-96.548,21.534,7.351,0.2521,18.993,0
107.264,-75.98,-92.378,16.398,2.457,0.02,22.025,0
14.738,-64.733,-93.167,28.434,3.012,0.6778,15.719,1
10.619,-64.461,-97.025,32.564,4.467,0.5907,14.202,1
99.791,-77.848,-91.477,13.63,2.374,0.02,20.369,0
54.157,-71.964,-92.335,20.371,8.812,0.0846,18.405,0
100.042,-79.037,-87.862,8.826,14.912,0.02,39.408,0
18.633,-66.58,-84.955,18.374,4.96,0.3909,12.626,1
142.728,-79.629,-90.402,10.773,1.349,0.02,29.915,0
113.535,-78.0,-94.438,16.439,4.077,0.02,21.735,0
132.059,-78.342,-89.736,11.395,6.305,0.02,30.969,0
24.788,-68.115,-91.967,23.853,14.171,0.2146,26.265,1
51.423,-77.778,-92.84,15.063,8.188,0.02,24.652,0
58.41,-73.215,-95.016,21.801,8.174,0.1717,19.254,0
82.89,-77.834,-93.625,15.79,11.178,0.02,25.452,0
48.046,-76.92,-92.622,15.703,15.777,0.0851,26.429,0
13.791,-67.644,-89.186,21.542,22.377,0.2646,30.302,0
58.487,-69.616,-90.211,20.595,4.976,0.0492,19.188,0
41.91,-68.881,-85.61,16.729,7.669,0.1753,17.824,0
60.959,-73.079,-89.64,16.561,4.968,0.1796,19.842,0
33.559,-73.072,-90.515,17.443,10.757,0.2895,19.882,0
42.975,-74.294,-93.072,18.778,1.336,0.1817,12.567,0
95.908,-83.659,-95.631,11.972,26.539,0.02,43.443,0
61.282,-74.702,-93.995,19.293,11.624,0.1512,27.178,0
55.081,-73.638,-94.449,20.811,10.329,0.2086,25.076,0
82.416,-77.262,-100.963,23.701,4.176,0.0924,20.867,0
116.92,-75.399,-95.53,20.132,5.647,0.02,26.431,0
59.936,-71.581,-86.392,14.811,2.377,0.02,19.169,0
90.19,-83.847,-90.71,6.863,3.971,0.02,33.864,0
145.099,-81.231,-93.318,12.087,15.778,0.02,42.608,0
80.687,-72.393,-90.605,18.212,1.672,0.02,16.501,0
136.921,-83.446,-98.837,15.391,30.268,0.02,45.176,0
120.083,-78.937,-91.013,12.075,17.968,0.02,38.298,0
13.514,-64.733,-87.529,22.796,10.168,0.5531,23.99,1
67.219,-73.995,-92.424,18.429,3.714,0.053,17.471,0
106.256,-78.992,-98.202,19.21,13.104,0.02,34.421,0
148.073,-80.434,-93.449,13.015,12.211,0.02,37.93,0
71.465,-76.197,-87.523,11.325,4.891,0.02,24.618,0
18.454,-63.083,-91.095,28.012,11.433,0.3234,17.879,1
86.491,-71.797,-96.964,25.167,6.285,0.02,20.547,0
23.352,-67.545,-83.713,16.168,1.213,0.5277,11.098,1
113.97,-80.74,-96.388,15.648,2.544,0.02,21.35,0
78.613,-81.684,-92.85,11.166,17.521,0.02,38.363,0
109.898,-76.347,-95.631,19.284,5.448,0.02,22.198,0
131.057,-76.803,-95.626,18.823,4.353,0.02,23.419,0
96.197,-76.076,-93.583,17.507,8.78,0.02,27.703,0
93.804,-74.043,-89.773,15.73,0.784,0.02,22.833,0
114.413,-80.067,-87.483,7.416,8.051,0.02,37.519,0
127.156,-85.301,-93.352,8.051,9.222,0.02,39.853,0
131.013,-81.754,-95.536,13.782,12.841,0.02,33.997,0
10.282,-55.657,-90.325,34.668,3.041,0.5515,11.605,1
85.648,-74.908,-90.222,15.314,4.814,0.02,20.368,0
36.359,-69.324,-91.159,21.835,9.057,0.2247,18.913,0
129.75,-75.575,-91.035,15.46,3.315,0.02,25.347,0
99.018,-80.196,-92.394,12.198,9.637,0.02,32.04,0
65.932,-74.004,-91.656,17.653,8.761,0.1514,21.868,0
32.275,-66.563,-92.636,26.073,0.705,0.3924,10.426,1
54.158,-77.457,-88.254,10.797,15.522,0.02,32.077,0
107.048,-75.878,-84.2,8.322,3.401,0.02,32.745,0
34.632,-66.206,-91.371,25.165,8.222,0.3269,16.857,1
18.57,-70.679,-92.023,21.344,26.797,0.3143,31.432,0
133.764,-83.757,-91.104,7.348,3.758,0.02,36.178,0
115.811,-78.566,-94.303,15.737,11.235,0.02,29.525,0
33.97,-76.56,-89.323,12.762,31.382,0.0206,42.426,0
47.385,-72.583,-90.456,17.873,12.496,0.049,26.068,0
145.95,-84.545,-93.472,8.927,17.872,0.02,47.053,0
107.687,-76.694,-88.843,12.149,2.729,0.02,23.58,0
93.526,-76.121,-91.934,15.812,22.257,0.02,37.811,0
49.606,-71.277,-95.395,24.118,1.244,0.1348,12.449,1
48.373,-78.093,-90.769,12.677,11.876,0.02,28.991,0
10.731,-60.77,-91.171,30.4,7.954,0.5721,16.288,1
110.63,-77.687,-88.639,10.952,6.139,0.02,27.684,0
11.26,-61.056,-89.09,28.034,5.272,0.5648,14.26,1
5.704,-55.537,-92.382,36.845,12.706,0.5274,18.018,1
110.777,-78.94,-93.652,14.713,4.184,0.02,25.815,0
142.587,-80.25,-91.994,11.744,5.52,0.02,31.538,0
114.693,-82.245,-90.728,8.483,11.939,0.02,40.912,0
73.388,-76.561,-90.307,13.746,17.374,0.02,31.186,0
75.477,-74.815,-90.945,16.13,7.273,0.02,21.61,0
68.24,-78.516,-92.318,13.802,22.876,0.02,38.126,0
52.073,-70.877,-88.511,17.635,9.178,0.23,21.074,0
80.649,-79.134,-94.36,15.226,8.511,0.02,21.495,0
67.517,-79.706,-83.322,3.616,35.0,0.02,63.984,0
91.734,-75.551,-89.329,13.778,10.687,0.02,29.209,0
135.227,-85.291,-95.946,10.655,28.757,0.02,50.799,0
149.276,-89.721,-91.352,1.631,35.0,0.02,72.238,0
16.418,-68.914,-89.296,20.382,2.832,0.4314,10.141,1
60.779,-72.715,-93.223,20.507,4.124,0.1739,16.575,0
31.202,-62.956,-97.233,34.277,1.571,0.6046,11.405,1
56.057,-76.303,-95.637,19.334,13.396,0.02,25.069,0
46.684,-71.878,-90.103,18.225,13.544,0.0504,21.31,0
30.308,-75.798,-98.141,22.343,5.003,0.3497,14.494,1
115.791,-75.843,-97.073,21.23,0.637,0.02,22.561,0
76.962,-79.48,-90.121,10.641,11.087,0.02,36.087,0
138.291,-79.598,-92.779,13.181,1.743,0.02,23.093,0
9.726,-60.75,-94.435,33.685,6.817,0.7411,17.805,1
14.712,-70.27,-93.732,23.461,13.944,0.3844,27.61,1
63.475,-65.019,-97.148,32.128,8.991,0.1267,21.949,1
16.64,-68.625,-90.304,21.68,17.27,0.3881,26.484,1
43.096,-69.446,-94.823,25.377,6.497,0.2872,20.694,1
147.974,-74.922,-93.875,18.954,4.3,0.02,25.578,0
35.299,-68.417,-90.786,22.369,3.579,0.2838,17.127,1
33.727,-74.682,-92.898,18.216,13.673,0.1948,23.201,0
88.178,-76.138,-94.466,18.328,7.518,0.02,25.979,0
77.21,-80.353,-98.963,18.61,4.105,0.0632,23.207,0
89.164,-78.151,-90.714,12.563,10.692,0.02,33.097,0
59.627,-67.475,-91.724,24.249,1.409,0.1368,14.447,0
124.881,-83.276,-93.811,10.535,8.409,0.02,35.803,0
25.094,-70.666,-95.631,24.965,9.921,0.3597,18.267,1
67.117,-69.68,-91.955,22.275,10.977,0.0515,21.742,0
105.015,-81.275,-90.318,9.043,22.98,0.02,46.97,0
130.894,-81.609,-91.658,10.048,6.205,0.02,35.651,0
58.588,-72.941,-86.267,13.326,10.034,0.02,24.553,0
87.323,-78.541,-89.533,10.992,11.3,0.02,36.153,0
15.025,-72.312,-92.375,20.063,7.593,0.3272,16.53,1
29.696,-71.967,-89.416,17.449,2.528,0.3267,10.57,1
15.025,-59.403,-91.83,32.427,14.64,0.5863,21.993,1
110.543,-75.653,-91.842,16.189,0.623,0.02,18.016,0
46.769,-66.684,-87.463,20.779,2.697,0.2441,18.398,0
109.943,-80.774,-95.143,14.369,6.057,0.02,26.592,0
14.628,-63.162,-91.918,28.757,2.687,0.6268,11.727,1
130.069,-79.827,-87.836,8.009,8.385,0.02,40.203,0
126.152,-82.769,-90.919,8.149,18.484,0.02,44.91,0
17.895,-69.124,-93.292,24.168,29.472,0.1343,33.476,0
8.445,-63.528,-97.972,34.444,7.707,0.6091,12.641,1
13.162,-60.224,-99.946,39.722,10.634,0.5655,14.316,1
128.776,-77.842,-84.733,6.892,8.348,0.02,37.09,0
39.032,-71.275,-90.92,19.645,7.367,0.3393,19.945,0
84.5,-75.727,-94.044,18.317,7.403,0.02,24.939,0
66.805,-79.086,-90.777,11.691,25.827,0.02,40.387,0
120.351,-82.444,-95.317,12.872,0.851,0.02,18.758,0
75.89,-79.982,-93.159,13.177,15.552,0.02,31.126,0
77.596,-75.337,-95.293,19.956,3.717,0.02,20.354,0
148.418,-80.942,-96.946,16.005,6.615,0.02,30.88,0
26.769,-65.228,-99.367,34.14,2.56,0.4404,13.59,1
125.452,-76.181,-97.592,21.411,2.349,0.02,20.143,0
12.504,-66.516,-88.425,21.91,17.336,0.4307,26.673,1
74.259,-77.522,-95.454,17.933,4.511,0.0281,20.472,0
133.519,-77.187,-90.128,12.941,8.132,0.02,33.402,0
101.456,-77.688,-88.652,10.964,11.694,0.02,32.094,0
104.356,-82.563,-91.942,9.379,22.926,0.02,48.221,0
43.181,-73.894,-93.045,19.151,2.436,0.1825,16.682,0
65.693,-79.72,-91.534,11.814,23.98,0.02,37.234,0
58.154,-72.822,-93.458,20.637,9.738,0.02,21.041,0
80.609,-71.14,-87.786,16.646,9.411,0.02,20.728,0
72.023,-75.402,-85.432,10.03,6.152,0.02,25.667,0
52.4,-74.902,-86.926,12.024,5.384,0.2035,21.993,0
49.295,-64.728,-99.53,34.803,1.49,0.332,10.652,1
41.374,-74.697,-93.53,18.833,19.485,0.02,32.454,0
57.932,-74.851,-91.985,17.135,2.226,0.1661,18.614,0
26.742,-68.833,-90.379,21.546,4.798,0.3905,14.666,1
131.455,-82.563,-98.046,15.483,17.372,0.02,35.139,0
92.307,-72.901,-98.102,25.201,7.26,0.02,23.655,0
24.399,-71.608,-87.426,15.818,2.863,0.3982,16.664,1
105.61,-77.374,-93.957,16.583,14.809,0.02,33.451,0
127.912,-78.645,-97.206,18.561,5.426,0.02,21.176,0
39.443,-71.968,-95.863,23.894,4.732,0.3814,10.569,1
26.837,-68.149,-90.633,22.484,2.326,0.4855,10.512,1
6.25,-58.323,-94.879,36.556,5.105,0.6803,13.112,1
11.851,-61.935,-91.154,29.219,6.013,0.4832,10.341,1
115.526,-80.476,-95.426,14.95,11.511,0.02,29.467,0
148.142,-79.55,-98.105,18.555,4.03,0.02,22.25,0
11.508,-67.102,-87.015,19.913,19.888,0.2912,27.07,0
113.47,-73.691,-90.606,16.915,17.711,0.02,35.831,0
15.42,-63.34,-93.168,29.828,17.71,0.5437,29.741,1
90.859,-75.525,-93.825,18.3,9.202,0.02,25.038,0
114.631,-80.918,-86.873,5.955,14.106,0.02,43.933,0
57.085,-72.091,-89.93,17.838,13.175,0.0697,28.9,0
6.586,-59.29,-87.986,28.696,16.371,0.3823,25.025,1
91.302,-78.323,-94.043,15.72,17.481,0.02,32.97,0
148.73,-82.893,-91.823,8.93,13.595,0.02,42.846,0
42.355,-71.784,-90.592,18.808,13.804,0.02,28.911,0
32.476,-65.53,-93.925,28.395,12.895,0.3954,21.023,1
22.969,-68.118,-92.334,24.217,13.825,0.4779,19.046,1
85.512,-77.231,-94.043,16.811,8.557,0.02,23.774,0
91.485,-75.869,-90.603,14.734,4.843,0.02,21.089,0
119.879,-77.54,-96.625,19.085,2.975,0.02,25.679,0
114.196,-78.84,-89.998,11.158,2.298,0.02,27.255,0
134.419,-80.744,-90.913,10.169,3.242,0.02,33.411,0
121.837,-78.159,-92.712,14.553,16.747,0.02,29.481,0
40.854,-70.362,-90.427,20.065,21.908,0.1644,30.967,0
85.602,-70.609,-93.277,22.669,13.35,0.02,32.264,0
48.125,-71.338,-94.345,23.007,9.894,0.124,19.02,0
52.819,-71.328,-90.097,18.768,1.488,0.1688,13.923,0
140.132,-76.942,-89.945,13.004,7.431,0.02,33.593,0
103.875,-79.727,-93.775,14.048,4.613,0.02,22.61,0
146.316,-77.456,-94.076,16.62,4.612,0.02,28.739,0
65.452,-71.55,-92.64,21.091,8.974,0.0251,21.111,0
82.928,-74.1,-93.932,19.832,13.283,0.02,28.154,0
75.632,-70.532,-86.662,16.13,8.289,0.02,24.701,0
20.557,-73.242,-90.892,17.65,33.115,0.1685,37.13,0
39.322,-72.741,-91.949,19.207,9.669,0.3285,18.599,0
81.507,-75.289,-95.265,19.976,1.238,0.02,19.551,0
14.769,-71.064,-89.414,18.35,25.954,0.2696,30.866,0
140.062,-78.129,-94.141,16.011,7.934,0.02,29.463,0
22.957,-67.928,-94.285,26.356,21.812,0.3053,32.361,1
33.707,-67.023,-89.296,22.273,2.236,0.3886,13.613,1
115.972,-77.197,-90.644,13.447,3.995,0.02,26.048,0
19.056,-61.918,-100.762,38.844,3.193,0.6822,16.653,1
135.54,-79.491,-92.552,13.061,16.436,0.02,44.813,0
110.227,-82.182,-91.561,9.378,19.409,0.02,44.701,0
14.95,-73.875,-93.189,19.314,12.07,0.4582,19.298,1
105.318,-79.219,-91.439,12.22,10.25,0.02,33.732,0
96.586,-75.734,-98.334,22.6,1.381,0.02,16.959,0
114.816,-77.511,-101.909,24.397,4.385,0.02,26.711,0
125.089,-78.903,-95.414,16.511,4.967,0.02,23.611,0
109.161,-78.396,-91.012,12.616,1.802,0.02,22.817,0
89.996,-79.149,-103.287,24.138,7.625,0.02,21.297,0
51.757,-76.798,-94.952,18.154,12.296,0.0985,22.12,0
106.105,-77.965,-98.73,20.764,15.21,0.02,35.251,0
143.761,-77.66,-92.849,15.189,12.93,0.02,34.869,0
90.191,-80.146,-85.147,5.001,6.466,0.02,36.705,0
101.33,-77.149,-92.76,15.611,5.285,0.02,28.015,0
68.384,-72.169,-92.376,20.208,6.796,0.02,21.25,0
114.638,-78.824,-89.063,10.239,7.458,0.02,32.798,0
149.662,-77.082,-91.925,14.843,3.059,0.02,23.157,0
28.256,-64.906,-92.752,27.846,5.536,0.5237,13.785,1
34.349,-68.155,-88.757,20.602,4.734,0.3657,13.357,1
83.218,-80.797,-90.348,9.551,23.85,0.02,43.701,0
74.799,-73.084,-90.99,17.905,16.154,0.02,28.849,0
87.878,-78.161,-92.486,14.324,12.202,0.02,28.003,0
12.116,-62.67,-93.211,30.541,3.589,0.8088,14.19,1
63.62,-73.936,-88.79,14.853,14.036,0.02,27.136,0
89.532,-76.803,-93.178,16.374,4.255,0.02,25.253,0
89.853,-78.574,-87.691,9.116,14.149,0.02,39.533,0
100.313,-78.285,-95.665,17.38,6.628,0.02,22.23,0
109.431,-80.617,-86.982,6.364,18.163,0.02,48.51,0
98.024,-75.517,-90.348,14.831,2.149,0.02,20.352,0
119.585,-85.71,-95.39,9.68,13.661,0.02,43.192,0
95.59,-79.651,-90.219,10.568,19.27,0.02,43.16,0
82.939,-81.197,-94.276,13.079,6.928,0.02,25.388,0
92.898,-77.83,-91.883,14.053,6.53,0.02,28.865,0
19.673,-65.144,-93.703,28.559,8.198,0.415,18.739,1
44.608,-73.61,-92.465,18.855,12.105,0.2234,24.858,0
81.473,-73.304,-88.705,15.401,5.099,0.02,24.494,0
131.583,-77.571,-90.185,12.614,4.453,0.02,30.649,0
103.462,-87.781,-95.939,8.158,26.299,0.02,52.135,0
18.109,-61.603,-95.738,34.135,6.271,0.5872,15.26,1
90.88,-75.968,-91.052,15.085,7.824,0.02,19.082,0
37.152,-71.779,-90.799,19.02,5.677,0.2916,12.21,0
111.432,-80.542,-94.361,13.819,12.819,0.02,32.04,0
124.979,-84.566,-86.43,1.865,4.73,0.02,41.757,0
91.051,-75.978,-89.153,13.175,7.331,0.02,26.305,0
90.748,-76.551,-94.19,17.638,16.815,0.02,34.751,0
54.096,-76.645,-94.528,17.883,15.291,0.0669,25.24,0
69.706,-77.258,-92.797,15.539,6.173,0.02,16.585,0
130.296,-78.907,-93.161,14.254,8.366,0.02,26.355,0
109.881,-73.64,-87.603,13.964,3.762,0.02,21.364,0
80.364,-72.697,-88.554,15.858,8.358,0.02,20.708,0
58.394,-75.52,-91.877,16.357,29.644,0.02,40.627,0
12.305,-58.11,-89.627,31.517,14.562,0.507,26.184,1
25.736,-64.359,-89.12,24.761,3.735,0.3346,15.472,1
32.989,-65.008,-91.796,26.788,1.839,0.4376,14.676,1
59.141,-72.67,-90.591,17.921,3.821,0.1141,17.901,0
141.901,-79.821,-89.92,10.099,2.663,0.02,28.351,0
78.247,-72.184,-90.293,18.11,7.378,0.02,28.067,0
39.052,-75.791,-94.726,18.935,17.826,0.2052,27.154,0
20.334,-64.966,-94.372,29.406,7.449,0.4836,18.677,1
54.054,-74.322,-93.01,18.688,4.782,0.3621,12.115,0
123.281,-77.511,-94.473,16.963,6.288,0.02,25.765,0
60.585,-73.909,-97.156,23.246,11.894,0.0233,24.333,0
117.013,-78.288,-89.634,11.346,9.345,0.02,32.559,0
121.392,-77.997,-90.788,12.79,3.903,0.02,23.242,0
21.069,-66.322,-96.688,30.366,14.623,0.5325,23.763,1
93.256,-73.899,-92.843,18.944,3.233,0.02,23.285,0
144.069,-84.322,-92.645,8.323,8.857,0.02,44.975,0
63.31,-73.895,-91.363,17.468,5.594,0.1254,23.488,0
12.387,-63.948,-95.787,31.839,6.95,0.6167,18.656,1
138.879,-78.19,-96.739,18.549,3.368,0.02,29.192,0
133.132,-80.741,-90.181,9.44,8.44,0.02,41.259,0
80.711,-71.108,-97.369,26.261,3.031,0.1143,16.49,0
85.077,-75.951,-92.814,16.864,5.262,0.02,21.873,0
35.702,-67.023,-93.141,26.118,6.616,0.2214,14.334,1
123.82,-80.951,-92.431,11.48,3.968,0.02,30.228,0
77.297,-78.876,-91.115,12.239,20.036,0.02,37.012,0
9.912,-62.649,-86.405,23.756,5.249,0.5366,13.329,1
104.037,-76.162,-97.598,21.436,6.258,0.02,23.352,0
142.822,-83.491,-88.932,5.441,8.213,0.02,36.817,0
125.227,-82.959,-100.793,17.833,2.267,0.02,17.79,0
45.194,-72.463,-87.122,14.659,1.444,0.1934,16.436,0
12.732,-61.136,-99.15,38.014,6.624,0.6851,13.55,1
141.351,-80.996,-83.473,2.476,1.729,0.02,43.781,0
140.874,-79.472,-93.364,13.893,10.353,0.02,32.552,0
82.2,-78.54,-87.484,8.944,10.718,0.02,30.38,0
98.136,-83.014,-88.205,5.191,10.35,0.02,37.359,0
72.077,-73.754,-93.528,19.773,13.844,0.02,25.989,0
65.866,-72.287,-93.259,20.972,6.6,0.02,18.208,0
22.32,-69.601,-94.93,25.329,20.431,0.4265,28.399,1
19.029,-66.08,-89.244,23.164,9.609,0.5185,19.181,1
38.746,-73.715,-93.482,19.767,19.321,0.2629,30.114,0
126.313,-83.217,-94.866,11.649,13.398,0.02,37.951,0
26.146,-63.934,-90.12,26.186,6.786,0.422,18.932,1
37.871,-71.282,-95.14,23.858,9.556,0.1478,22.894,0
84.549,-75.931,-93.151,17.22,11.83,0.02,24.778,0
36.194,-70.52,-91.625,21.105,1.345,0.3069,8.168,1
28.665,-66.266,-94.249,27.983,2.301,0.4151,11.241,1
86.681,-76.013,-93.72,17.707,23.128,0.02,37.691,0
58.374,-73.926,-86.628,12.702,11.748,0.02,26.314,0
95.793,-77.73,-92.715,14.985,16.471,0.02,34.007,0
137.27,-76.69,-93.259,16.569,6.531,0.02,24.274,0
26.894,-68.485,-92.613,24.128,19.579,0.3242,32.262,0
137.448,-76.264,-90.409,14.145,6.85,0.02,31.068,0
135.861,-79.319,-95.619,16.3,11.677,0.02,31.132,0
125.218,-80.713,-90.505,9.792,21.472,0.02,45.228,0
96.536,-77.404,-91.105,13.701,12.751,0.02,30.568,0
94.921,-73.512,-98.26,24.748,3.261,0.02,23.296,0
97.686,-78.397,-85.72,7.323,7.24,0.02,34.034,0
105.122,-76.541,-86.887,10.346,9.847,0.02,32.437,0
7.39,-53.274,-94.802,41.528,12.256,0.6662,19.757,1
143.923,-80.874,-95.928,15.054,18.023,0.02,35.474,0
89.913,-81.135,-91.202,10.067,12.328,0.02,37.682,0
118.313,-79.356,-96.991,17.634,7.503,0.02,28.138,0
59.706,-71.632,-87.225,15.593,6.306,0.02,21.911,0
6.798,-60.463,-93.64,33.177,6.583,0.6719,18.068,1
78.912,-78.17,-86.324,8.153,5.33,0.02,28.297,0
78.543,-79.3,-94.885,15.586,5.119,0.02,20.5,0
68.363,-77.044,-92.393,15.349,16.225,0.02,29.203,0
54.259,-68.501,-87.565,19.064,8.839,0.1156,25.341,0
41.225,-72.337,-93.131,20.794,5.421,0.1173,15.966,0
81.494,-73.376,-91.048,17.672,8.045,0.02,18.915,0
59.415,-74.182,-88.176,13.994,5.73,0.1272,19.357,0
145.64,-79.9,-93.946,14.046,1.545,0.02,27.504,0
30.074,-68.405,-96.416,28.012,12.439,0.4814,23.535,1
51.352,-79.175,-97.105,17.931,16.942,0.0511,28.149,0
47.624,-68.64,-89.958,21.318,14.932,0.3312,25.251,0
83.78,-75.835,-90.639,14.804,14.303,0.02,30.377,0
77.396,-71.494,-88.284,16.791,3.059,0.02,19.908,0
98.342,-80.377,-92.959,12.582,19.515,0.02,39.325,0
142.75,-77.785,-97.008,19.222,4.925,0.02,25.835,0
46.357,-68.197,-100.235,32.037,2.607,0.4249,14.905,1
105.452,-76.609,-81.962,5.353,0.759,0.02,31.367,0
8.631,-63.35,-90.156,26.806,9.684,0.475,20.163,1
43.046,-76.758,-91.521,14.763,19.846,0.1162,30.169,0
72.239,-78.422,-91.025,12.602,17.985,0.02,32.429,0
9.494,-60.426,-97.01,36.583,8.257,0.647,22.029,1
94.562,-79.093,-94.782,15.689,15.885,0.02,29.932,0
103.355,-83.58,-85.898,2.318,30.332,0.02,61.156,0
113.276,-75.853,-89.696,13.843,6.022,0.02,23.359,0
79.903,-77.914,-94.673,16.759,11.366,0.02,24.502,0
92.572,-81.095,-96.294,15.199,20.11,0.02,37.221,0
62.429,-70.263,-93.805,23.542,2.692,0.0609,12.713,0
10.982,-59.401,-93.104,33.703,2.93,0.7168,12.137,1
19.493,-72.59,-84.828,12.238,22.304,0.2799,32.433,0
99.974,-83.046,-92.659,9.613,16.195,0.02,38.086,0
149.356,-82.837,-96.163,13.326,4.55,0.02,25.027,0
7.291,-58.389,-92.205,33.816,3.378,0.715,11.659,1
85.85,-71.823,-91.075,19.251,3.013,0.02,15.012,0
113.896,-74.27,-96.482,22.212,9.456,0.02,27.199,0
124.882,-76.034,-90.592,14.558,4.627,0.02,26.125,0
84.055,-69.813,-87.769,17.956,4.712,0.02,14.998,0
94.888,-75.452,-91.515,16.063,3.026,0.02,21.947,0
106.025,-74.59,-94.79,20.2,8.469,0.02,21.281,0
129.55,-79.867,-93.851,13.984,2.69,0.02,29.338,0
22.732,-72.711,-97.806,25.095,12.601,0.4641,21.128,1
139.296,-82.721,-92.468,9.748,18.376,0.02,43.664,0
8.773,-61.236,-90.912,29.676,9.77,0.5984,18.183,1
126.249,-72.91,-95.138,22.228,16.142,0.02,32.9,0
16.127,-64.586,-85.211,20.625,7.236,0.4999,10.052,1
33.221,-72.031,-89.227,17.196,4.095,0.2943,17.853,0
5.565,-54.064,-98.275,44.211,6.072,0.8254,13.153,1
69.562,-75.939,-98.203,22.264,1.829,0.2127,16.791,0
53.482,-72.022,-95.444,23.422,4.925,0.02,17.367,0
29.069,-65.992,-86.494,20.501,6.964,0.433,15.099,1
70.408,-77.813,-88.882,11.069,8.198,0.1053,25.131,0
63.344,-71.389,-86.317,14.928,16.491,0.0653,31.101,0
116.311,-77.61,-91.964,14.355,20.618,0.02,40.372,0
134.504,-78.712,-92.733,14.021,9.479,0.02,31.243,0
99.622,-71.187,-96.366,25.18,3.258,0.02,23.448,0
23.04,-67.408,-90.776,23.368,3.227,0.4863,13.022,1
47.832,-69.31,-92.687,23.377,5.0,0.2391,20.078,0
137.431,-78.051,-92.821,14.77,4.309,0.02,29.633,0
17.867,-67.69,-86.337,18.647,9.635,0.4763,21.164,1
63.994,-75.222,-92.442,17.22,3.421,0.0602,18.504,0
141.663,-76.336,-87.342,11.005,20.964,0.02,44.102,0
142.846,-78.062,-97.558,19.496,14.729,0.02,36.65,0
64.624,-73.496,-82.592,9.096,16.907,0.02,36.759,0
101.773,-78.776,-93.306,14.531,4.807,0.02,24.961,0
71.228,-72.019,-89.525,17.506,3.42,0.02,22.239,0
114.252,-78.762,-88.968,10.206,4.576,0.02,30.029,0
9.579,-56.156,-93.741,37.584,8.663,0.5846,13.955,1
25.903,-64.387,-89.133,24.747,7.977,0.3372,19.523,1
94.059,-76.541,-88.951,12.41,19.541,0.02,38.597,0
38.72,-71.169,-94.496,23.327,21.995,0.1085,35.508,0
101.578,-77.992,-94.455,16.463,9.017,0.02,26.408,0
55.927,-70.777,-91.841,21.065,2.3,0.0797,15.487,0
133.564,-74.483,-92.404,17.921,6.398,0.02,27.354,0
123.793,-82.9,-87.124,4.224,35.0,0.02,67.735,0
76.461,-76.96,-89.541,12.581,2.431,0.02,16.267,0
117.07,-75.131,-92.246,17.115,9.923,0.02,26.609,0
44.315,-73.11,-89.879,16.769,4.552,0.1937,19.296,0
76.668,-79.709,-99.163,19.454,28.252,0.02,39.463,0
33.635,-71.782,-94.154,22.371,10.582,0.2901,20.814,0
129.828,-86.376,-90.993,4.617,4.591,0.02,39.078,0
124.345,-77.936,-88.096,10.161,5.654,0.02,30.581,0
135.812,-71.673,-91.301,19.628,1.239,0.02,22.294,0
132.234,-78.761,-86.896,8.135,9.814,0.02,37.112,0
144.141,-71.474,-88.962,17.488,10.035,0.02,27.743,0
38.109,-70.052,-93.709,23.657,2.398,0.4106,14.484,1
140.115,-79.993,-92.49,12.498,12.483,0.02,40.779,0
87.826,-79.586,-90.571,10.984,21.795,0.02,43.888,0
66.262,-73.362,-93.57,20.208,2.934,0.1342,19.187,0
86.254,-76.136,-86.64,10.505,12.283,0.02,36.609,0
54.677,-69.591,-95.881,26.289,12.504,0.1158,25.236,0
46.84,-74.874,-90.894,16.02,9.054,0.1966,20.892,0
39.991,-71.324,-89.426,18.102,9.51,0.2193,18.41,0
16.952,-62.733,-93.097,30.364,5.481,0.4647,16.598,1
77.002,-70.397,-93.886,23.489,1.184,0.02,17.458,0
133.725,-86.39,-92.266,5.876,10.405,0.02,41.791,0
96.372,-82.669,-89.158,6.489,14.573,0.02,41.882,0
80.541,-74.917,-93.749,18.832,3.631,0.02,16.506,0
67.146,-70.618,-95.741,25.124,4.634,0.1648,20.198,0
72.338,-75.843,-87.973,12.13,4.174,0.02,26.871,0
35.345,-68.776,-90.602,21.826,10.966,0.1947,18.58,0
124.326,-73.371,-88.472,15.101,9.877,0.02,31.934,0
33.766,-69.01,-89.342,20.333,3.843,0.3118,17.858,1
108.91,-78.657,-84.37,5.713,7.817,0.02,36.021,0
115.198,-76.988,-88.098,11.11,8.018,0.02,27.013,0
88.356,-76.524,-94.534,18.01,10.54,0.02,26.479,0
130.124,-78.076,-90.354,12.278,5.979,0.02,29.771,0
47.202,-74.633,-93.951,19.318,17.454,0.1012,27.878,0
132.834,-80.689,-93.589,12.9,10.642,0.02,36.617,0
110.765,-82.989,-96.944,13.954,17.247,0.02,35.182,0
120.819,-77.38,-93.001,15.621,10.446,0.02,35.532,0
101.364,-81.254,-90.092,8.839,11.118,0.02,32.929,0
127.72,-80.362,-92.231,11.869,1.97,0.02,24.759,0
148.999,-84.154,-95.848,11.694,9.866,0.02,34.227,0
65.924,-75.435,-97.331,21.896,7.676,0.0867,21.033,0
123.018,-80.876,-84.609,3.733,18.487,0.02,56.265,0
112.964,-83.309,-90.862,7.553,16.732,0.02,41.989,0
70.666,-78.164,-94.884,16.72,19.808,0.02,30.635,0
139.408,-78.586,-90.384,11.798,4.73,0.02,29.094,0
62.192,-78.848,-84.338,5.49,8.117,0.02,34.614,0
86.993,-81.343,-89.828,8.485,21.084,0.02,45.2,0
20.362,-60.269,-101.755,41.486,4.626,0.7811,13.224,1
37.737,-74.885,-82.717,7.832,18.57,0.02,35.3,0
126.901,-78.788,-98.472,19.685,17.205,0.02,35.932,0
62.5,-75.656,-92.721,17.065,7.914,0.0725,24.956,0
62.142,-76.85,-95.967,19.117,24.698,0.02,38.731,0
40.667,-75.499,-94.59,19.091,17.712,0.1881,26.865,0
76.283,-80.185,-91.005,10.82,2.721,0.02,24.108,0
121.843,-82.954,-99.249,16.294,22.21,0.02,41.421,0
134.799,-78.152,-92.316,14.164,7.93,0.02,31.999,0
15.167,-62.866,-87.984,25.118,10.952,0.5395,23.21,1
88.349,-76.725,-94.951,18.226,10.992,0.02,27.399,0
72.755,-78.528,-96.866,18.338,12.947,0.02,23.996,0
94.071,-76.909,-92.488,15.578,21.391,0.02,32.833,0
69.855,-77.659,-93.184,15.526,10.845,0.02,26.253,0
62.803,-76.069,-94.083,18.014,7.513,0.0348,17.423,0
73.423,-77.358,-96.159,18.801,3.736,0.1633,20.744,0
89.39,-77.449,-90.183,12.734,5.712,0.02,23.761,0
77.643,-78.324,-89.917,11.592,16.898,0.02,32.705,0
73.461,-76.676,-95.73,19.054,19.412,0.02,34.1,0
123.586,-82.598,-95.245,12.648,6.254,0.02,26.723,0
113.119,-81.002,-91.522,10.521,14.738,0.02,40.027,0
54.5,-75.064,-95.377,20.313,5.319,0.2811,18.694,0
121.084,-76.165,-91.375,15.21,1.509,0.02,16.713,0
128.779,-77.132,-86.862,9.73,2.328,0.02,33.892,0
27.256,-73.463,-92.209,18.746,17.954,0.215,30.118,0
89.489,-73.888,-96.248,22.36,1.599,0.02,20.767,0
46.37,-73.408,-90.628,17.22,13.871,0.2144,27.553,0
112.18,-76.284,-92.622,16.337,10.244,0.02,26.616,0
39.624,-75.063,-92.526,17.462,18.706,0.0768,31.695,0
102.354,-76.094,-90.336,14.242,9.436,0.02,29.683,0
41.993,-69.596,-89.581,19.985,12.021,0.0549,17.788,0
79.116,-75.993,-91.876,15.882,10.058,0.02,22.55,0
142.554,-74.196,-92.212,18.016,11.047,0.02,30.302,0
60.29,-72.493,-84.778,12.285,8.335,0.02,29.026,0
131.982,-74.893,-87.798,12.905,12.184,0.02,32.683,0
148.107,-72.345,-89.083,16.738,6.823,0.02,27.485,0
131.853,-85.977,-91.541,5.564,16.103,0.02,45.679,0
29.051,-65.634,-95.52,29.886,9.309,0.2835,18.09,1
123.85,-78.81,-88.054,9.244,15.28,0.02,44.78,0
9.662,-59.787,-91.495,31.708,4.702,0.6071,9.639,1
62.029,-75.754,-94.02,18.266,6.366,0.02,21.112,0
131.256,-80.857,-92.851,11.994,2.383,0.02,25.286,0
104.869,-81.545,-95.382,13.836,11.195,0.02,34.901,0
82.247,-69.955,-88.299,18.344,10.832,0.02,26.26,0
61.24,-72.067,-89.609,17.542,5.603,0.1101,18.956,0
122.783,-83.05,-91.364,8.314,8.65,0.02,35.972,0
107.886,-80.235,-92.15,11.915,3.665,0.02,26.943,0
72.919,-83.137,-94.382,11.245,17.201,0.02,32.353,0
134.41,-77.662,-99.455,21.793,16.82,0.02,36.822,0
38.342,-70.687,-96.945,26.258,8.34,0.1782,17.873,1
29.707,-67.303,-94.599,27.296,7.241,0.4651,15.912,1
98.207,-76.072,-95.125,19.054,1.942,0.02,24.717,0
145.939,-78.596,-90.987,12.391,14.98,0.02,43.238,0
40.852,-71.641,-89.16,17.519,4.273,0.2243,19.581,0
41.202,-71.941,-92.45,20.509,15.86,0.2741,28.52,0
25.227,-65.887,-87.069,21.182,2.312,0.4624,13.623,1
129.782,-81.815,-94.74,12.925,3.533,0.02,30.733,0
37.828,-71.809,-92.474,20.666,2.891,0.3632,15.205,1
77.961,-75.818,-92.178,16.361,4.112,0.02,21.042,0
148.677,-84.602,-88.177,3.576,34.961,0.02,73.794,0
6.76,-54.453,-91.629,37.177,7.61,0.7042,17.565,1
85.69,-77.084,-91.533,14.448,13.441,0.02,30.547,0
79.282,-75.144,-97.792,22.648,3.389,0.02,20.967,0
122.08,-77.218,-95.15,17.932,4.725,0.02,24.738,0
56.516,-77.634,-88.164,10.53,26.559,0.02,45.083,0
64.499,-74.403,-99.264,24.86,7.829,0.02,23.006,0
29.351,-64.673,-87.3,22.627,9.61,0.3066,16.498,1
112.418,-79.642,-90.251,10.609,11.714,0.02,34.09,0
118.783,-81.097,-94.616,13.52,24.35,0.02,45.685,0
24.816,-68.188,-94.912,26.724,0.606,0.5033,11.357,1
62.051,-72.305,-85.364,13.059,17.938,0.02,33.023,0
134.471,-84.695,-87.06,2.366,20.429,0.02,58.255,0
5.393,-58.256,-92.418,34.162,12.577,0.5487,14.901,1
48.32,-69.172,-91.529,22.357,6.783,0.3035,18.513,0
85.481,-79.434,-94.262,14.828,10.548,0.02,25.881,0
53.444,-69.494,-91.528,22.034,3.174,0.2642,16.651,0
44.447,-76.578,-94.359,17.78,1.247,0.1403,15.704,0
71.705,-78.715,-92.275,13.56,9.671,0.02,24.978,0
31.321,-68.089,-85.664,17.575,0.284,0.27,14.749,1
81.796,-68.287,-92.335,24.048,5.476,0.0768,18.675,0
107.471,-76.602,-95.668,19.066,3.609,0.02,23.729,0
88.418,-75.81,-96.782,20.972,6.747,0.02,21.616,0
18.501,-62.085,-91.555,29.47,7.184,0.553,19.236,1
127.439,-81.318,-94.663,13.345,2.788,0.02,26.122,0
30.372,-79.057,-91.137,12.08,12.105,0.1108,23.004,0
115.898,-75.558,-97.668,22.11,19.59,0.02,37.479,0
57.282,-70.764,-89.584,18.82,3.168,0.02,17.581,0
118.5,-78.926,-95.711,16.784,2.971,0.02,23.088,0
34.91,-69.94,-91.838,21.898,8.042,0.2984,19.551,1
32.066,-65.016,-93.184,28.168,1.294,0.3443,11.809,1
77.069,-76.032,-85.986,9.954,8.189,0.02,28.744,0
9.776,-62.809,-91.4,28.591,17.922,0.5247,20.998,1
37.668,-63.524,-85.191,21.666,2.992,0.27,15.917,1
109.982,-84.867,-90.037,5.17,23.293,0.02,54.993,0
126.421,-77.088,-87.011,9.923,5.973,0.02,37.901,0
16.714,-68.389,-92.731,24.342,6.686,0.5537,15.585,1
132.901,-74.114,-90.791,16.677,5.054,0.02,26.532,0
120.64,-79.15,-87.735,8.585,14.545,0.02,42.513,0
131.104,-81.569,-88.833,7.263,9.053,0.02,42.255,0
106.272,-81.992,-90.142,8.15,6.254,0.02,32.56,0
102.752,-77.902,-93.148,15.246,4.229,0.02,22.458,0
81.139,-75.844,-92.556,16.711,10.186,0.02,25.349,0
99.654,-76.423,-88.018,11.595,20.529,0.02,43.067,0
138.271,-82.691,-87.289,4.599,6.708,0.02,47.981,0
19.576,-68.731,-94.075,25.344,8.864,0.3343,18.763,1
50.786,-72.996,-94.603,21.607,1.984,0.1774,11.252,0
15.506,-66.946,-95.164,28.218,8.781,0.6581,14.523,1
141.997,-86.797,-89.096,2.299,35.0,0.02,74.118,0
69.563,-76.663,-95.253,18.59,2.664,0.0696,13.195,0
102.925,-76.929,-89.138,12.209,10.82,0.02,32.729,0
126.962,-79.988,-90.09,10.102,5.319,0.02,30.513,0
148.695,-78.908,-93.908,14.999,1.838,0.02,31.269,0
28.458,-67.356,-86.526,19.17,5.926,0.4005,13.149,1
120.929,-87.282,-97.118,9.836,30.035,0.02,52.7,0
133.676,-78.191,-86.192,8.001,10.691,0.02,42.742,0
12.087,-62.476,-90.884,28.407,9.856,0.6333,17.5,1
114.343,-76.701,-99.257,22.556,2.925,0.02,20.269,0
56.435,-75.621,-86.428,10.808,16.898,0.02,32.308,0
99.047,-80.859,-88.597,7.738,21.502,0.02,45.781,0
79.537,-78.252,-93.499,15.246,20.942,0.02,32.536,0
42.663,-72.832,-95.377,22.544,16.111,0.2993,26.734,0
24.607,-70.391,-97.492,27.101,3.886,0.4704,18.771,1
21.957,-61.177,-83.546,22.369,3.106,0.4676,18.147,1
19.982,-66.935,-95.232,28.297,1.105,0.5687,16.106,1
97.48,-76.123,-96.423,20.299,3.422,0.02,20.502,0
55.955,-70.371,-91.062,20.691,10.423,0.119,24.766,0
36.412,-70.497,-97.733,27.235,3.377,0.3955,14.998,1
105.323,-78.959,-95.435,16.476,17.466,0.02,32.201,0
104.593,-86.573,-88.518,1.945,19.353,0.02,49.644,0
83.179,-84.204,-90.375,6.171,18.61,0.02,41.022,0
140.569,-78.555,-93.352,14.797,1.48,0.02,24.061,0
60.885,-73.775,-91.936,18.161,9.873,0.1808,19.565,0
126.2,-75.923,-93.549,17.626,9.038,0.02,26.765,0
15.895,-64.286,-92.217,27.931,18.261,0.3272,26.947,1
112.276,-81.777,-94.666,12.889,1.9,0.02,18.062,0
148.325,-76.542,-94.031,17.489,8.952,0.02,34.559,0
127.757,-81.46,-94.137,12.677,1.85,0.02,25.825,0
89.051,-75.713,-94.541,18.828,16.453,0.02,30.772,0
95.881,-76.984,-88.346,11.362,0.523,0.02,21.556,0
56.227,-69.587,-89.305,19.718,29.593,0.02,41.439,0
103.525,-80.282,-95.263,14.981,12.269,0.02,27.009,0
116.707,-78.716,-96.18,17.465,8.018,0.02,30.189,0
149.743,-79.099,-92.55,13.452,4.759,0.02,31.594,0
76.407,-78.442,-84.456,6.015,18.837,0.02,43.362,0
13.889,-65.48,-95.597,30.117,1.948,0.5762,10.652,1
91.399,-68.682,-92.564,23.883,0.513,0.083,20.634,0
22.259,-69.565,-91.689,22.124,11.785,0.2919,21.847,1
40.491,-72.987,-92.38,19.393,7.566,0.2735,18.293,0
52.673,-73.772,-93.604,19.832,10.407,0.1197,20.773,0
110.999,-77.826,-87.957,10.131,9.32,0.02,34.023,0
31.652,-72.483,-90.409,17.926,13.029,0.0488,21.858,0
29.034,-65.972,-89.04,23.067,8.05,0.2801,18.921,1
11.52,-61.521,-89.937,28.416,5.9,0.5696,13.677,1
131.62,-79.317,-88.871,9.554,8.26,0.02,33.803,0
105.558,-77.429,-86.455,9.026,14.553,0.02,42.761,0
10.792,-65.951,-87.341,21.39,15.296,0.3258,24.204,1
9.102,-63.07,-83.863,20.793,10.761,0.5045,16.102,1
86.008,-74.992,-87.739,12.747,0.786,0.02,18.988,0
45.967,-69.603,-94.343,24.74,9.883,0.1329,23.267,0
91.525,-76.253,-89.034,12.782,1.599,0.02,19.6,0
68.018,-77.258,-89.513,12.256,15.84,0.02,32.475,0
138.88,-87.299,-85.279,-2.02,14.374,0.02,57.925,0
46.732,-73.351,-95.385,22.035,3.698,0.3624,14.193,1
103.476,-83.549,-90.047,6.499,12.715,0.02,39.039,0
12.838,-67.501,-94.384,26.883,8.719,0.4858,16.994,1
143.6,-78.108,-90.206,12.098,4.371,0.02,28.031,0
147.21,-71.055,-92.752,21.697,12.539,0.02,32.515,0
112.166,-80.56,-90.322,9.762,22.64,0.02,49.049,0
72.456,-73.72,-96.936,23.216,5.702,0.02,18.584,0
36.899,-73.343,-89.224,15.88,10.865,0.3202,22.612,0
122.815,-81.082,-91.279,10.197,3.462,0.02,32.515,0
111.771,-71.37,-91.467,20.097,4.746,0.02,23.18,0
37.183,-73.028,-85.174,12.146,8.351,0.2433,24.504,0
70.426,-80.219,-93.339,13.12,4.193,0.02,19.306,0
72.106,-73.597,-90.802,17.205,3.947,0.02,20.616,0
124.83,-79.244,-91.649,12.405,2.986,0.02,28.416,0
104.157,-78.17,-91.307,13.137,19.292,0.02,42.025,0
98.259,-73.945,-84.224,10.279,14.767,0.02,40.656,0
99.225,-76.287,-91.777,15.489,8.159,0.02,25.927,0
44.218,-72.567,-93.985,21.419,15.507,0.1101,33.279,0
58.898,-73.437,-85.452,12.014,16.391,0.02,35.031,0
11.621,-54.178,-93.077,38.899,7.158,0.691,18.787,1
119.106,-70.855,-97.618,26.763,3.294,0.02,21.723,0
67.785,-76.25,-94.593,18.343,10.936,0.02,23.699,0
68.545,-74.227,-96.363,22.136,19.424,0.02,32.516,0
40.577,-66.971,-98.3,31.329,13.9,0.2479,22.062,1
35.367,-70.909,-93.271,22.362,21.976,0.1246,31.41,0
90.234,-78.549,-92.246,13.697,16.238,0.02,33.364,0
38.72,-77.086,-87.868,10.782,31.845,0.02,49.173,0
14.31,-64.297,-89.797,25.5,11.432,0.4696,22.637,1
116.289,-81.591,-89.957,8.366,6.533,0.02,35.099,0
59.588,-72.453,-95.126,22.674,14.598,0.1042,26.165,0
60.134,-72.105,-88.903,16.798,19.975,0.02,36.467,0
67.541,-76.27,-87.131,10.861,9.946,0.02,25.699,0
123.181,-81.915,-90.619,8.704,16.489,0.02,40.093,0
51.521,-75.574,-90.521,14.947,5.986,0.1246,19.815,0
114.915,-78.618,-96.426,17.808,16.182,0.02,33.882,0
141.234,-85.248,-88.309,3.061,35.0,0.02,69.569,0
100.826,-81.411,-85.767,4.356,6.035,0.02,33.842,0
67.594,-66.438,-90.87,24.432,10.439,0.1505,21.959,0
113.43,-84.683,-94.08,9.397,13.279,0.02,42.833,0
71.395,-79.364,-92.567,13.203,7.845,0.0325,27.984,0
65.092,-71.287,-93.471,22.184,6.365,0.097,22.214,0
81.166,-74.19,-93.262,19.072,8.973,0.02,22.152,0
51.07,-76.928,-89.732,12.804,18.191,0.02,31.721,0
20.116,-67.417,-91.022,23.605,2.036,0.6349,10.838,1
65.154,-72.278,-88.486,16.208,4.06,0.0855,16.477,0
22.959,-65.99,-90.702,24.712,7.664,0.5859,15.833,1
64.514,-78.245,-95.024,16.779,16.811,0.0225,29.329,0
85.755,-73.551,-93.752,20.202,8.918,0.02,20.912,0
139.953,-77.466,-93.97,16.504,5.147,0.02,29.58,0
10.252,-60.677,-92.653,31.975,23.486,0.4678,29.824,1
95.111,-77.662,-85.719,8.057,10.22,0.02,35.174,0
71.372,-72.296,-85.158,12.862,6.268,0.02,19.831,0
7.938,-61.523,-89.072,27.548,13.134,0.5227,22.571,1
41.184,-70.566,-91.584,21.018,12.687,0.1715,20.931,0
22.18,-66.363,-96.766,30.403,10.424,0.5288,20.804,1
36.435,-67.234,-91.23,23.996,4.888,0.283,13.84,1
44.813,-71.997,-94.765,22.768,16.585,0.1556,27.693,0
63.189,-83.543,-86.293,2.75,26.248,0.02,51.886,0
81.711,-78.63,-97.621,18.992,11.685,0.02,26.262,0
5.144,-55.419,-90.654,35.236,2.358,0.7217,10.442,1
28.471,-72.688,-95.06,22.372,35.0,0.1894,42.751,0
18.567,-64.253,-92.033,27.78,13.055,0.3833,23.815,1
84.703,-73.746,-89.669,15.923,3.646,0.02,21.043,0
52.716,-76.682,-88.423,11.741,16.003,0.02,36.145,0
84.518,-75.79,-92.212,16.422,19.485,0.02,30.412,0
37.164,-73.203,-89.336,16.133,9.187,0.3569,25.213,0
8.513,-55.238,-94.319,39.081,1.647,0.6952,12.684,1
141.498,-76.399,-91.141,14.742,10.802,0.02,31.127,0
20.705,-65.613,-88.492,22.879,3.547,0.4819,15.736,1
23.395,-70.338,-90.838,20.5,13.357,0.4228,26.777,1
26.249,-69.623,-93.853,24.229,5.064,0.5002,17.964,1
147.285,-84.247,-92.977,8.729,12.291,0.02,40.1,0
94.561,-79.486,-88.445,8.959,6.451,0.02,31.822,0
93.492,-78.125,-95.821,17.696,11.174,0.02,29.293,0
148.071,-83.487,-95.305,11.818,16.323,0.02,41.874,0
17.824,-71.99,-89.894,17.904,16.64,0.2899,25.858,0
146.303,-80.811,-93.537,12.726,4.498,0.02,31.136,0
34.582,-69.578,-97.086,27.508,7.092,0.3194,15.375,1
95.345,-77.973,-87.272,9.299,7.354,0.02,35.282,0
65.912,-77.739,-95.849,18.11,10.669,0.02,24.422,0
60.673,-83.602,-92.698,9.096,20.419,0.0361,40.597,0
140.03,-76.331,-94.168,17.838,8.055,0.02,27.004,0
26.638,-69.23,-93.042,23.812,12.434,0.3039,21.25,1
149.575,-79.203,-95.096,15.893,7.753,0.02,32.277,0
59.973,-72.739,-89.5,16.761,5.09,0.02,19.178,0
99.072,-74.698,-91.612,16.914,2.192,0.02,21.649,0
145.346,-78.922,-88.557,9.635,6.144,0.02,35.49,0
13.352,-62.144,-94.132,31.988,3.074,0.737,12.322,1
138.815,-76.453,-84.534,8.081,3.238,0.02,30.378,0
87.333,-74.209,-98.666,24.457,11.339,0.02,27.916,0
107.138,-74.611,-97.548,22.937,12.326,0.02,29.32,0
26.632,-72.551,-85.864,13.314,17.16,0.2176,29.262,0
82.341,-73.984,-90.341,16.357,1.33,0.02,12.054,0
102.659,-83.857,-90.805,6.948,15.212,0.02,49.563,0
71.156,-74.984,-90.491,15.507,0.438,0.1193,15.694,0
27.473,-68.453,-90.001,21.547,5.117,0.3774,16.507,1
40.397,-68.85,-90.951,22.101,7.774,0.3109,20.005,0
128.887,-78.952,-95.381,16.429,5.092,0.02,24.681,0
9.998,-59.538,-89.136,29.598,8.706,0.6441,17.889,1
107.785,-79.404,-89.688,10.284,10.156,0.02,37.49,0
149.912,-80.423,-87.0,6.577,0.301,0.02,35.5,0
6.085,-61.293,-85.825,24.532,12.608,0.4416,22.101,1
28.352,-66.144,-90.843,24.7,5.791,0.5577,17.97,1
102.751,-80.104,-96.296,16.192,14.819,0.02,33.379,0
13.699,-72.324,-85.796,13.472,15.205,0.2108,29.82,0
90.52,-75.11,-95.564,20.453,9.467,0.02,26.454,0
104.18,-82.214,-90.817,8.603,16.626,0.02,42.145,0
90.281,-75.351,-92.899,17.548,4.123,0.02,20.632,0
57.952,-76.45,-93.507,17.057,5.184,0.0898,19.483,0
106.106,-76.44,-89.325,12.884,1.282,0.02,19.345,0
91.173,-86.372,-91.144,4.773,12.93,0.02,46.571,0
35.107,-70.41,-90.204,19.794,8.828,0.3303,18.847,0
86.655,-78.987,-94.855,15.867,7.704,0.02,23.369,0
132.877,-83.059,-92.609,9.55,7.321,0.02,32.248,0
101.691,-74.939,-94.693,19.754,6.493,0.02,24.286,0
73.41,-74.677,-92.697,18.02,3.262,0.02,14.888,0
51.63,-72.487,-92.416,19.929,2.658,0.125,11.349,0
17.454,-71.134,-85.545,14.411,26.372,0.2445,32.479,0
40.471,-69.262,-92.908,23.646,12.073,0.2476,22.296,0
6.622,-59.764,-99.44,39.676,7.535,0.8554,13.3,1
148.061,-75.44,-87.117,11.677,6.8,0.02,34.293,0
37.26,-67.49,-90.428,22.938,11.111,0.276,24.791,0
123.157,-76.777,-92.459,15.681,18.946,0.02,37.913,0
29.454,-66.345,-93.53,27.185,9.634,0.4474,14.075,1
46.122,-78.864,-95.314,16.451,33.029,0.02,42.292,0
65.65,-75.392,-85.217,9.824,13.288,0.02,35.222,0
52.039,-73.05,-91.819,18.769,5.815,0.1182,17.512,0
120.761,-75.133,-98.082,22.949,2.603,0.02,23.208,0
143.866,-82.032,-90.853,8.82,18.284,0.02,48.156,0
131.918,-79.213,-87.778,8.565,3.709,0.02,30.789,0
27.269,-64.786,-91.452,26.667,14.863,0.3972,27.115,1
117.62,-80.183,-95.156,14.972,11.285,0.02,29.233,0
26.452,-68.863,-95.469,26.606,2.07,0.4791,11.686,1
137.44,-81.415,-95.211,13.796,10.914,0.02,34.382,0
80.092,-73.554,-86.674,13.12,12.471,0.02,25.853,0
53.775,-72.256,-92.251,19.994,6.569,0.3073,22.455,0
27.769,-66.787,-97.876,31.088,6.246,0.5553,13.943,1
6.712,-57.716,-90.656,32.94,6.887,0.7531,19.393,1
40.952,-79.786,-91.506,11.721,17.97,0.223,35.675,0
137.533,-82.432,-93.571,11.139,5.974,0.02,30.009,0
120.603,-78.238,-95.571,17.333,1.417,0.02,22.169,0
145.62,-79.256,-95.724,16.467,8.863,0.02,28.149,0
19.61,-67.692,-88.197,20.505,1.215,0.5612,8.321,1
90.866,-80.33,-91.134,10.803,10.67,0.02,26.32,0
42.287,-71.46,-90.325,18.865,3.437,0.2022,16.908,0
83.727,-72.05,-91.143,19.093,7.233,0.0294,21.741,0
51.466,-78.358,-90.853,12.495,3.492,0.1616,21.758,0
46.103,-82.866,-93.639,10.774,22.374,0.02,39.227,0
88.208,-71.983,-92.72,20.738,11.22,0.02,23.875,0
31.581,-73.061,-87.923,14.862,3.311,0.4337,16.434,0
73.024,-76.764,-87.049,10.285,9.58,0.02,31.824,0
99.368,-80.825,-96.277,15.452,2.751,0.02,19.214,0
23.586,-68.116,-92.729,24.613,7.147,0.5089,19.229,1
139.936,-82.345,-89.063,6.717,18.928,0.02,49.948,0
78.33,-71.562,-85.413,13.851,11.372,0.02,25.711,0
123.832,-75.878,-85.763,9.885,3.693,0.02,30.391,0
99.816,-80.112,-94.785,14.673,2.297,0.02,19.583,0
107.95,-84.58,-87.537,2.957,12.54,0.02,43.231,0
108.839,-79.944,-91.795,11.85,25.192,0.02,39.375,0
131.889,-80.795,-88.345,7.549,7.483,0.02,42.472,0
93.973,-81.211,-89.241,8.03,18.288,0.02,46.446,0
45.341,-69.07,-96.424,27.354,11.518,0.4048,26.596,1
19.429,-72.182,-90.075,17.893,12.404,0.3991,23.362,0
92.906,-76.941,-88.48,11.539,2.683,0.02,23.515,0
14.621,-61.984,-92.071,30.086,7.103,0.6395,15.414,1
39.988,-74.491,-92.862,18.371,7.515,0.1311,17.222,0
13.803,-58.318,-97.501,39.183,0.783,0.8032,11.438,1
84.589,-78.638,-89.607,10.97,4.745,0.02,27.554,0
28.249,-68.289,-91.269,22.98,5.226,0.3657,14.671,1
93.509,-78.154,-95.228,17.074,3.62,0.02,21.704,0
119.675,-86.661,-93.14,6.479,6.883,0.02,40.992,0
124.173,-81.452,-91.459,10.007,14.349,0.02,40.314,0
49.884,-71.538,-93.955,22.417,14.657,0.2448,23.27,0
84.598,-81.878,-91.991,10.113,20.601,0.02,42.984,0
86.637,-79.936,-98.125,18.189,16.157,0.02,28.148,0
73.569,-77.263,-87.277,10.014,10.151,0.02,29.451,0
99.992,-78.416,-91.944,13.528,21.043,0.02,39.689,0
35.463,-70.808,-95.848,25.04,5.58,0.3922,18.115,1
146.99,-80.044,-100.609,20.565,8.101,0.02,30.229,0
19.222,-69.549,-88.398,18.849,26.504,0.2208,31.244,0
125.237,-80.037,-90.047,10.01,5.433,0.02,39.363,0
91.144,-70.218,-91.263,21.044,0.576,0.02,16.328,0
40.504,-73.083,-88.977,15.894,2.356,0.2351,15.308,0
113.123,-76.051,-88.987,12.936,7.432,0.02,27.43,0
17.25,-60.495,-91.319,30.825,3.586,0.5925,10.603,1
117.291,-77.763,-92.89,15.127,2.116,0.02,21.764,0
90.548,-77.929,-93.46,15.531,14.923,0.02,29.38,0
21.059,-65.708,-90.527,24.819,11.538,0.4471,20.728,1
16.528,-64.594,-87.11,22.517,0.859,0.6387,8.786,1
113.871,-85.824,-92.36,6.536,17.084,0.02,46.949,0
47.476,-77.641,-86.832,9.191,31.267,0.02,47.144,0
133.949,-73.844,-90.694,16.85,4.67,0.02,28.289,0
115.501,-77.452,-90.668,13.215,11.705,0.02,33.327,0
106.238,-76.645,-83.582,6.938,3.195,0.02,32.474,0
45.398,-69.905,-86.216,16.311,9.223,0.02,20.8,0
107.797,-79.169,-86.125,6.956,11.986,0.02,39.885,0
142.481,-79.681,-94.792,15.111,7.463,0.02,29.264,0
18.276,-66.116,-84.327,18.212,4.078,0.568,17.242,1
52.294,-70.955,-92.288,21.333,5.38,0.2518,16.643,0
39.027,-71.117,-92.796,21.679,1.15,0.2564,13.339,1
62.021,-75.134,-99.557,24.424,8.453,0.0455,19.891,0
112.638,-78.753,-90.858,12.105,23.73,0.02,38.469,0
73.765,-74.754,-95.792,21.038,2.345,0.083,19.019,0
87.756,-77.312,-90.571,13.259,20.495,0.02,40.355,0
50.552,-70.416,-96.065,25.649,6.418,0.2141,19.92,1
25.487,-66.772,-85.708,18.936,1.119,0.3641,17.393,1
43.705,-74.127,-90.069,15.943,15.066,0.1166,25.03,0
129.654,-83.29,-84.02,0.731,8.547,0.02,46.395,0
92.35,-79.141,-95.581,16.439,2.943,0.02,22.844,0
59.808,-71.273,-86.578,15.305,4.277,0.1833,20.945,0
119.536,-76.314,-98.309,21.996,5.144,0.02,27.329,0
14.346,-66.724,-91.272,24.548,7.15,0.5966,13.168,1
41.814,-70.408,-94.211,23.803,9.198,0.3196,18.713,1
38.365,-70.402,-93.568,23.166,9.456,0.2874,16.24,1
147.878,-78.531,-93.808,15.277,14.012,0.02,40.331,0
107.384,-71.474,-95.202,23.727,8.296,0.02,23.904,0
94.579,-75.806,-96.409,20.603,10.507,0.02,23.898,0
5.723,-59.722,-93.548,33.826,8.558,0.6522,16.014,1
31.725,-65.659,-91.594,25.935,0.251,0.516,11.692,1
97.153,-79.232,-87.927,8.695,2.45,0.02,30.413,0
60.059,-66.245,-90.966,24.721,3.176,0.0835,16.539,0
139.021,-83.39,-87.917,4.527,8.024,0.02,42.087,0
115.885,-77.245,-97.174,19.929,8.597,0.02,26.337,0
69.871,-74.626,-93.515,18.89,6.531,0.02,19.356,0
113.68,-80.3,-89.511,9.211,11.758,0.02,41.538,0
146.434,-82.497,-90.799,8.302,13.003,0.02,43.708,0
71.842,-70.852,-95.014,24.162,7.093,0.02,23.155,0
98.166,-76.825,-88.731,11.905,14.184,0.02,34.392,0
138.206,-79.775,-93.859,14.084,6.267,0.02,24.176,0
41.058,-66.442,-94.721,28.278,10.041,0.223,25.25,1
133.551,-78.281,-90.296,12.015,0.489,0.02,27.426,0
19.144,-63.561,-91.978,28.417,7.183,0.4655,17.349,1
99.025,-82.688,-93.83,11.143,14.59,0.02,31.133,0
118.512,-82.477,-93.949,11.472,8.095,0.02,31.728,0
94.118,-73.871,-95.744,21.874,3.023,0.02,23.988,0
76.853,-74.97,-93.385,18.416,9.533,0.02,27.504,0
94.515,-70.285,-88.15,17.865,6.506,0.02,22.762,0
26.991,-70.899,-91.144,20.245,10.337,0.2925,23.051,0
36.258,-67.556,-88.645,21.089,4.082,0.3954,19.225,1
44.135,-72.249,-90.194,17.944,6.896,0.2537,18.234,0
91.678,-73.242,-94.143,20.9,2.872,0.02,23.048,0
69.076,-71.969,-97.772,25.803,5.147,0.2024,22.723,0
40.449,-71.403,-95.244,23.841,8.965,0.3145,22.21,1
133.007,-80.293,-94.349,14.056,1.366,0.02,26.191,0
59.219,-74.627,-94.62,19.993,7.168,0.0321,18.19,0
69.675,-77.114,-88.566,11.452,2.35,0.1389,24.011,0
64.407,-72.892,-88.603,15.711,6.136,0.08,19.649,0
31.382,-76.592,-84.258,7.666,2.011,0.3897,20.955,0
111.086,-84.019,-94.673,10.654,28.644,0.02,54.775,0
70.026,-73.536,-86.409,12.873,14.54,0.02,30.773,0
7.357,-56.339,-86.431,30.092,6.477,0.5633,15.151,1
144.782,-87.302,-92.813,5.511,20.387,0.02,54.463,0
123.286,-76.363,-90.343,13.979,4.205,0.02,21.651,0
109.916,-83.374,-87.657,4.283,17.386,0.02,48.904,0
131.018,-80.929,-92.206,11.277,10.503,0.02,37.7,0
136.487,-76.554,-92.477,15.923,4.37,0.02,25.618,0
53.936,-76.855,-94.196,17.341,12.014,0.1023,23.324,0
93.589,-74.082,-100.26,26.178,15.035,0.02,31.724,0
93.277,-76.039,-91.753,15.714,7.384,0.02,26.659,0
43.758,-71.442,-94.485,23.043,13.783,0.1254,20.694,0
37.183,-68.295,-95.764,27.469,12.923,0.4664,23.087,1
21.517,-64.399,-90.522,26.124,9.646,0.4957,18.881,1
100.601,-73.848,-97.08,23.231,2.0,0.02,24.284,0
118.233,-80.826,-89.179,8.353,9.361,0.02,40.57,0
115.338,-81.585,-90.307,8.722,7.222,0.02,31.371,0
50.86,-74.249,-93.401,19.152,11.418,0.1312,26.712,0
34.763,-67.676,-92.222,24.546,3.125,0.2524,13.912,1
70.774,-80.085,-96.166,16.08,14.071,0.1186,23.718,0
84.288,-73.867,-89.374,15.507,4.934,0.02,17.512,0
138.268,-77.585,-91.344,13.76,3.2,0.02,29.856,0
131.849,-80.807,-91.084,10.277,12.618,0.02,40.29,0
137.828,-82.012,-90.243,8.231,20.754,0.02,47.48,0
128.288,-79.06,-94.248,15.189,8.538,0.02,32.471,0
144.864,-81.011,-97.317,16.305,19.722,0.02,42.011,0
72.497,-72.217,-88.649,16.432,4.373,0.02,18.546,0
11.884,-53.128,-89.589,36.461,3.634,0.6889,13.207,1
17.116,-66.349,-93.874,27.525,16.525,0.4775,22.392,1
61.59,-76.675,-90.568,13.893,11.469,0.02,31.028,0
42.365,-76.014,-87.597,11.583,2.236,0.0951,16.068,0
29.641,-76.0,-88.015,12.015,22.044,0.2014,31.762,0
143.215,-82.03,-93.976,11.946,7.226,0.02,33.586,0
33.336,-67.661,-97.211,29.549,7.733,0.4197,25.495,1
144.11,-84.372,-96.61,12.239,24.157,0.02,44.504,0
115.322,-79.608,-93.091,13.483,20.108,0.02,41.792,0
97.937,-81.676,-86.882,5.206,19.041,0.02,48.817,0
103.023,-75.534,-94.55,19.015,4.387,0.02,23.249,0
53.064,-70.721,-94.087,23.367,9.623,0.2382,24.822,0
98.732,-79.143,-94.159,15.016,11.045,0.02,26.1,0
32.07,-67.281,-93.861,26.58,3.361,0.5746,13.588,1
140.967,-79.986,-92.039,12.053,2.314,0.02,26.581,0
48.76,-75.892,-96.48,20.588,6.854,0.1764,22.549,0
42.002,-70.92,-88.205,17.285,13.961,0.2129,27.946,0
108.119,-75.2,-92.507,17.307,0.396,0.02,16.358,0
100.185,-75.693,-83.323,7.63,8.219,0.02,36.685,0
70.438,-71.04,-96.107,25.067,2.628,0.2065,20.031,0
96.705,-79.312,-86.435,7.124,14.909,0.02,38.14,0
28.126,-69.514,-87.13,17.616,9.932,0.5492,23.222,1
102.633,-77.367,-93.441,16.074,2.577,0.02,20.42,0
44.239,-72.138,-93.383,21.244,15.125,0.2281,24.903,0
44.561,-72.592,-95.225,22.632,9.882,0.1739,24.842,0
28.516,-68.005,-95.184,27.179,6.424,0.3722,19.461,1
53.195,-79.37,-92.002,12.632,28.891,0.0605,39.215,0
53.031,-75.887,-91.928,16.041,6.976,0.02,21.384,0
70.856,-77.144,-97.608,20.464,4.977,0.047,21.267,0
32.611,-69.191,-83.973,14.782,12.052,0.3675,16.962,0
32.986,-72.814,-92.908,20.094,22.878,0.0464,33.292,0
83.552,-76.139,-91.77,15.632,0.452,0.02,15.731,0
23.687,-67.271,-94.192,26.921,17.263,0.4412,28.728,1
104.89,-74.263,-92.935,18.671,12.443,0.02,27.55,0
141.872,-83.824,-93.253,9.428,20.465,0.02,48.713,0
66.885,-79.882,-92.01,12.128,18.043,0.02,33.61,0
135.66,-77.251,-92.051,14.8,10.752,0.02,29.933,0
19.256,-66.768,-89.183,22.415,12.223,0.5135,15.456,1
11.229,-62.886,-91.205,28.319,8.57,0.5307,19.5,1
109.598,-77.612,-89.535,11.923,21.061,0.02,45.124,0
115.348,-78.455,-92.034,13.579,4.295,0.02,25.57,0
127.243,-77.997,-91.191,13.194,8.486,0.02,31.816,0
13.239,-64.085,-92.845,28.76,13.999,0.545,20.089,1
117.652,-70.242,-88.489,18.247,15.148,0.02,36.085,0
59.598,-75.66,-90.871,15.211,15.185,0.02,28.242,0
48.984,-70.346,-92.553,22.207,11.497,0.1492,23.401,0
30.088,-71.275,-92.658,21.383,15.259,0.2206,28.42,0
149.422,-79.694,-92.382,12.688,12.185,0.02,33.892,0
14.231,-67.708,-91.893,24.186,24.257,0.3271,26.4,0
124.916,-75.808,-92.197,16.389,4.162,0.02,25.349,0
97.727,-78.987,-93.956,14.969,15.218,0.02,30.991,0
111.587,-76.58,-89.323,12.743,7.56,0.02,26.284,0
108.199,-80.441,-89.102,8.661,9.042,0.02,36.262,0
129.473,-85.099,-85.757,0.658,25.487,0.02,64.873,0
31.65,-78.518,-94.113,15.594,25.248,0.02,36.087,0
5.12,-58.278,-89.667,31.389,21.057,0.5724,24.705,1
91.787,-78.276,-98.682,20.406,5.542,0.02,21.143,0
56.31,-66.256,-89.098,22.842,5.085,0.2003,18.956,0
22.949,-67.52,-97.098,29.578,2.571,0.5874,15.38,1
31.99,-68.616,-95.445,26.829,22.293,0.3614,33.537,1
53.104,-68.677,-90.837,22.16,3.459,0.4049,15.191,1
15.184,-64.762,-94.175,29.413,6.529,0.671,16.692,1
13.252,-65.095,-94.654,29.559,5.559,0.5356,13.027,1
137.824,-79.451,-93.697,14.246,5.006,0.02,26.311,0
50.255,-67.895,-89.446,21.551,1.322,0.2825,13.436,1
147.423,-72.868,-95.265,22.397,6.054,0.02,26.584,0
144.833,-84.017,-92.19,8.172,9.612,0.02,42.53,0
25.673,-66.916,-93.325,26.409,2.954,0.5869,15.553,1
108.664,-79.091,-89.13,10.039,4.42,0.02,28.789,0
92.117,-80.363,-89.032,8.669,20.159,0.02,44.653,0
105.144,-71.798,-98.423,26.625,3.768,0.02,20.944,0
18.948,-68.131,-88.342,20.211,7.824,0.4685,14.593,1
32.341,-74.442,-94.138,19.696,8.234,0.1796,15.918,0
16.113,-63.424,-91.173,27.749,4.497,0.6506,18.029,1
92.599,-77.427,-95.286,17.859,16.416,0.02,30.175,0
148.056,-83.73,-90.701,6.971,19.617,0.02,53.289,0
102.438,-78.483,-83.07,4.587,2.275,0.02,35.844,0
108.06,-76.967,-91.555,14.588,5.466,0.02,21.325,0
147.765,-83.421,-93.609,10.189,4.207,0.02,34.358,0
103.312,-76.092,-92.813,16.72,6.573,0.02,24.985,0
10.826,-63.06,-97.142,34.081,8.246,0.5973,16.443,1
130.716,-73.801,-86.929,13.128,1.421,0.02,23.882,0
57.878,-72.705,-90.905,18.2,8.215,0.02,21.175,0
5.633,-61.365,-95.671,34.306,25.385,0.538,32.592,1
78.549,-78.504,-95.557,17.054,18.379,0.02,30.243,0
140.867,-85.906,-91.947,6.04,9.538,0.02,46.807,0
42.313,-70.558,-88.738,18.18,1.728,0.3153,15.504,0
76.269,-77.516,-96.028,18.513,14.86,0.02,22.987,0
30.198,-68.53,-88.103,19.573,5.942,0.3848,15.808,1
13.365,-65.873,-92.321,26.448,17.35,0.3443,30.275,1
16.679,-62.189,-95.256,33.067,15.514,0.5336,24.524,1
110.417,-78.615,-93.637,15.022,6.516,0.02,23.094,0
130.291,-81.734,-85.88,4.146,7.738,0.02,44.789,0
25.778,-72.253,-96.859,24.606,4.312,0.41,9.163,1
46.806,-72.248,-94.562,22.314,1.844,0.0942,15.012,0
33.279,-72.933,-88.666,15.733,8.102,0.3252,17.366,0
8.894,-65.564,-91.242,25.679,13.339,0.497,21.002,1
85.248,-77.412,-94.769,17.358,8.845,0.02,21.16,0
106.489,-74.325,-88.623,14.298,7.432,0.02,25.244,0
98.942,-75.37,-88.457,13.087,12.16,0.02,24.987,0
61.268,-77.708,-90.84,13.132,7.251,0.0591,21.722,0
85.476,-76.526,-94.143,17.618,9.549,0.02,25.445,0
18.644,-64.141,-93.604,29.463,6.327,0.5107,18.343,1
27.374,-66.652,-91.004,24.352,7.959,0.302,24.061,1
140.11,-73.905,-96.592,22.687,2.781,0.02,22.466,0
115.419,-81.279,-87.353,6.073,4.788,0.02,37.613,0
138.797,-85.73,-86.049,0.319,24.89,0.02,63.994,0
137.919,-80.535,-92.826,12.291,2.484,0.02,27.072,0
99.162,-79.867,-90.754,10.886,26.043,0.02,47.336,0
139.595,-88.155,-87.85,-0.305,9.273,0.02,51.336,0
65.422,-73.916,-85.156,11.24,1.808,0.02,26.102,0
5.524,-64.07,-86.551,22.481,15.148,0.3457,21.44,1
14.073,-62.669,-98.074,35.405,2.357,0.6537,8.67,1
20.876,-61.552,-93.104,31.552,14.157,0.4122,23.288,1
18.826,-63.75,-90.248,26.498,11.202,0.7289,17.279,1
55.997,-77.226,-93.73,16.504,8.801,0.0455,20.599,0
106.684,-79.566,-85.76,6.195,10.218,0.02,42.841,0
119.644,-81.858,-86.297,4.44,10.628,0.02,43.694,0
90.581,-72.656,-94.856,22.2,7.052,0.02,24.706,0
26.233,-78.587,-92.568,13.981,27.319,0.02,36.113,0
113.446,-82.138,-94.623,12.485,20.638,0.02,42.092,0
56.446,-76.879,-92.683,15.804,14.733,0.0544,25.164,0
6.884,-62.009,-92.789,30.78,6.339,0.6458,16.422,1
45.685,-66.569,-88.66,22.091,5.858,0.2255,14.547,0
52.937,-78.213,-95.11,16.897,10.588,0.0601,20.821,0
44.766,-74.996,-101.159,26.163,5.906,0.2446,17.995,1
122.721,-73.874,-97.616,23.742,7.105,0.02,28.729,0
115.189,-80.083,-95.599,15.516,14.926,0.02,33.481,0
105.855,-80.974,-94.295,13.32,21.18,0.02,41.28,0
25.156,-70.258,-91.345,21.087,10.774,0.2697,17.166,0
122.136,-79.163,-95.779,16.616,9.753,0.02,28.201,0
103.191,-77.666,-96.239,18.573,1.718,0.02,20.462,0
33.251,-73.253,-95.253,22.0,14.42,0.331,24.443,0
98.974,-83.062,-95.905,12.843,15.566,0.02,32.223,0
75.109,-77.341,-93.941,16.6,18.171,0.02,29.757,0
68.706,-82.0,-94.091,12.091,35.0,0.02,50.114,0
21.258,-67.605,-89.588,21.983,5.704,0.4305,17.125,1
80.154,-76.935,-95.463,18.529,23.172,0.02,42.121,0
19.49,-70.292,-93.252,22.96,21.606,0.2796,26.668,0
28.817,-69.478,-93.908,24.43,9.887,0.3651,19.906,1
24.219,-61.417,-89.169,27.752,2.376,0.4127,10.012,1
143.346,-81.146,-92.54,11.394,19.891,0.02,45.225,0
46.305,-76.821,-88.323,11.501,23.677,0.0426,37.875,0
56.505,-75.774,-96.033,20.259,3.165,0.1194,17.52,0
51.702,-74.336,-92.173,17.836,13.53,0.172,20.377,0
135.246,-77.421,-94.016,16.595,9.346,0.02,29.105,0
86.63,-78.382,-96.291,17.909,8.961,0.02,24.999,0
138.278,-78.558,-92.236,13.678,1.799,0.02,25.809,0
48.489,-76.544,-85.935,9.39,19.555,0.02,39.122,0
21.651,-67.685,-94.985,27.3,6.39,0.3567,16.311,1
85.652,-84.546,-92.446,7.9,29.869,0.02,56.529,0
55.103,-72.54,-96.593,24.053,7.48,0.0989,23.567,0
121.276,-78.051,-97.107,19.056,5.725,0.02,24.757,0
132.516,-74.785,-94.755,19.971,6.269,0.02,25.593,0
73.523,-75.105,-93.575,18.47,7.777,0.02,22.853,0
145.847,-82.294,-93.42,11.126,7.605,0.02,36.873,0
85.187,-74.462,-92.791,18.329,19.603,0.02,34.265,0
44.283,-70.769,-97.769,27.001,7.544,0.2268,16.496,1
75.901,-77.898,-94.191,16.293,21.838,0.02,37.643,0
10.41,-64.192,-90.244,26.052,19.281,0.5225,27.381,1
121.58,-80.425,-96.754,16.329,17.529,0.02,40.331,0
19.708,-70.412,-93.243,22.831,15.427,0.3624,21.986,1
49.769,-72.149,-90.975,18.826,3.613,0.1367,16.823,0
86.971,-78.951,-94.738,15.787,16.165,0.02,32.327,0
11.231,-63.632,-90.805,27.173,19.325,0.3784,25.957,1
16.501,-64.711,-97.324,32.612,22.753,0.3697,27.759,1
105.937,-73.919,-88.89,14.972,1.929,0.02,21.073,0
15.408,-65.236,-90.72,25.483,18.681,0.3781,25.28,1
74.177,-79.523,-91.805,12.282,1.991,0.0421,21.084,0
54.111,-75.876,-88.063,12.187,14.044,0.02,30.092,0
38.072,-77.266,-93.153,15.886,12.403,0.2113,20.326,0
32.373,-65.803,-94.162,28.359,4.283,0.3946,14.007,1
115.695,-79.352,-87.196,7.844,9.737,0.02,37.328,0
142.974,-80.616,-85.557,4.941,8.301,0.02,44.018,0
25.326,-71.133,-94.427,23.294,12.947,0.3844,23.372,1
144.154,-76.667,-92.398,15.731,9.443,0.02,31.717,0
91.241,-77.431,-88.342,10.912,11.716,0.02,35.57,0
98.041,-77.678,-92.274,14.595,7.215,0.02,25.256,0
107.939,-83.185,-89.919,6.734,35.0,0.02,66.86,0
107.097,-78.289,-89.269,10.98,11.943,0.02,36.063,0
123.873,-79.185,-93.968,14.783,6.319,0.02,23.044,0
75.103,-71.452,-90.533,19.08,6.001,0.02,19.942,0
82.337,-74.04,-92.022,17.981,15.592,0.02,38.252,0
51.955,-78.198,-96.259,18.061,35.0,0.02,41.345,0
20.262,-71.422,-95.464,24.042,20.763,0.3315,29.908,0
101.373,-76.954,-94.283,17.33,9.053,0.02,31.934,0
9.873,-62.063,-88.75,26.687,1.684,0.5584,7.439,1
44.967,-67.097,-88.635,21.539,4.512,0.1518,20.528,0
18.663,-60.77,-89.375,28.605,5.588,0.4484,18.862,1
32.655,-66.404,-90.46,24.055,1.57,0.3059,12.018,1
97.616,-80.925,-90.555,9.63,7.915,0.02,27.737,0
96.129,-80.002,-91.029,11.026,14.257,0.02,37.579,0
66.053,-75.092,-90.573,15.482,6.727,0.02,20.489,0
18.075,-70.018,-90.336,20.318,16.783,0.4387,24.498,1
67.839,-75.425,-96.915,21.49,5.932,0.0711,21.854,0
56.148,-71.842,-94.766,22.924,2.624,0.3213,16.061,1
109.467,-76.093,-95.601,19.508,5.104,0.02,19.632,0
88.959,-72.271,-88.125,15.854,4.615,0.02,20.815,0
76.277,-74.614,-86.211,11.597,2.031,0.02,23.183,0
75.612,-75.735,-99.592,23.856,3.768,0.02,20.241,0
145.113,-82.735,-86.523,3.788,1.3,0.02,42.627,0
114.663,-76.171,-91.696,15.525,1.195,0.02,15.744,0
77.062,-76.893,-88.455,11.562,6.613,0.02,29.049,0
74.487,-75.702,-90.227,14.526,5.504,0.1523,20.162,0
8.839,-67.206,-86.959,19.752,31.725,0.3194,37.954,0
141.664,-80.839,-91.266,10.427,3.923,0.02,34.322,0
51.28,-70.476,-96.772,26.296,6.249,0.2335,16.904,1
42.111,-72.247,-92.37,20.122,10.333,0.1815,20.601,0
149.914,-77.671,-90.195,12.524,17.619,0.02,43.774,0
109.21,-84.423,-92.756,8.333,22.188,0.02,46.794,0
11.868,-59.544,-89.698,30.154,10.431,0.6249,19.451,1
13.973,-65.424,-92.23,26.805,8.007,0.4946,13.959,1
8.698,-60.188,-94.084,33.896,4.865,0.7231,16.322,1
91.945,-75.845,-95.801,19.956,9.465,0.02,27.642,0
15.377,-64.129,-93.371,29.242,21.0,0.3776,26.572,1
140.341,-77.02,-91.284,14.264,9.221,0.02,34.134,0
140.851,-77.69,-98.858,21.168,12.154,0.02,34.122,0
84.178,-78.678,-94.73,16.052,16.165,0.02,28.624,0
94.413,-72.467,-98.988,26.522,11.434,0.02,29.49,0
47.325,-71.569,-94.16,22.591,12.974,0.2836,26.232,0
14.276,-73.556,-87.809,14.253,11.186,0.3104,16.618,0
111.932,-77.339,-96.151,18.812,3.585,0.02,16.382,0
19.759,-67.741,-89.539,21.798,9.635,0.3779,17.673,1
17.406,-66.819,-82.029,15.21,10.453,0.2394,17.339,0
50.127,-74.572,-86.913,12.341,26.714,0.02,42.402,0
6.808,-57.329,-91.533,34.203,4.927,0.5718,11.485,1
67.935,-77.298,-88.995,11.697,10.097,0.02,27.035,0
107.614,-73.254,-96.794,23.54,6.583,0.02,29.253,0
121.196,-86.168,-97.507,11.339,25.202,0.02,51.113,0
92.625,-83.276,-91.9,8.624,19.067,0.02,39.579,0
127.797,-82.89,-90.605,7.715,9.956,0.02,43.357,0
63.943,-71.548,-88.17,16.621,0.259,0.087,18.592,0
128.072,-80.485,-93.991,13.506,19.656,0.02,40.287,0
78.439,-77.123,-91.323,14.2,2.185,0.0597,18.001,0
37.34,-71.149,-91.443,20.294,1.36,0.4585,8.282,1
141.901,-81.748,-92.46,10.712,16.836,0.02,40.037,0
44.871,-76.08,-92.254,16.173,12.535,0.206,23.543,0
8.799,-58.99,-94.991,36.002,11.691,0.5814,18.277,1
40.188,-65.929,-91.021,25.092,5.127,0.3631,15.828,1
58.17,-73.069,-91.317,18.249,1.822,0.121,16.404,0
55.946,-70.938,-93.54,22.602,0.387,0.2441,18.436,0
81.077,-76.482,-89.67,13.188,11.644,0.02,27.704,0
133.053,-74.345,-88.403,14.057,2.636,0.02,23.582,0
47.389,-67.56,-89.629,22.069,13.182,0.0601,24.324,0
80.512,-76.107,-95.649,19.542,3.021,0.02,18.17,0
54.32,-73.626,-91.651,18.025,10.141,0.02,26.85,0
124.157,-75.555,-95.19,19.635,3.449,0.02,23.084,0
27.852,-69.173,-91.662,22.489,15.772,0.3656,27.311,0
20.009,-69.747,-95.176,25.43,11.282,0.521,26.68,1
77.934,-81.523,-87.53,6.007,9.464,0.02,41.299,0
102.424,-78.695,-89.258,10.563,4.007,0.02,27.661,0
120.351,-76.653,-87.965,11.311,2.072,0.02,25.953,0
90.496,-78.764,-88.319,9.555,11.703,0.02,32.87,0
117.208,-81.252,-92.947,11.695,5.247,0.02,29.386,0
61.943,-76.146,-93.49,17.344,8.989,0.02,18.397,0
9.766,-55.994,-85.904,29.91,8.578,0.4439,22.351,1
21.834,-70.373,-92.578,22.205,8.131,0.3434,16.193,1
10.615,-65.138,-96.741,31.603,19.219,0.4474,26.512,1
52.697,-74.685,-88.474,13.789,8.265,0.2507,23.142,0
76.846,-68.94,-91.497,22.557,3.517,0.0344,15.909,0
56.666,-79.176,-86.729,7.554,13.849,0.02,39.116,0
86.287,-79.966,-91.15,11.184,13.499,0.02,35.362,0
74.688,-74.665,-92.07,17.405,4.762,0.02,19.13,0
103.302,-76.46,-86.659,10.198,4.034,0.02,29.695,0
101.71,-74.93,-97.385,22.455,11.227,0.02,28.13,0
51.119,-68.771,-94.049,25.277,2.787,0.3144,15.649,1
55.201,-76.18,-95.106,18.925,11.33,0.0741,22.108,0
89.846,-78.833,-99.683,20.85,22.933,0.02,37.989,0
91.483,-78.576,-88.944,10.368,13.722,0.02,37.099,0
50.631,-77.335,-93.951,16.616,23.799,0.02,32.484,0
52.896,-70.265,-88.831,18.567,9.037,0.1829,22.206,0
105.637,-77.352,-90.638,13.286,9.017,0.02,24.325,0
98.875,-73.035,-89.875,16.84,9.832,0.02,29.906,0
24.582,-67.184,-93.594,26.409,12.158,0.4675,18.406,1
68.951,-72.893,-94.675,21.782,11.635,0.0308,21.121,0
134.442,-86.963,-91.686,4.723,4.167,0.02,38.395,0
10.264,-61.528,-88.783,27.255,8.438,0.4733,17.26,1
128.999,-80.155,-92.176,12.022,18.784,0.02,41.306,0
28.661,-66.347,-94.457,28.11,3.393,0.3312,16.029,1
78.551,-71.571,-96.197,24.626,9.818,0.0996,24.176,0
66.529,-73.632,-91.285,17.653,11.996,0.02,25.036,0
6.469,-62.927,-93.939,31.012,11.993,0.5061,19.202,1
137.733,-76.929,-92.251,15.322,2.018,0.02,27.968,0
70.964,-71.682,-92.836,21.154,3.308,0.0579,17.157,0
143.369,-83.909,-93.556,9.647,18.304,0.02,52.716,0
46.578,-75.459,-90.972,15.513,18.1,0.02,34.046,0
130.61,-77.151,-90.059,12.908,8.726,0.02,29.022,0
138.746,-80.344,-85.122,4.777,10.846,0.02,48.415,0
85.741,-72.295,-89.347,17.052,3.701,0.02,18.516,0
34.388,-68.439,-86.422,17.984,2.547,0.3083,14.254,0
104.361,-83.032,-94.865,11.833,1.433,0.02,20.316,0
84.602,-75.062,-97.603,22.541,2.493,0.02,18.651,0
141.957,-81.694,-92.051,10.357,10.838,0.02,45.589,0
68.694,-72.991,-88.997,16.006,7.758,0.02,20.076,0
43.934,-70.794,-89.546,18.752,9.415,0.1835,22.954,0
25.052,-70.963,-87.76,16.798,9.296,0.1881,19.419,0
106.302,-76.367,-100.878,24.511,3.218,0.02,20.439,0
146.246,-79.193,-87.615,8.422,11.328,0.02,45.313,0
9.11,-61.912,-90.826,28.914,19.992,0.6084,26.002,1
112.365,-74.426,-97.404,22.978,3.268,0.02,22.331,0
139.405,-82.912,-89.468,6.556,8.215,0.02,41.999,0
15.843,-66.39,-91.407,25.017,14.154,0.4828,25.623,1
20.975,-75.336,-90.666,15.329,18.061,0.2392,25.629,0
105.334,-75.173,-88.503,13.33,12.295,0.02,37.84,0
98.955,-76.192,-90.494,14.302,3.69,0.02,17.961,0
14.98,-63.211,-97.155,33.943,1.257,0.8082,9.378,1
125.991,-79.125,-92.501,13.376,6.594,0.02,32.149,0
80.896,-74.398,-97.662,23.264,7.476,0.02,21.644,0
136.544,-78.474,-89.728,11.254,18.078,0.02,43.846,0
132.309,-79.856,-87.107,7.251,6.102,0.02,35.409,0
122.814,-76.651,-96.345,19.694,3.175,0.02,19.833,0
79.805,-73.951,-94.35,20.399,4.48,0.02,18.965,0
41.498,-78.743,-95.088,16.345,12.213,0.0446,25.274,0
78.366,-77.977,-93.589,15.612,8.65,0.02,22.355,0
19.618,-64.703,-90.557,25.853,7.555,0.5041,16.779,1
100.533,-75.831,-93.551,17.719,18.398,0.02,33.6,0
24.427,-62.085,-89.716,27.632,0.698,0.5501,13.015,1
79.12,-81.089,-88.271,7.182,16.131,0.02,37.611,0
12.885,-58.62,-88.144,29.524,0.2,0.6974,9.43,1
48.429,-70.785,-95.914,25.128,15.533,0.316,26.192,0
38.652,-69.919,-87.149,17.23,9.729,0.2858,18.587,0
94.905,-83.366,-86.869,3.503,9.265,0.02,45.208,0
119.084,-80.526,-86.566,6.04,9.422,0.02,36.837,0
13.309,-64.582,-92.552,27.97,15.523,0.3285,24.45,1
128.291,-78.869,-94.631,15.762,3.068,0.02,24.967,0
129.811,-86.773,-95.445,8.672,13.186,0.02,40.966,0
54.629,-75.569,-95.856,20.288,15.847,0.1918,32.831,0
100.556,-80.227,-91.959,11.733,7.898,0.02,31.057,0
63.379,-71.888,-89.033,17.144,5.066,0.0867,17.343,0
27.358,-65.689,-87.427,21.738,1.595,0.5317,13.948,1
81.656,-79.839,-93.699,13.86,35.0,0.02,48.322,0
17.522,-66.699,-92.135,25.436,9.387,0.4735,17.428,1
132.378,-77.966,-92.365,14.399,1.305,0.02,26.311,0
139.022,-79.062,-94.223,15.162,3.521,0.02,26.667,0
124.134,-75.645,-89.425,13.78,5.337,0.02,29.852,0
86.567,-79.637,-90.73,11.094,16.112,0.02,30.658,0
85.852,-77.732,-91.504,13.771,3.522,0.02,22.613,0
147.768,-76.67,-90.746,14.076,5.122,0.02,32.73,0
40.946,-70.007,-89.846,19.839,14.287,0.1552,22.407,0
16.013,-62.963,-89.881,26.918,6.365,0.498,16.019,1
86.481,-71.888,-94.935,23.046,9.096,0.02,24.537,0
52.674,-65.559,-88.863,23.304,2.31,0.3557,17.412,1
51.739,-68.109,-91.106,22.997,2.815,0.1293,14.614,0
6.027,-59.176,-93.521,34.345,3.176,0.7519,13.719,1
91.455,-74.333,-91.18,16.847,8.154,0.02,24.035,0
43.285,-71.471,-90.794,19.323,9.021,0.286,27.518,0
32.239,-71.58,-88.214,16.634,9.712,0.1909,21.153,0
10.863,-66.285,-95.662,29.377,18.35,0.5193,31.605,1
57.832,-72.21,-87.363,15.153,5.032,0.2188,20.215,0
132.45,-75.688,-91.919,16.231,1.844,0.02,22.239,0
53.817,-70.288,-93.772,23.484,14.574,0.0385,26.886,0
103.466,-76.049,-93.879,17.829,10.092,0.02,28.683,0
114.699,-77.824,-95.505,17.681,13.883,0.02,26.511,0
52.575,-73.98,-98.093,24.113,10.07,0.1347,25.01,0
124.138,-77.767,-89.629,11.862,5.488,0.02,30.454,0
105.323,-81.759,-85.067,3.308,5.486,0.02,41.488,0
86.09,-73.99,-97.662,23.672,4.549,0.0263,22.534,0
5.144,-57.982,-95.326,37.345,20.398,0.67,23.921,1
10.088,-60.73,-89.369,28.64,32.974,0.4573,39.188,1
148.676,-81.24,-92.16,10.92,12.742,0.02,40.348,0
118.431,-74.819,-89.08,14.261,7.003,0.02,24.349,0
140.947,-80.596,-92.356,11.76,4.86,0.02,34.914,0
135.834,-75.124,-94.032,18.909,11.35,0.02,36.76,0
7.964,-54.354,-92.79,38.436,2.34,0.8074,10.212,1
119.818,-76.164,-100.337,24.173,12.437,0.02,32.726,0
70.416,-74.122,-96.002,21.88,4.617,0.02,19.319,0
119.486,-77.783,-88.681,10.898,0.315,0.02,25.339,0
5.974,-62.142,-87.828,25.687,23.962,0.3686,29.307,1
46.789,-76.428,-87.078,10.651,14.853,0.241,29.239,0
113.942,-75.735,-90.457,14.722,2.071,0.02,22.809,0
119.988,-81.15,-99.896,18.746,16.613,0.02,33.605,0
94.859,-75.212,-94.223,19.011,4.551,0.02,23.325,0
48.682,-73.579,-87.364,13.785,16.371,0.0664,28.42,0
50.003,-75.835,-86.319,10.485,8.065,0.1718,23.864,0
145.181,-76.922,-87.231,10.309,8.493,0.02,35.229,0
68.686,-74.725,-92.827,18.102,9.036,0.02,24.097,0
69.833,-72.36,-96.573,24.213,8.124,0.02,21.627,0
85.088,-78.875,-92.142,13.267,3.422,0.02,19.894,0
64.378,-79.849,-91.948,12.099,24.005,0.02,44.31,0
85.137,-78.412,-86.521,8.108,12.684,0.02,34.365,0
67.689,-72.917,-91.203,18.286,2.704,0.02,20.642,0
124.874,-78.698,-91.942,13.244,5.136,0.02,30.566,0
136.812,-78.741,-91.743,13.002,24.198,0.02,48.65,0
140.156,-75.462,-90.6,15.139,2.017,0.02,25.921,0
86.823,-79.5,-89.807,10.308,12.361,0.02,32.627,0
69.112,-65.05,-94.536,29.486,3.196,0.089,16.587,0
107.26,-77.447,-95.702,18.255,4.446,0.02,27.717,0
126.557,-75.199,-87.203,12.004,8.096,0.02,34.961,0
86.632,-77.987,-97.744,19.757,11.568,0.02,28.514,0
106.497,-76.231,-86.268,10.037,9.256,0.02,32.697,0
113.711,-74.436,-98.687,24.251,2.882,0.02,19.945,0
103.077,-85.24,-94.046,8.806,23.499,0.02,45.421,0
113.189,-74.18,-88.599,14.419,13.717,0.02,30.943,0
35.254,-74.743,-91.999,17.255,19.139,0.2495,28.284,0
77.264,-76.627,-96.608,19.981,7.778,0.0956,23.352,0
90.299,-79.803,-90.508,10.704,14.402,0.02,39.224,0
5.359,-61.041,-91.765,30.725,19.283,0.5075,31.446,1
129.115,-81.317,-92.756,11.44,10.821,0.02,39.611,0
93.454,-81.042,-94.184,13.141,10.572,0.02,26.521,0
23.725,-65.977,-92.121,26.144,12.204,0.3149,19.676,1
123.372,-79.36,-94.037,14.676,12.151,0.02,29.557,0
108.973,-79.031,-83.479,4.448,11.013,0.02,46.552,0
114.953,-76.882,-92.84,15.958,15.725,0.02,35.86,0
61.846,-68.71,-93.308,24.598,7.66,0.02,20.113,0
128.859,-86.736,-93.896,7.159,22.39,0.02,52.015,0
65.034,-68.144,-85.781,17.637,0.939,0.0866,16.192,0
87.724,-77.812,-97.737,19.924,14.182,0.02,31.213,0
5.093,-63.484,-90.742,27.258,21.517,0.4671,31.286,1
98.507,-75.489,-92.838,17.349,5.074,0.02,23.246,0
109.135,-78.017,-96.982,18.965,6.213,0.02,24.298,0
87.231,-76.826,-94.867,18.041,22.701,0.02,38.497,0
77.001,-76.385,-90.891,14.506,14.103,0.02,28.876,0
122.441,-79.117,-95.025,15.909,14.819,0.02,34.898,0
103.799,-78.847,-91.092,12.244,7.33,0.02,28.685,0
45.321,-74.772,-85.948,11.176,6.848,0.1863,27.346,0
144.066,-77.598,-91.403,13.805,7.35,0.02,34.206,0
107.554,-79.24,-97.087,17.848,6.711,0.02,24.618,0
148.251,-78.834,-94.964,16.13,7.442,0.02,35.033,0
145.833,-76.593,-92.999,16.406,13.06,0.02,35.159,0
138.242,-79.848,-93.233,13.385,6.511,0.02,31.311,0
114.529,-75.304,-91.468,16.164,3.225,0.02,26.262,0
93.367,-79.585,-90.906,11.322,20.767,0.02,46.546,0
29.965,-69.543,-85.943,16.4,5.033,0.1554,18.781,0
83.786,-80.516,-92.013,11.497,6.207,0.02,28.002,0
115.98,-77.419,-96.033,18.614,2.271,0.02,21.005,0
80.524,-76.94,-87.962,11.022,10.679,0.02,32.332,0
130.895,-81.276,-87.579,6.303,4.883,0.02,39.467,0
20.9,-71.665,-91.186,19.521,3.105,0.3967,14.235,1
60.236,-80.656,-92.862,12.206,16.756,0.02,32.751,0
78.365,-74.187,-89.821,15.634,27.102,0.02,38.638,0
67.687,-74.1,-92.739,18.639,5.542,0.0445,20.559,0
20.745,-72.042,-99.195,27.153,14.229,0.4527,21.512,1
27.262,-70.849,-90.028,19.179,11.285,0.3026,16.942,0
126.455,-79.38,-88.877,9.498,9.813,0.02,35.205,0
75.236,-73.087,-86.956,13.869,2.971,0.02,18.886,0
12.065,-63.926,-94.558,30.632,10.527,0.6845,16.927,1
7.391,-54.583,-91.208,36.626,14.653,0.5663,22.671,1
73.654,-73.921,-91.133,17.212,32.171,0.02,41.349,0
28.835,-66.247,-91.701,25.455,1.101,0.5296,9.167,1
107.243,-80.221,-91.598,11.377,14.099,0.02,39.791,0
120.322,-77.914,-91.87,13.956,9.8,0.02,32.799,0
38.103,-74.598,-91.259,16.66,7.5,0.1386,19.471,0
90.866,-76.332,-89.408,13.075,20.9,0.02,42.23,0
27.394,-67.394,-87.729,20.335,5.449,0.3147,13.994,1
49.019,-79.828,-94.647,14.819,26.723,0.02,39.177,0
133.875,-79.785,-92.603,12.818,0.941,0.02,24.927,0
83.894,-74.203,-93.479,19.276,6.634,0.02,26.19,0
133.454,-86.212,-93.98,7.768,16.972,0.02,47.429,0
37.661,-73.751,-97.656,23.906,10.196,0.3513,18.841,1
52.854,-73.759,-91.915,18.156,4.878,0.2474,21.183,0
73.288,-71.875,-90.322,18.448,5.717,0.02,19.578,0
74.612,-71.134,-92.543,21.409,12.48,0.02,23.841,0
149.659,-78.349,-92.031,13.682,4.335,0.02,32.611,0
21.595,-79.261,-90.535,11.275,23.072,0.1687,37.825,0
128.535,-82.573,-87.061,4.488,8.31,0.02,40.974,0
130.234,-68.704,-93.469,24.765,7.695,0.02,27.775,0
85.214,-76.524,-96.101,19.577,11.458,0.02,26.588,0
54.885,-79.925,-92.317,12.392,2.289,0.0219,17.05,0
80.288,-69.219,-85.408,16.188,10.234,0.02,23.179,0
47.408,-81.638,-96.063,14.425,35.0,0.02,44.881,0
120.871,-77.038,-89.725,12.687,8.122,0.02,33.175,0
77.25,-79.455,-87.947,8.493,9.965,0.02,35.972,0
139.247,-74.584,-100.279,25.696,15.366,0.02,34.462,0
95.29,-84.266,-90.564,6.298,22.672,0.02,52.281,0
79.576,-78.015,-89.888,11.873,10.149,0.02,33.278,0
108.105,-74.69,-92.936,18.246,7.392,0.02,23.399,0
78.07,-79.068,-94.263,15.194,16.563,0.02,32.631,0
136.153,-77.36,-94.067,16.708,4.289,0.02,25.594,0
31.745,-69.805,-93.15,23.344,22.272,0.2819,30.618,0
146.136,-81.554,-93.057,11.504,18.163,0.02,43.976,0
122.768,-83.82,-93.718,9.898,16.224,0.02,44.132,0
129.806,-82.356,-93.206,10.849,11.831,0.02,34.366,0
75.022,-77.753,-87.832,10.079,13.918,0.02,35.001,0
126.394,-78.464,-96.251,17.787,13.908,0.02,32.322,0
49.482,-70.684,-98.122,27.438,10.957,0.1616,22.943,0
115.482,-77.299,-87.776,10.477,5.487,0.02,30.436,0
25.365,-67.02,-92.672,25.652,14.212,0.3254,21.53,1
49.523,-76.287,-93.359,17.071,2.896,0.2349,20.353,0
69.631,-73.106,-92.389,19.283,3.49,0.0815,11.641,0
51.736,-76.05,-91.268,15.218,23.091,0.02,35.462,0
61.117,-71.592,-93.834,22.242,3.414,0.1004,18.711,0
123.915,-78.976,-90.229,11.253,19.633,0.02,43.583,0
42.218,-73.637,-95.368,21.731,3.295,0.4152,15.963,1
113.066,-78.557,-93.056,14.499,7.787,0.02,28.686,0
15.688,-60.629,-99.751,39.122,8.434,0.6654,15.925,1
116.032,-76.358,-87.897,11.54,2.099,0.02,25.503,0
119.843,-79.981,-92.616,12.635,13.03,0.02,34.314,0
63.246,-76.786,-89.655,12.868,2.498,0.156,20.833,0
109.759,-75.368,-90.332,14.964,2.665,0.02,22.795,0
137.695,-82.688,-90.076,7.388,2.388,0.02,32.037,0
121.103,-77.866,-92.027,14.162,0.917,0.02,22.047,0
61.615,-77.124,-90.641,13.517,15.996,0.02,29.198,0
75.211,-73.793,-95.364,21.571,5.682,0.1187,18.393,0
118.007,-80.147,-96.099,15.952,6.919,0.02,24.949,0
47.426,-73.159,-92.354,19.195,7.704,0.082,16.985,0
121.563,-81.089,-94.379,13.291,5.916,0.02,23.471,0
52.57,-72.725,-87.011,14.286,3.157,0.069,17.416,0
121.869,-77.623,-90.687,13.064,5.382,0.02,30.201,0
17.586,-66.314,-94.508,28.194,7.663,0.5215,15.993,1
11.438,-62.285,-92.95,30.666,2.972,0.5828,14.232,1
149.663,-79.237,-91.534,12.297,5.562,0.02,33.79,0
131.071,-78.218,-92.238,14.02,17.621,0.02,36.269,0
133.013,-76.634,-91.049,14.415,5.347,0.02,24.974,0
142.936,-84.492,-91.76,7.268,11.559,0.02,40.041,0
68.556,-73.45,-96.867,23.418,12.794,0.0465,27.063,0
46.591,-66.717,-99.528,32.812,1.554,0.3191,15.432,1
23.854,-66.344,-93.308,26.964,13.017,0.2772,22.184,1
77.675,-84.521,-90.038,5.517,16.097,0.02,41.689,0
36.907,-70.476,-93.268,22.792,11.9,0.1892,22.29,0
140.655,-75.305,-87.672,12.367,6.34,0.02,33.276,0
5.58,-57.579,-92.164,34.585,2.352,0.6584,12.237,1
25.764,-60.157,-87.25,27.092,12.327,0.2828,23.036,1
40.739,-77.24,-87.968,10.728,5.613,0.0439,23.971,0
33.849,-69.276,-88.32,19.045,7.124,0.3065,20.736,0
37.738,-67.706,-96.212,28.506,4.157,0.4793,13.144,1
100.127,-76.856,-91.94,15.084,7.733,0.02,23.528,0
52.489,-72.352,-87.72,15.368,7.382,0.1119,17.623,0
94.179,-79.187,-91.047,11.86,3.334,0.02,23.865,0
134.087,-81.817,-90.06,8.243,11.181,0.02,44.656,0
92.371,-78.153,-96.858,18.704,23.046,0.02,36.142,0
105.707,-85.942,-85.284,-0.658,16.993,0.02,53.992,0
57.998,-74.187,-94.77,20.583,24.359,0.02,31.522,0
28.162,-68.422,-98.98,30.558,5.346,0.5416,17.273,1
51.485,-70.292,-93.229,22.937,3.725,0.2649,16.46,0
144.821,-76.109,-100.566,24.458,1.29,0.02,27.158,0
95.163,-65.596,-95.798,30.202,6.573,0.02,26.963,0
45.239,-67.57,-83.045,15.475,7.309,0.2521,16.344,0
70.383,-78.702,-93.33,14.628,8.605,0.02,23.155,0
126.149,-71.583,-96.997,25.414,3.187,0.02,26.68,0
101.924,-86.049,-91.911,5.862,9.801,0.02,37.991,0
86.295,-77.751,-95.142,17.392,8.137,0.02,26.43,0
133.349,-79.28,-88.974,9.694,9.924,0.02,31.498,0
102.504,-79.27,-95.113,15.844,11.547,0.02,28.514,0
98.196,-76.624,-91.052,14.428,8.896,0.02,25.078,0
32.516,-71.846,-96.015,24.168,16.65,0.0873,28.914,0
20.426,-63.119,-82.903,19.785,10.968,0.4012,18.985,1
144.946,-81.506,-90.237,8.731,8.319,0.02,40.825,0
91.834,-76.503,-92.509,16.006,4.658,0.02,22.703,0
65.274,-68.883,-93.025,24.142,6.728,0.1403,18.715,0
90.408,-72.659,-93.938,21.279,2.236,0.02,21.294,0
13.963,-65.528,-94.663,29.136,14.409,0.4775,23.744,1
124.208,-76.843,-94.759,17.916,4.686,0.02,20.884,0
36.414,-63.909,-86.126,22.217,3.652,0.3547,16.255,1
121.659,-81.846,-93.934,12.088,2.568,0.02,25.395,0
82.485,-78.616,-99.453,20.837,4.375,0.02,21.372,0
45.103,-73.111,-96.081,22.97,5.517,0.234,18.13,0
9.38,-62.513,-88.753,26.24,18.964,0.5104,28.555,1
123.296,-75.287,-92.883,17.596,4.601,0.02,26.863,0
30.587,-74.265,-92.469,18.204,21.929,0.1508,28.858,0
12.512,-68.02,-87.906,19.885,19.109,0.3672,25.181,0
114.602,-84.421,-94.72,10.299,18.613,0.02,42.184,0
55.756,-77.074,-89.787,12.713,12.45,0.0558,30.672,0
61.453,-74.744,-94.338,19.593,1.72,0.0651,14.706,0
40.825,-79.521,-89.984,10.464,17.196,0.0825,34.733,0
129.581,-79.691,-93.369,13.678,1.951,0.02,26.847,0
48.113,-74.545,-92.845,18.301,3.318,0.234,15.934,0
35.478,-70.206,-89.13,18.923,5.494,0.3204,20.838,0
49.841,-66.832,-89.382,22.55,4.74,0.235,15.91,0
34.457,-76.181,-92.579,16.398,14.941,0.2317,26.253,0
51.06,-70.834,-93.651,22.816,13.651,0.1044,26.393,0
17.026,-60.002,-86.403,26.401,7.452,0.4928,16.737,1
27.987,-66.537,-89.937,23.4,12.319,0.2648,16.561,1
65.473,-73.671,-93.369,19.698,9.126,0.02,22.082,0
132.523,-75.445,-94.286,18.841,8.07,0.02,24.167,0
13.307,-61.104,-88.413,27.309,6.006,0.5589,13.502,1
35.838,-66.189,-91.596,25.407,4.177,0.4249,15.159,1
136.71,-77.721,-92.572,14.852,0.437,0.02,28.032,0
134.052,-83.968,-91.598,7.629,14.672,0.02,46.82,0
103.52,-73.462,-90.818,17.356,4.482,0.02,19.812,0
39.869,-62.568,-92.198,29.631,4.851,0.3776,16.854,1
65.873,-74.783,-87.787,13.004,4.23,0.02,22.244,0
35.627,-70.566,-87.592,17.026,9.945,0.3231,20.765,0
23.645,-67.805,-90.138,22.334,11.721,0.4381,20.96,1
60.1,-77.697,-87.188,9.492,5.057,0.0495,24.887,0
88.494,-79.173,-91.97,12.797,8.307,0.02,28.312,0
57.19,-72.087,-89.584,17.497,5.334,0.1443,19.173,0
93.57,-78.575,-88.484,9.909,14.694,0.02,39.407,0
47.957,-72.781,-88.433,15.652,10.608,0.0581,24.441,0
55.148,-71.798,-88.794,16.996,0.984,0.1977,16.417,0
119.648,-79.695,-89.791,10.096,11.416,0.02,37.373,0
132.356,-81.811,-85.15,3.339,8.747,0.02,45.028,0
51.695,-70.707,-93.889,23.182,3.9,0.2518,18.533,0
87.87,-74.621,-92.543,17.922,3.445,0.02,17.832,0
45.334,-75.669,-92.751,17.082,13.546,0.1194,18.543,0
12.734,-63.084,-93.288,30.204,14.163,0.4227,17.677,1
111.989,-80.297,-98.961,18.663,9.119,0.02,22.721,0
29.796,-66.471,-87.188,20.717,5.137,0.5061,17.009,1
66.728,-73.936,-95.591,21.656,4.003,0.0806,18.607,0
75.622,-73.522,-91.406,17.884,4.148,0.02,21.264,0
31.748,-68.542,-96.977,28.435,6.13,0.4925,17.986,1
18.711,-67.622,-89.827,22.205,16.417,0.2763,27.241,0
55.462,-71.041,-94.749,23.708,1.508,0.2744,17.729,1
143.081,-77.405,-95.976,18.571,8.127,0.02,31.986,0
94.195,-76.275,-91.32,15.045,6.178,0.02,25.396,0
60.304,-74.139,-94.453,20.314,10.748,0.1558,27.799,0
10.642,-61.962,-94.01,32.047,3.259,0.7115,17.202,1
92.04,-82.051,-91.399,9.348,6.773,0.02,31.4,0
18.377,-66.736,-89.2,22.464,13.963,0.4345,26.246,1
83.669,-80.215,-94.864,14.649,9.193,0.02,23.674,0
114.033,-79.516,-95.469,15.953,5.446,0.02,22.985,0
66.42,-76.335,-91.918,15.583,3.818,0.02,22.224,0
48.415,-76.756,-90.113,13.357,19.136,0.02,32.619,0
11.871,-63.439,-86.88,23.441,2.329,0.6456,7.119,1
8.593,-61.492,-95.75,34.257,20.932,0.6116,24.702,1
67.354,-73.874,-93.113,19.238,9.012,0.02,20.914,0
133.085,-78.929,-87.885,8.956,7.297,0.02,33.401,0
40.389,-69.128,-85.094,15.966,16.198,0.0627,27.956,0
88.238,-69.113,-95.476,26.363,16.706,0.02,29.701,0
104.224,-76.287,-94.586,18.299,8.528,0.02,25.398,0
13.82,-61.543,-90.666,29.123,11.013,0.5476,17.776,1
27.2,-66.506,-94.022,27.517,2.886,0.4319,9.904,1
53.035,-70.826,-94.657,23.831,6.801,0.3011,16.133,0
102.164,-81.763,-91.144,9.382,4.622,0.02,32.52,0
68.66,-85.188,-86.577,1.389,19.35,0.02,52.153,0
111.458,-86.535,-96.583,10.049,18.111,0.02,34.383,0
130.802,-80.146,-86.756,6.609,2.952,0.02,33.896,0
114.964,-73.24,-94.012,20.771,2.777,0.02,24.227,0
148.876,-79.228,-90.79,11.562,7.063,0.02,35.47,0
114.382,-82.209,-86.432,4.223,21.435,0.02,59.13,0
128.566,-76.994,-90.861,13.868,5.697,0.02,26.925,0
125.693,-82.64,-93.041,10.401,31.47,0.02,56.27,0
110.889,-81.08,-89.486,8.406,2.401,0.02,28.273,0
121.261,-76.643,-92.606,15.963,4.47,0.02,20.283,0
140.529,-76.258,-90.175,13.918,2.869,0.02,27.062,0
73.905,-69.139,-92.716,23.577,8.632,0.02,22.177,0
97.552,-76.998,-88.986,11.987,5.578,0.02,33.656,0
79.666,-73.182,-96.88,23.698,20.133,0.02,32.616,0
128.4,-79.808,-95.547,15.739,5.201,0.02,24.468,0
67.547,-68.982,-96.931,27.95,14.355,0.02,27.876,0
123.86,-79.697,-92.198,12.5,3.043,0.02,28.976,0
120.906,-76.502,-97.353,20.851,6.473,0.02,28.056,0
144.473,-77.761,-94.421,16.661,1.237,0.02,19.409,0
41.094,-69.503,-95.876,26.374,21.675,0.2301,34.885,0
107.895,-73.688,-86.821,13.134,7.038,0.02,27.328,0
114.753,-82.757,-95.467,12.711,14.284,0.02,28.839,0
140.76,-79.559,-96.503,16.943,1.793,0.02,23.696,0
136.501,-72.039,-91.131,19.092,2.197,0.02,21.082,0
88.161,-75.267,-86.096,10.829,3.116,0.02,28.418,0
88.977,-73.521,-92.406,18.885,4.789,0.02,22.07,0
29.257,-73.799,-92.136,18.336,16.559,0.2932,28.519,0
146.37,-80.281,-87.482,7.201,5.399,0.02,41.399,0
41.978,-74.21,-88.926,14.717,11.494,0.2175,21.797,0
110.087,-78.741,-90.511,11.77,25.172,0.02,46.809,0
120.39,-76.139,-94.038,17.899,6.231,0.02,28.489,0
68.976,-69.968,-90.404,20.436,2.017,0.0809,17.269,0
35.623,-72.535,-96.763,24.228,3.174,0.5171,12.36,1
32.399,-68.795,-94.183,25.388,12.279,0.3712,25.902,1
129.192,-78.466,-86.99,8.523,4.653,0.02,34.238,0
79.06,-81.871,-87.443,5.572,1.766,0.02,28.727,0
18.07,-69.538,-90.469,20.931,35.0,0.1474,46.096,0
108.968,-76.029,-98.753,22.724,17.458,0.02,29.846,0
41.275,-65.703,-96.229,30.526,3.737,0.466,13.824,1
132.077,-83.844,-94.378,10.535,29.939,0.02,52.971,0
49.888,-75.461,-92.601,17.14,34.828,0.02,46.527,0
34.039,-71.922,-96.376,24.455,26.149,0.1683,34.062,0
17.304,-67.186,-92.862,25.676,6.393,0.5378,13.772,1
79.172,-78.41,-85.814,7.404,7.634,0.02,36.031,0
70.357,-75.892,-90.597,14.705,11.874,0.02,28.089,0
113.94,-78.264,-91.234,12.97,4.168,0.02,25.268,0
72.367,-76.607,-95.561,18.955,16.512,0.02,30.681,0
54.853,-74.946,-97.736,22.791,10.244,0.0845,19.887,0
42.94,-72.539,-96.299,23.76,16.171,0.1144,26.275,0
45.331,-74.61,-97.878,23.268,5.458,0.1376,17.27,0
139.538,-75.493,-91.737,16.244,9.662,0.02,27.413,0
28.936,-73.173,-90.656,17.484,2.567,0.2579,9.07,0
148.286,-79.8,-95.379,15.578,5.014,0.02,26.345,0
52.403,-73.119,-91.482,18.363,5.911,0.1812,21.198,0
17.817,-66.683,-86.859,20.176,12.233,0.4578,22.242,1
41.06,-75.245,-85.148,9.903,15.411,0.02,31.613,0
13.47,-67.021,-89.304,22.282,3.009,0.6841,18.54,1
119.554,-80.165,-92.612,12.447,19.143,0.02,38.078,0
79.32,-77.053,-89.417,12.364,11.157,0.02,31.039,0
53.863,-72.964,-87.269,14.305,13.002,0.0636,24.74,0
100.997,-83.9,-99.025,15.125,15.323,0.02,34.925,0
96.444,-71.134,-86.813,15.679,3.592,0.02,20.593,0
141.281,-82.238,-93.906,11.668,18.905,0.02,43.21,0
144.383,-88.437,-93.872,5.435,4.719,0.02,42.486,0
103.699,-76.97,-93.242,16.272,7.339,0.02,24.561,0
123.583,-79.99,-90.88,10.89,6.433,0.02,33.749,0
119.902,-86.478,-95.889,9.412,30.001,0.02,54.54,0
76.239,-70.979,-92.997,22.018,3.719,0.035,12.404,0
107.146,-78.75,-90.162,11.412,26.215,0.02,52.722,0
16.348,-66.568,-91.235,24.667,21.807,0.3924,30.557,1
114.913,-77.029,-90.667,13.638,2.389,0.02,22.776,0
144.466,-77.778,-93.134,15.356,4.599,0.02,29.996,0
17.321,-69.303,-89.572,20.269,4.677,0.5425,11.524,1
126.237,-79.498,-88.303,8.804,13.189,0.02,38.89,0
140.282,-78.245,-88.512,10.267,18.947,0.02,42.17,0
37.797,-66.873,-90.503,23.631,4.686,0.3306,15.496,1
81.098,-77.89,-88.714,10.824,1.889,0.02,22.004,0
139.539,-80.218,-88.951,8.734,13.213,0.02,41.892,0
144.233,-83.491,-82.632,-0.859,8.808,0.02,48.88,0
23.543,-65.76,-87.737,21.976,2.326,0.4648,10.733,1
55.606,-76.382,-92.311,15.929,11.934,0.054,25.439,0
106.231,-80.507,-95.191,14.684,8.302,0.02,29.952,0
37.126,-68.46,-92.914,24.454,3.015,0.3303,14.538,1
52.092,-74.526,-93.161,18.636,5.318,0.2964,16.751,0
8.377,-65.984,-90.21,24.226,25.067,0.325,32.973,1
27.261,-65.812,-94.451,28.639,0.411,0.3577,14.039,1
86.538,-79.936,-87.827,7.892,3.396,0.0839,32.469,0
99.698,-77.183,-96.863,19.681,2.106,0.02,21.144,0
99.092,-81.677,-97.714,16.037,6.565,0.02,21.933,0
117.862,-82.891,-92.473,9.582,9.337,0.02,35.637,0
65.216,-70.833,-94.949,24.116,7.494,0.0958,21.872,0
44.656,-73.104,-96.404,23.3,8.203,0.183,13.713,0
7.259,-61.707,-94.23,32.523,9.821,0.7381,17.633,1
34.961,-67.017,-94.665,27.648,5.279,0.378,20.559,1
50.296,-73.193,-91.965,18.771,35.0,0.02,42.93,0
30.84,-68.634,-94.172,25.538,8.733,0.1418,14.406,1
7.921,-55.645,-93.887,38.242,2.549,0.8312,9.422,1
27.83,-70.117,-92.017,21.9,7.665,0.3345,15.928,1
101.584,-78.416,-88.45,10.035,13.265,0.02,39.803,0
96.29,-78.467,-86.852,8.385,14.676,0.02,46.682,0
140.674,-79.597,-91.483,11.886,11.904,0.02,37.531,0
120.734,-76.065,-91.211,15.146,9.166,0.02,26.191,0
87.325,-79.997,-92.641,12.644,3.571,0.02,20.219,0
24.946,-70.955,-90.316,19.361,10.579,0.3515,22.594,0
86.79,-77.793,-90.634,12.841,7.525,0.02,28.282,0
13.931,-65.93,-87.36,21.43,4.495,0.7001,16.368,1
67.478,-74.14,-98.61,24.471,8.731,0.1023,21.285,0
61.588,-74.85,-92.821,17.971,15.267,0.02,31.978,0
67.033,-73.228,-90.813,17.585,1.831,0.0864,16.787,0
45.575,-72.275,-92.092,19.817,3.552,0.2793,13.972,0
104.445,-74.841,-95.287,20.447,13.826,0.02,25.756,0
126.937,-77.394,-96.548,19.154,2.849,0.02,21.973,0
116.435,-80.973,-89.178,8.205,18.244,0.02,44.262,0
96.024,-76.687,-94.649,17.962,6.759,0.02,21.009,0
83.06,-74.649,-98.142,23.493,11.778,0.02,28.024,0
9.507,-61.507,-89.002,27.495,13.417,0.5744,19.295,1
109.825,-80.638,-90.394,9.756,7.888,0.02,31.045,0
84.023,-73.173,-92.406,19.232,19.275,0.02,31.457,0
44.257,-70.556,-95.201,24.645,8.95,0.1894,16.932,0
52.537,-76.729,-92.397,15.669,9.643,0.0701,20.504,0
140.663,-84.108,-87.745,3.638,2.363,0.02,38.737,0
95.533,-78.558,-97.651,19.094,25.627,0.02,40.005,0
74.007,-72.906,-97.474,24.568,15.294,0.02,30.12,0
95.034,-74.754,-94.197,19.444,3.236,0.02,24.243,0
64.993,-71.462,-92.093,20.631,2.39,0.02,19.176,0
73.176,-72.92,-93.737,20.817,5.934,0.02,16.75,0
47.095,-71.886,-89.75,17.864,6.584,0.1373,20.869,0
68.779,-79.934,-88.189,8.255,8.37,0.02,34.561,0
104.411,-81.908,-91.024,9.116,18.476,0.02,45.201,0
10.792,-61.792,-90.038,28.246,19.151,0.4894,25.186,1
120.279,-78.347,-91.048,12.7,15.029,0.02,40.435,0
46.032,-71.231,-91.967,20.736,1.094,0.3944,11.343,1
103.971,-82.388,-96.527,14.14,23.281,0.02,43.222,0
98.195,-78.461,-95.598,17.137,16.466,0.02,35.23,0
99.631,-79.329,-96.728,17.399,12.545,0.02,30.502,0
93.179,-76.932,-92.52,15.587,6.841,0.02,18.98,0
144.07,-80.318,-91.187,10.869,11.805,0.02,39.32,0
78.71,-76.885,-97.072,20.187,2.003,0.02,19.755,0
111.186,-76.443,-91.746,15.303,11.449,0.02,29.543,0
107.29,-79.984,-95.063,15.079,15.922,0.02,32.853,0
39.259,-69.914,-95.742,25.829,10.285,0.3204,20.247,1
46.079,-71.597,-94.189,22.592,6.773,0.2817,17.386,0
66.482,-72.283,-95.922,23.639,19.648,0.02,32.094,0
45.266,-75.32,-89.877,14.557,33.197,0.02,46.02,0
58.178,-73.31,-92.588,19.278,12.4,0.02,23.219,0
61.689,-74.486,-89.147,14.661,15.7,0.02,29.755,0
92.56,-70.639,-93.552,22.913,8.058,0.02,17.784,0
36.884,-70.186,-93.42,23.234,5.837,0.2187,15.628,1
121.622,-80.004,-85.443,5.44,16.593,0.02,50.265,0
68.443,-78.488,-97.681,19.193,28.104,0.02,42.652,0
107.405,-83.155,-87.504,4.349,4.721,0.02,35.118,0
16.809,-63.813,-86.209,22.396,3.336,0.5031,13.391,1
73.145,-71.68,-89.32,17.639,5.429,0.02,22.148,0
9.092,-58.512,-93.157,34.645,4.505,0.6517,10.94,1
103.007,-75.618,-87.006,11.388,20.644,0.02,37.745,0
54.838,-73.095,-93.126,20.031,19.052,0.02,27.244,0
142.642,-77.823,-94.47,16.647,5.225,0.02,22.962,0
51.998,-70.578,-93.359,22.781,9.859,0.0851,23.829,0
86.752,-74.416,-93.996,19.58,3.406,0.02,19.973,0
42.321,-72.243,-95.313,23.071,7.797,0.1171,18.149,0
94.916,-76.49,-88.115,11.625,3.252,0.02,22.891,0
72.721,-82.122,-94.707,12.586,6.847,0.02,27.541,0
58.741,-68.0,-92.104,24.103,3.33,0.0895,16.311,0
34.535,-72.931,-97.053,24.122,19.537,0.2716,29.803,0
21.171,-70.184,-91.892,21.708,10.126,0.3998,16.924,1
22.382,-68.77,-96.046,27.276,11.278,0.3276,17.407,1
149.861,-74.291,-96.132,21.841,4.675,0.02,29.693,0
64.785,-73.813,-92.383,18.569,6.142,0.0441,20.181,0
5.28,-56.512,-88.301,31.789,9.521,0.6897,17.488,1
143.175,-77.652,-90.459,12.807,28.001,0.02,51.368,0
7.897,-57.405,-90.218,32.813,8.677,0.5851,19.036,1
65.695,-78.166,-92.455,14.289,22.02,0.02,38.261,0
109.034,-82.826,-93.175,10.349,6.545,0.02,28.477,0
137.617,-77.921,-89.231,11.31,9.014,0.02,34.357,0
108.369,-82.128,-93.971,11.843,18.594,0.02,37.381,0
72.226,-74.474,-89.079,14.606,14.489,0.02,29.227,0
146.294,-79.492,-87.674,8.182,4.436,0.02,35.161,0
10.701,-61.357,-94.945,33.588,11.48,0.4976,18.591,1
148.099,-78.26,-94.431,16.171,12.009,0.02,33.026,0
128.162,-85.414,-93.91,8.496,13.43,0.02,41.286,0
139.695,-78.703,-97.134,18.431,4.751,0.02,32.522,0
41.942,-70.399,-93.643,23.244,2.828,0.3008,9.875,1
25.656,-70.081,-87.445,17.364,22.904,0.1045,30.768,0
101.181,-81.1,-95.66,14.56,33.573,0.02,45.178,0
79.8,-76.438,-87.362,10.924,13.227,0.02,33.973,0
80.859,-77.538,-93.517,15.979,6.27,0.02,18.161,0
139.07,-85.612,-84.601,-1.011,20.579,0.02,62.654,0
94.912,-81.017,-94.386,13.369,4.003,0.02,21.521,0
50.104,-71.512,-92.504,20.991,4.285,0.3422,19.532,0
63.01,-75.824,-95.186,19.362,23.986,0.02,32.143,0
24.357,-73.355,-94.407,21.052,31.634,0.1216,35.49,0
32.886,-66.731,-87.316,20.586,5.672,0.4046,13.503,1
25.786,-67.672,-90.339,22.668,4.648,0.366,15.669,1
122.492,-79.246,-88.399,9.153,8.815,0.02,36.857,0
107.207,-81.344,-96.605,15.261,3.645,0.02,21.223,0
81.9,-76.24,-89.708,13.469,2.402,0.02,22.056,0
59.283,-69.92,-95.4,25.48,2.495,0.289,10.468,1
101.932,-74.004,-96.681,22.677,11.235,0.02,27.654,0
122.871,-79.5,-91.164,11.664,8.406,0.02,32.434,0
132.779,-78.877,-91.2,12.323,18.461,0.02,42.043,0
84.317,-75.196,-91.813,16.618,24.039,0.02,38.188,0
123.883,-82.682,-89.489,6.806,12.828,0.02,43.992,0
79.139,-73.968,-88.943,14.974,3.649,0.0407,20.314,0
73.807,-73.376,-86.856,13.48,1.203,0.02,23.419,0
130.488,-75.772,-96.166,20.394,6.658,0.02,28.79,0
61.024,-76.084,-86.743,10.659,5.97,0.0898,21.75,0
62.407,-72.358,-85.412,13.054,3.823,0.0571,22.467,0
49.212,-74.176,-93.282,19.105,12.559,0.1195,23.816,0
80.212,-75.659,-97.84,22.181,13.248,0.02,26.48,0
84.003,-73.131,-96.842,23.711,10.95,0.02,22.6,0
100.767,-77.982,-93.616,15.634,32.724,0.02,46.757,0
67.423,-69.906,-84.951,15.044,2.596,0.1409,17.538,0
36.586,-73.198,-91.94,18.742,6.991,0.3717,19.789,0
130.692,-80.833,-94.16,13.327,8.689,0.02,28.442,0
55.17,-69.92,-94.399,24.479,6.275,0.1452,18.088,0
138.827,-77.406,-96.63,19.224,5.62,0.02,25.667,0
35.066,-72.289,-88.939,16.65,14.828,0.2,23.393,0
86.208,-78.497,-92.322,13.826,4.809,0.02,18.753,0
82.809,-87.04,-84.651,-2.39,4.07,0.02,41.599,0
125.154,-84.794,-89.801,5.007,13.18,0.02,45.579,0
25.133,-69.721,-89.095,19.374,12.922,0.3652,23.68,0
136.941,-79.315,-92.847,13.532,2.216,0.02,25.13,0
82.057,-76.942,-95.819,18.877,18.665,0.02,29.979,0
89.986,-79.105,-95.058,15.952,29.135,0.02,42.533,0
78.974,-67.715,-96.792,29.078,1.578,0.0951,14.181,0
10.224,-65.266,-88.814,23.548,14.931,0.3968,24.286,1
77.078,-81.963,-93.347,11.384,10.511,0.02,33.942,0
43.215,-74.72,-88.666,13.946,9.733,0.1811,22.759,0
54.69,-70.483,-91.524,21.041,19.452,0.2287,32.628,0
99.12,-77.788,-93.025,15.236,10.36,0.02,25.418,0
77.166,-72.988,-96.094,23.105,10.05,0.2186,25.303,0
18.517,-66.984,-90.944,23.961,5.987,0.3964,15.05,1
15.591,-68.427,-92.765,24.338,20.103,0.4789,30.028,1
31.92,-73.449,-88.842,15.393,2.125,0.4516,11.501,1
32.678,-72.412,-94.504,22.092,16.877,0.2432,26.131,0
93.204,-76.216,-89.844,13.627,4.608,0.02,20.507,0
30.783,-66.713,-86.257,19.544,8.431,0.3738,20.137,1
132.849,-76.846,-91.046,14.2,3.696,0.02,24.005,0
35.415,-63.953,-89.251,25.299,6.552,0.2626,16.498,1
18.214,-65.296,-89.998,24.703,4.255,0.3954,11.272,1
131.983,-78.433,-85.357,6.924,7.076,0.02,38.247,0
47.822,-74.279,-90.7,16.421,17.707,0.0732,30.353,0
66.686,-76.258,-89.55,13.292,5.86,0.0445,23.069,0
144.059,-79.618,-92.127,12.509,12.468,0.02,40.151,0
141.934,-80.145,-94.71,14.566,5.339,0.02,25.814,0
108.663,-72.254,-96.229,23.975,4.249,0.02,22.553,0
14.996,-66.791,-87.566,20.775,8.951,0.476,20.273,1
91.034,-76.319,-95.529,19.21,0.68,0.02,15.216,0
148.416,-83.408,-89.389,5.981,5.584,0.02,43.348,0
142.303,-81.347,-90.544,9.197,20.471,0.02,52.45,0
20.37,-71.129,-88.788,17.659,11.929,0.3942,17.879,0
62.415,-74.279,-93.801,19.522,8.569,0.02,27.911,0
50.753,-76.204,-94.768,18.563,7.969,0.2971,19.429,0
23.811,-72.338,-90.676,18.338,17.709,0.1889,21.968,0
105.746,-79.572,-93.023,13.451,5.364,0.02,22.694,0
44.708,-69.394,-96.309,26.915,6.799,0.4977,18.067,1
55.006,-72.092,-85.215,13.124,0.725,0.1731,15.622,0
18.102,-65.913,-94.77,28.857,8.021,0.4477,14.927,1
77.205,-74.817,-95.478,20.66,12.429,0.02,23.676,0
27.934,-70.086,-92.847,22.761,5.755,0.4384,12.33,1
67.653,-81.242,-87.615,6.373,11.216,0.02,40.939,0
25.785,-71.05,-99.584,28.534,6.774,0.4208,17.434,1
143.308,-81.493,-87.905,6.412,11.593,0.02,47.165,0
26.022,-68.496,-95.19,26.694,9.437,0.3212,16.628,1
80.674,-73.573,-91.074,17.501,4.628,0.02,19.121,0
33.562,-70.048,-94.366,24.318,6.912,0.4592,14.916,1
16.072,-61.672,-85.028,23.357,8.044,0.377,15.48,1
34.335,-68.883,-91.564,22.681,7.897,0.3356,21.084,1
12.942,-70.674,-94.478,23.804,24.205,0.4543,29.879,1
25.213,-75.429,-93.054,17.625,7.722,0.3994,17.1,1
76.555,-81.132,-91.686,10.554,20.749,0.02,38.767,0
99.513,-76.074,-91.378,15.304,3.525,0.02,22.944,0
17.664,-64.917,-90.464,25.547,11.301,0.5014,18.413,1
68.948,-76.529,-92.005,15.476,14.9,0.02,31.372,0
89.281,-75.097,-96.82,21.723,2.147,0.02,17.886,0
38.963,-67.842,-93.191,25.349,12.682,0.3362,29.367,1
58.951,-72.312,-89.877,17.565,1.046,0.048,17.831,0
15.416,-62.811,-94.345,31.534,5.183,0.6435,14.075,1
36.919,-65.868,-89.645,23.778,8.823,0.3432,19.804,1
72.679,-83.935,-91.889,7.954,24.509,0.02,50.617,0
148.614,-75.984,-92.762,16.778,12.718,0.02,35.122,0
149.458,-87.294,-87.82,0.526,5.041,0.02,49.246,0
147.045,-84.462,-98.083,13.622,17.44,0.02,45.615,0
66.348,-75.195,-94.364,19.168,2.761,0.0488,17.636,0
16.699,-68.561,-87.686,19.125,1.409,0.5689,5.685,1
51.918,-73.992,-85.595,11.603,11.178,0.1223,28.44,0
39.469,-70.638,-83.999,13.361,5.638,0.2501,22.247,0
7.048,-56.983,-91.824,34.84,9.087,0.6144,17.67,1
18.809,-62.624,-90.397,27.774,2.705,0.4613,9.42,1
70.713,-76.634,-89.139,12.505,18.731,0.02,35.209,0
54.251,-71.711,-87.537,15.826,17.496,0.1021,32.881,0
31.151,-66.197,-90.904,24.707,2.101,0.4424,9.459,1
108.834,-78.068,-88.758,10.691,3.441,0.02,23.712,0
56.782,-75.703,-90.391,14.688,20.881,0.02,30.815,0
128.521,-80.58,-90.172,9.593,5.562,0.02,36.294,0
39.942,-73.684,-95.214,21.53,2.842,0.2352,9.433,1
83.067,-75.228,-93.152,17.925,9.92,0.02,25.537,0
31.7,-73.506,-93.83,20.324,5.878,0.3925,17.701,1
76.819,-75.092,-96.161,21.069,2.728,0.038,18.141,0
27.108,-78.655,-97.781,19.125,25.076,0.2621,29.577,0
28.429,-67.137,-93.483,26.346,1.365,0.5327,12.398,1
93.772,-79.034,-92.924,13.89,7.417,0.02,22.882,0
43.249,-71.319,-91.632,20.314,15.157,0.02,26.33,0
29.993,-72.042,-90.055,18.013,19.63,0.2102,26.439,0
139.816,-81.109,-91.342,10.232,12.906,0.02,41.101,0
11.235,-63.633,-92.899,29.266,15.819,0.5352,23.236,1
86.946,-79.492,-95.203,15.711,14.066,0.02,26.195,0
84.498,-78.109,-88.93,10.821,8.817,0.02,31.616,0
41.338,-72.206,-92.356,20.15,4.15,0.331,15.502,0
70.652,-75.009,-93.518,18.509,6.155,0.0779,21.4,0
17.722,-66.109,-92.653,26.544,3.227,0.5691,13.166,1
109.584,-76.98,-94.565,17.584,9.397,0.02,29.92,0
37.146,-75.061,-93.857,18.796,4.084,0.1338,16.828,0
33.041,-74.137,-93.969,19.832,7.591,0.3133,19.146,0
50.657,-66.817,-93.006,26.189,6.959,0.2363,14.572,1
135.844,-81.378,-89.705,8.327,10.65,0.02,39.417,0
120.488,-81.67,-90.575,8.906,7.569,0.02,28.796,0
142.299,-79.968,-86.586,6.618,8.119,0.02,37.517,0
99.535,-73.963,-87.759,13.796,2.402,0.02,24.412,0
101.124,-74.982,-85.153,10.17,5.056,0.02,27.963,0
74.604,-76.044,-90.043,13.999,0.091,0.1049,19.495,0
136.252,-82.003,-90.099,8.096,12.494,0.02,40.257,0
79.077,-76.511,-93.706,17.195,6.623,0.02,21.211,0
56.484,-72.092,-89.109,17.017,5.892,0.02,19.01,0
97.854,-77.452,-94.296,16.844,9.614,0.02,29.993,0
84.19,-79.089,-97.147,18.057,8.587,0.02,26.343,0
22.983,-69.02,-86.658,17.638,9.461,0.4804,17.263,1
61.945,-75.424,-96.372,20.948,10.697,0.0505,22.288,0
50.432,-68.1,-90.464,22.364,7.434,0.2267,19.908,0
127.791,-78.687,-95.081,16.394,3.172,0.02,29.31,0
59.932,-62.872,-88.057,25.185,2.695,0.261,16.339,1
124.126,-79.069,-87.58,8.51,4.717,0.02,31.422,0
69.146,-82.877,-90.148,7.27,22.876,0.02,44.126,0
114.258,-77.35,-87.638,10.288,8.304,0.02,32.78,0
24.616,-65.275,-91.974,26.699,11.705,0.4463,21.539,1
139.074,-77.898,-84.18,6.282,6.075,0.02,37.064,0
74.681,-74.602,-89.388,14.786,7.023,0.02,24.212,0
42.671,-71.875,-95.152,23.277,4.188,0.3652,14.149,1
40.016,-72.722,-91.756,19.034,12.075,0.1802,25.868,0
43.436,-78.315,-92.534,14.218,6.555,0.1793,19.74,0
58.175,-72.062,-92.876,20.814,12.936,0.02,24.383,0
109.04,-77.718,-97.8,20.082,0.815,0.02,12.361,0
142.692,-77.526,-90.646,13.12,13.392,0.02,35.829,0
102.01,-78.278,-96.85,18.573,3.625,0.02,21.271,0
84.339,-75.638,-100.839,25.201,4.221,0.02,20.152,0
70.047,-72.723,-93.204,20.481,15.641,0.0401,30.356,0
125.088,-76.797,-94.646,17.849,17.163,0.02,34.79,0
128.2,-76.786,-95.015,18.23,8.833,0.02,30.077,0
47.49,-79.528,-102.861,23.333,16.363,0.1941,25.012,0
143.246,-83.16,-94.978,11.818,5.075,0.02,33.672,0
62.292,-71.598,-92.608,21.01,5.871,0.118,21.873,0
121.011,-83.233,-94.22,10.986,19.982,0.02,44.361,0
145.189,-78.422,-90.644,12.223,1.177,0.02,29.23,0
107.03,-78.046,-87.126,9.08,11.898,0.02,36.802,0
28.425,-67.773,-90.193,22.419,7.331,0.321,16.853,1
89.99,-80.202,-88.408,8.206,9.755,0.02,34.553,0
22.223,-64.032,-88.118,24.086,8.677,0.383,21.142,1
119.426,-80.546,-95.566,15.02,9.614,0.02,28.958,0
45.791,-70.06,-90.463,20.403,7.205,0.1222,17.013,0
105.806,-78.73,-88.517,9.787,9.499,0.02,34.146,0
136.963,-74.599,-93.526,18.927,11.796,0.02,30.989,0
31.246,-64.616,-94.767,30.151,6.14,0.4591,16.962,1
61.964,-67.571,-90.144,22.573,7.375,0.1549,20.288,0
98.832,-72.624,-97.186,24.561,9.239,0.02,22.681,0
65.85,-76.608,-95.808,19.2,16.458,0.02,26.583,0
30.349,-69.5,-94.334,24.834,1.836,0.3248,11.625,1
9.215,-63.339,-90.423,27.084,3.419,0.475,15.316,1
63.957,-77.022,-91.234,14.212,25.551,0.02,33.79,0
99.135,-77.855,-88.387,10.531,10.861,0.02,34.813,0
88.228,-77.193,-95.227,18.034,10.588,0.02,30.247,0
27.655,-76.271,-95.414,19.143,34.493,0.0694,44.223,0
70.351,-74.381,-90.166,15.785,10.458,0.02,24.384,0
58.573,-74.354,-94.795,20.441,5.545,0.1389,18.28,0
44.759,-71.809,-94.112,22.303,0.656,0.2528,14.669,1
110.744,-77.446,-98.499,21.053,7.061,0.02,29.199,0
49.9,-72.903,-90.982,18.079,8.418,0.1285,22.361,0
83.321,-81.775,-86.605,4.83,14.742,0.02,44.302,0
138.867,-83.52,-95.603,12.082,15.294,0.02,42.762,0
83.195,-75.368,-88.424,13.056,12.141,0.02,30.414,0
94.468,-78.944,-92.208,13.264,16.897,0.02,35.315,0
15.621,-70.651,-98.179,27.528,9.539,0.4064,19.735,1
30.829,-65.926,-95.132,29.205,1.914,0.4151,11.21,1
19.638,-65.986,-95.348,29.362,6.658,0.4842,23.433,1
115.898,-81.367,-93.108,11.741,6.7,0.02,30.577,0
126.209,-81.222,-90.532,9.309,8.908,0.02,36.143,0
32.036,-70.874,-85.529,14.654,17.317,0.0647,29.384,0
36.794,-77.072,-97.009,19.938,7.883,0.3156,21.515,0
51.865,-71.599,-93.697,22.098,8.03,0.2773,18.702,0
90.706,-79.178,-95.136,15.957,35.0,0.02,44.298,0
95.16,-73.534,-96.438,22.904,3.67,0.02,19.992,0
104.579,-74.704,-91.666,16.962,10.195,0.02,28.345,0
136.253,-81.337,-91.995,10.658,5.155,0.02,30.489,0
47.781,-69.774,-98.348,28.575,10.954,0.224,22.574,1
100.52,-78.789,-91.936,13.148,18.765,0.02,37.214,0
86.16,-80.005,-96.219,16.214,13.589,0.02,24.756,0
49.346,-71.518,-91.959,20.441,10.049,0.1656,23.632,0
136.575,-78.301,-87.557,9.256,8.14,0.02,39.271,0
18.845,-62.981,-90.379,27.399,16.912,0.364,25.597,1
108.24,-75.611,-91.379,15.768,14.177,0.02,32.554,0
110.542,-80.228,-93.851,13.622,8.219,0.02,26.746,0
137.722,-83.971,-91.766,7.795,34.762,0.02,62.847,0
80.194,-74.205,-90.029,15.823,4.563,0.02,21.808,0
51.635,-77.072,-90.375,13.304,33.01,0.02,41.83,0
125.022,-81.757,-92.347,10.59,17.373,0.02,39.757,0
116.767,-72.178,-91.239,19.061,2.742,0.02,18.58,0
77.546,-76.913,-96.608,19.695,4.969,0.02,24.437,0
116.339,-73.891,-94.57,20.679,10.109,0.02,28.039,0
43.842,-74.785,-89.524,14.738,2.122,0.2798,18.253,0
90.478,-79.153,-89.053,9.9,14.44,0.02,36.999,0
130.452,-76.955,-91.672,14.717,7.927,0.02,33.06,0
51.108,-77.288,-86.824,9.535,14.887,0.0974,37.241,0
75.115,-78.747,-90.222,11.475,13.569,0.02,30.947,0
142.902,-78.082,-92.816,14.734,6.948,0.02,29.2,0
120.741,-83.327,-96.269,12.943,5.076,0.02,25.013,0
133.621,-74.714,-86.964,12.251,0.987,0.02,27.754,0
60.861,-74.731,-89.304,14.573,34.002,0.02,47.979,0
149.493,-76.633,-85.706,9.073,12.935,0.02,47.588,0
27.122,-66.389,-84.416,18.027,3.078,0.4147,16.927,1
80.222,-77.15,-96.504,19.354,7.907,0.02,24.221,0
74.495,-78.216,-96.495,18.279,16.793,0.02,31.447,0
120.773,-78.019,-102.021,24.002,8.765,0.02,27.35,0
136.75,-78.081,-88.786,10.705,2.39,0.02,34.398,0
111.015,-80.506,-89.702,9.197,14.112,0.02,37.767,0
95.888,-71.255,-91.658,20.403,2.409,0.02,17.162,0
66.977,-76.877,-96.291,19.414,15.537,0.02,25.938,0
78.997,-72.105,-92.312,20.207,11.193,0.02,28.66,0
78.849,-75.488,-91.354,15.865,8.114,0.02,25.595,0
7.953,-59.681,-89.26,29.579,7.849,0.5574,16.972,1
77.942,-73.866,-91.045,17.178,6.677,0.02,22.586,0
129.116,-78.657,-89.677,11.019,12.902,0.02,35.139,0
107.845,-77.362,-92.434,15.072,2.936,0.02,22.106,0
120.378,-76.489,-87.865,11.376,5.389,0.02,33.045,0
61.62,-74.677,-89.789,15.112,21.44,0.02,30.753,0
81.701,-75.765,-96.154,20.389,31.564,0.02,41.526,0
9.855,-60.962,-87.138,26.176,7.304,0.6857,16.338,1
60.535,-76.529,-87.71,11.182,9.288,0.02,29.674,0
73.79,-76.423,-90.371,13.947,3.43,0.0687,21.979,0
42.005,-63.581,-91.017,27.436,4.477,0.2899,19.256,1
9.53,-65.333,-86.195,20.862,1.059,0.5655,10.307,1
105.109,-80.107,-97.717,17.609,1.873,0.02,16.054,0
68.088,-74.271,-87.656,13.385,6.015,0.02,23.773,0
65.273,-77.901,-93.667,15.766,16.015,0.02,31.912,0
41.248,-68.833,-88.167,19.334,8.132,0.221,17.89,0
82.985,-76.477,-91.579,15.102,20.753,0.02,34.634,0
68.514,-75.878,-96.35,20.472,5.427,0.02,14.294,0
73.728,-72.826,-93.738,20.912,18.192,0.02,31.046,0
89.226,-85.334,-88.424,3.09,35.0,0.02,69.092,0
5.917,-60.577,-92.736,32.159,10.976,0.5875,17.359,1
136.616,-73.463,-94.175,20.712,0.981,0.02,19.904,0
15.308,-66.881,-94.199,27.317,0.951,0.6632,15.287,1
70.384,-72.734,-89.752,17.018,1.995,0.1357,18.371,0
35.069,-64.681,-85.873,21.192,4.25,0.3862,16.522,1
80.948,-85.198,-99.493,14.295,15.263,0.02,31.208,0
45.633,-72.547,-82.198,9.651,5.844,0.0637,23.626,0
129.701,-78.415,-91.287,12.872,18.169,0.02,39.642,0
62.472,-74.351,-89.969,15.618,4.969,0.0523,22.873,0
97.62,-82.471,-93.527,11.056,35.0,0.02,53.067,0
41.088,-73.382,-92.012,18.63,21.551,0.1239,34.918,0
7.814,-58.264,-91.326,33.062,5.5,0.5,14.604,1
63.602,-75.848,-95.672,19.824,3.793,0.1545,18.66,0
82.791,-76.553,-94.82,18.267,21.739,0.02,31.669,0
71.634,-73.332,-87.854,14.522,2.993,0.02,19.59,0
144.492,-82.842,-97.433,14.591,5.151,0.02,27.496,0
107.492,-78.304,-90.456,12.152,2.945,0.02,21.354,0
149.372,-84.811,-93.297,8.485,9.835,0.02,41.014,0
47.784,-73.851,-95.362,21.512,19.036,0.02,28.847,0
119.413,-76.712,-85.098,8.386,5.674,0.02,34.97,0
85.556,-77.372,-95.341,17.968,16.382,0.02,29.165,0
93.705,-75.788,-95.955,20.167,10.364,0.02,24.16,0
147.949,-78.709,-92.654,13.945,2.857,0.02,27.081,0
99.828,-74.579,-94.69,20.111,5.302,0.02,21.766,0
135.328,-78.678,-91.978,13.299,1.88,0.02,24.762,0
110.234,-79.619,-91.456,11.837,26.153,0.02,43.938,0
23.471,-71.422,-91.179,19.757,9.097,0.3008,18.391,1
106.416,-82.046,-92.434,10.387,8.03,0.02,33.929,0
75.226,-75.364,-94.458,19.094,8.926,0.02,24.242,0
138.226,-76.753,-89.748,12.996,3.7,0.02,27.037,0
121.991,-79.206,-92.391,13.184,5.892,0.02,23.939,0
20.1,-64.933,-93.735,28.802,10.9,0.3756,17.69,1
24.418,-65.37,-86.82,21.45,1.399,0.2941,9.84,1
15.094,-68.965,-92.425,23.46,0.706,0.529,12.242,1
76.521,-67.963,-88.178,20.215,4.88,0.02,22.051,0
16.712,-68.003,-87.706,19.703,4.212,0.5765,14.241,1
109.933,-83.289,-87.493,4.204,19.901,0.02,51.152,0
85.092,-71.984,-89.581,17.597,3.69,0.02,23.089,0
126.203,-79.594,-92.002,12.409,11.096,0.02,35.807,0
45.57,-73.499,-92.224,18.726,4.199,0.2592,11.147,0
80.275,-77.819,-92.854,15.036,10.601,0.02,29.524,0
22.035,-69.793,-99.584,29.791,9.228,0.6695,18.103,1
133.268,-84.898,-89.484,4.586,23.427,0.02,59.343,0
30.376,-65.843,-91.144,25.301,3.37,0.1821,15.247,1
19.843,-66.749,-89.111,22.361,3.385,0.5018,9.805,1
34.732,-78.674,-92.41,13.736,35.0,0.02,43.574,0
121.904,-83.183,-89.673,6.49,18.551,0.02,43.984,0
20.343,-66.263,-96.821,30.558,5.23,0.535,12.806,1
94.092,-78.352,-96.092,17.74,3.559,0.02,20.967,0
113.196,-78.223,-100.667,22.443,3.108,0.02,22.288,0
113.907,-79.273,-92.47,13.197,17.981,0.02,36.423,0
32.559,-70.36,-94.704,24.344,4.492,0.3591,14.666,1
13.935,-65.461,-95.162,29.701,3.798,0.5853,13.087,1
70.077,-76.177,-90.829,14.652,3.705,0.02,20.509,0
34.36,-66.694,-93.489,26.795,12.386,0.4495,21.017,1
106.394,-71.038,-97.016,25.978,6.579,0.02,24.184,0
56.72,-75.419,-83.093,7.674,18.406,0.02,37.359,0
70.156,-77.177,-92.13,14.952,29.992,0.02,39.029,0
21.455,-69.789,-95.791,26.002,9.241,0.3808,21.288,1
87.295,-78.644,-94.344,15.701,10.005,0.02,29.557,0
31.901,-67.783,-92.606,24.823,6.278,0.1244,17.354,1
103.453,-84.93,-92.613,7.684,8.932,0.02,35.814,0
15.319,-60.672,-87.442,26.77,1.049,0.5648,9.299,1
146.505,-82.311,-92.278,9.967,10.734,0.02,42.409,0
104.256,-82.466,-85.507,3.041,15.63,0.02,39.515,0
31.351,-67.173,-93.513,26.341,2.903,0.4729,19.432,1
7.044,-58.364,-90.507,32.143,26.551,0.5086,32.803,1
53.497,-73.403,-88.423,15.02,4.97,0.1907,11.463,0
27.158,-70.245,-87.817,17.572,21.811,0.2294,36.497,0
36.67,-70.129,-87.408,17.279,13.223,0.308,17.558,0
131.549,-77.517,-92.952,15.435,2.574,0.02,17.83,0
92.465,-81.797,-92.019,10.222,17.673,0.02,37.6,0
30.586,-68.533,-100.678,32.145,8.092,0.3956,17.947,1
85.716,-76.503,-92.686,16.183,11.549,0.02,29.97,0
42.088,-79.275,-88.181,8.906,6.413,0.1261,25.65,0
146.549,-77.35,-88.861,11.511,7.252,0.02,32.052,0
9.75,-64.437,-92.303,27.866,1.427,0.708,9.489,1
111.186,-78.613,-86.053,7.44,12.221,0.02,39.918,0
117.085,-73.946,-93.344,19.398,7.935,0.02,30.448,0
14.739,-65.257,-94.506,29.249,10.071,0.514,21.176,1
29.921,-72.928,-93.639,20.71,11.79,0.3461,20.093,0
60.724,-72.901,-95.929,23.027,11.143,0.1176,23.24,0
130.882,-76.001,-89.822,13.821,12.599,0.02,29.43,0
82.865,-78.114,-90.99,12.877,1.387,0.0874,22.087,0
100.019,-84.208,-89.865,5.657,6.555,0.02,36.852,0
118.537,-73.954,-93.45,19.496,2.521,0.02,23.092,0
125.078,-74.887,-92.203,17.316,0.393,0.02,22.441,0
74.061,-74.853,-99.624,24.771,11.39,0.0587,29.548,0
78.775,-85.478,-90.683,5.205,29.601,0.02,55.258,0
109.111,-74.729,-91.654,16.925,0.498,0.02,19.495,0
43.185,-69.337,-95.852,26.514,12.282,0.2885,27.288,1
128.901,-72.304,-92.366,20.063,5.961,0.02,25.821,0
8.014,-60.58,-92.902,32.322,7.29,0.7591,15.137,1
33.387,-70.113,-85.825,15.712,11.981,0.3277,28.72,0
121.029,-85.75,-95.714,9.964,10.747,0.02,36.713,0
54.337,-69.955,-90.84,20.885,6.408,0.1894,23.539,0
26.726,-64.812,-95.818,31.006,4.985,0.5113,13.762,1
32.079,-68.872,-93.953,25.08,10.839,0.3061,19.828,1
81.96,-71.019,-91.031,20.013,0.736,0.02,11.843,0
127.696,-82.24,-92.74,10.5,11.896,0.02,39.306,0
15.244,-64.597,-92.021,27.424,5.984,0.4231,16.703,1
9.42,-64.013,-90.835,26.823,20.372,0.3915,27.501,1
72.449,-71.841,-93.728,21.887,7.808,0.1481,23.419,0
143.647,-78.9,-88.905,10.006,19.657,0.02,49.236,0
45.456,-70.033,-93.069,23.036,3.24,0.315,11.757,1
144.08,-78.154,-92.341,14.187,2.981,0.02,26.405,0
133.714,-76.999,-90.735,13.737,4.08,0.02,30.959,0
46.055,-76.023,-91.205,15.183,22.923,0.0373,32.529,0
123.457,-74.707,-89.745,15.038,7.557,0.02,23.707,0
104.451,-78.437,-90.891,12.454,4.809,0.02,29.042,0
79.214,-75.046,-90.358,15.312,10.688,0.02,25.912,0
66.323,-75.611,-93.139,17.528,4.296,0.02,18.431,0
123.248,-76.547,-95.741,19.194,10.593,0.02,28.841,0
119.997,-78.885,-96.997,18.111,7.517,0.02,29.066,0
114.756,-71.503,-97.847,26.344,4.651,0.02,22.286,0
149.747,-80.575,-85.83,5.256,7.866,0.02,47.311,0
74.384,-72.523,-99.745,27.221,7.876,0.0718,22.739,0
122.004,-82.008,-87.822,5.814,14.588,0.02,48.723,0
130.059,-79.044,-94.873,15.829,2.399,0.02,25.406,0
35.682,-69.851,-87.847,17.996,5.346,0.3022,13.426,0
11.1,-61.363,-99.709,38.346,9.38,0.6533,18.746,1
63.689,-75.695,-92.823,17.128,3.87,0.02,17.181,0
129.227,-80.67,-86.911,6.241,6.798,0.02,40.945,0
46.92,-71.205,-89.504,18.299,4.572,0.0249,16.656,0
106.501,-76.213,-93.18,16.967,5.775,0.02,19.141,0
6.065,-57.053,-98.8,41.748,3.007,0.7336,13.289,1
56.528,-78.324,-96.629,18.304,29.668,0.02,34.774,0
94.25,-79.545,-87.138,7.593,0.791,0.02,28.861,0
23.815,-65.254,-93.219,27.964,4.548,0.3876,19.212,1
135.008,-76.927,-92.251,15.324,7.769,0.02,31.995,0
27.66,-65.544,-91.008,25.464,7.707,0.3186,18.708,1
136.92,-81.181,-96.56,15.379,18.156,0.02,36.754,0
36.376,-71.074,-90.574,19.501,2.371,0.3128,13.615,1
149.17,-79.858,-93.469,13.611,1.486,0.02,28.828,0
92.689,-75.852,-90.972,15.12,5.131,0.02,19.914,0
17.23,-65.209,-94.023,28.815,7.776,0.479,17.767,1
14.465,-66.14,-97.506,31.366,6.114,0.5737,12.822,1
15.864,-71.171,-93.496,22.324,15.507,0.3478,22.839,1
90.534,-77.333,-89.757,12.424,2.702,0.02,21.911,0
122.389,-78.993,-90.621,11.628,4.709,0.02,30.234,0
63.43,-74.08,-91.892,17.811,11.773,0.0241,26.31,0
69.501,-76.094,-88.857,12.763,7.882,0.02,30.56,0
90.447,-79.558,-92.713,13.155,18.423,0.02,35.827,0
82.291,-75.707,-91.803,16.096,7.897,0.02,24.143,0
104.769,-71.908,-93.679,21.771,2.339,0.02,23.52,0
73.409,-77.539,-88.652,11.113,16.857,0.02,35.891,0
108.51,-84.138,-90.98,6.842,15.539,0.02,44.501,0
149.61,-82.786,-93.949,11.163,10.583,0.02,39.38,0
55.793,-72.996,-97.212,24.216,33.291,0.02,41.851,0
6.771,-54.443,-88.133,33.69,8.19,0.582,16.55,1
23.216,-64.588,-94.604,30.016,8.689,0.5057,16.113,1
85.26,-75.656,-91.748,16.092,15.261,0.02,29.464,0
54.917,-71.459,-83.766,12.307,9.728,0.0553,31.384,0
141.297,-80.658,-89.195,8.537,8.613,0.02,38.569,0
95.98,-73.219,-86.361,13.142,1.447,0.02,22.055,0
80.452,-72.0,-93.883,21.884,2.066,0.0802,11.289,0
120.716,-75.003,-88.252,13.248,2.06,0.02,25.479,0
42.496,-72.841,-91.907,19.066,5.874,0.0956,22.476,0
123.862,-82.087,-90.719,8.632,19.045,0.02,44.321,0
5.444,-62.687,-84.927,22.24,25.851,0.3215,34.521,0
94.853,-76.623,-92.975,16.352,20.821,0.02,34.675,0
140.54,-81.562,-91.933,10.37,21.452,0.02,43.704,0
119.24,-76.559,-95.161,18.603,3.479,0.02,21.961,0
128.777,-77.423,-88.89,11.468,7.877,0.02,31.203,0
62.558,-77.404,-93.962,16.558,3.055,0.02,17.294,0
124.515,-76.747,-88.421,11.673,10.264,0.02,33.59,0
84.871,-77.484,-97.775,20.291,5.923,0.02,19.321,0
94.688,-77.088,-90.08,12.991,1.506,0.02,22.968,0
13.543,-66.686,-94.253,27.567,11.275,0.4945,22.436,1
34.225,-68.964,-89.443,20.479,4.192,0.2441,16.819,1
84.89,-76.327,-92.047,15.721,7.241,0.02,23.451,0
13.526,-67.094,-93.874,26.78,5.026,0.6062,13.682,1
112.51,-84.485,-93.353,8.868,12.413,0.02,40.472,0
126.808,-79.847,-94.976,15.129,8.865,0.02,27.284,0
138.453,-77.195,-89.068,11.873,7.798,0.02,35.345,0
19.756,-66.461,-95.67,29.209,20.328,0.394,25.067,1
141.259,-76.28,-92.935,16.655,5.324,0.02,22.556,0
14.805,-65.29,-90.792,25.501,10.77,0.3922,20.708,1
73.738,-75.858,-86.353,10.494,5.489,0.02,23.939,0
126.836,-84.802,-92.033,7.231,35.0,0.02,61.171,0
15.195,-63.772,-92.849,29.076,17.31,0.4796,22.504,1
7.644,-58.082,-91.042,32.961,24.852,0.459,32.622,1
8.617,-61.9,-99.257,37.358,8.68,0.7705,14.68,1
79.134,-78.551,-96.195,17.644,17.819,0.02,35.425,0
122.682,-77.7,-93.314,15.614,2.779,0.02,24.689,0
23.477,-67.01,-94.495,27.485,2.339,0.5315,13.113,1
23.068,-68.689,-97.603,28.914,6.609,0.3958,20.254,1
87.439,-77.27,-88.998,11.728,10.048,0.02,28.032,0
38.973,-75.47,-91.091,15.62,19.148,0.0738,29.456,0
110.881,-75.987,-91.509,15.522,8.148,0.02,20.698,0
142.697,-75.174,-94.429,19.255,6.543,0.02,26.839,0
116.075,-80.549,-91.722,11.173,14.226,0.02,34.476,0
132.19,-77.551,-90.199,12.648,23.923,0.02,48.317,0
80.34,-77.604,-92.927,15.323,14.925,0.02,32.618,0
125.686,-81.767,-90.444,8.677,11.347,0.02,38.954,0
31.521,-69.278,-94.786,25.508,17.716,0.3452,32.81,1
14.91,-68.717,-91.659,22.941,16.762,0.4041,22.465,1
100.113,-76.947,-88.001,11.054,14.973,0.02,34.043,0
12.533,-64.034,-87.688,23.654,17.05,0.3381,23.247,1
134.41,-81.139,-87.353,6.215,10.281,0.02,43.949,0
105.275,-83.161,-91.001,7.84,27.293,0.02,55.481,0
143.069,-81.403,-91.889,10.487,2.396,0.02,32.764,0
50.514,-70.54,-93.571,23.031,12.82,0.1889,23.742,0
75.493,-75.429,-98.326,22.898,4.487,0.1079,22.395,0
112.545,-77.608,-96.707,19.099,9.519,0.02,26.524,0
40.203,-70.033,-92.588,22.555,2.577,0.2835,21.612,1
83.568,-76.36,-92.379,16.019,5.774,0.02,24.239,0
100.623,-76.17,-87.057,10.887,6.449,0.02,24.587,0
146.927,-79.297,-87.398,8.101,11.716,0.02,41.678,0
112.982,-77.321,-94.403,17.082,5.357,0.02,22.23,0
22.129,-67.282,-89.136,21.854,6.899,0.4029,21.72,1
73.923,-79.914,-93.67,13.756,14.686,0.02,28.021,0
90.372,-80.813,-89.611,8.797,19.449,0.02,37.597,0
26.26,-68.687,-89.179,20.492,6.216,0.4336,18.764,1
67.635,-77.37,-87.653,10.282,21.597,0.02,33.62,0
46.181,-78.46,-93.724,15.264,13.975,0.157,24.324,0
22.23,-67.788,-88.45,20.662,21.393,0.2085,31.512,0
79.246,-75.046,-98.555,23.508,9.048,0.02,23.124,0
29.017,-70.323,-87.463,17.14,6.792,0.1958,20.602,0
90.628,-79.481,-92.088,12.607,7.995,0.02,28.623,0
29.606,-71.715,-92.013,20.298,11.483,0.3554,19.045,0
109.921,-82.224,-99.131,16.907,8.897,0.02,27.576,0
33.31,-71.016,-93.36,22.345,9.1,0.4053,23.917,1
134.961,-81.215,-87.256,6.04,13.886,0.02,47.184,0
8.8,-57.257,-93.493,36.237,5.418,0.6418,15.109,1
80.69,-74.863,-89.503,14.64,9.801,0.02,26.593,0
51.415,-67.962,-91.879,23.917,2.545,0.1163,13.663,0
37.636,-70.365,-88.281,17.916,8.375,0.2334,15.184,0
73.382,-77.671,-91.33,13.659,6.357,0.02,23.939,0
127.093,-73.571,-95.261,21.69,6.554,0.02,30.279,0
137.715,-79.622,-91.802,12.18,3.131,0.02,30.066,0
48.971,-76.525,-86.396,9.871,5.163,0.02,21.401,0
27.365,-68.494,-90.258,21.765,11.714,0.3526,22.379,1
109.42,-81.971,-92.408,10.436,3.798,0.02,31.149,0
89.39,-75.555,-84.105,8.55,1.322,0.02,30.184,0
34.147,-72.37,-87.943,15.573,12.969,0.2138,24.68,0
115.243,-81.6,-89.141,7.541,31.845,0.02,59.316,0
80.245,-72.407,-90.889,18.482,4.904,0.02,18.891,0
99.742,-82.157,-89.444,7.287,26.922,0.02,52.59,0
57.104,-73.34,-89.33,15.99,1.143,0.2285,17.284,0
68.669,-73.415,-99.64,26.225,12.422,0.0566,23.984,0
31.15,-70.906,-90.618,19.712,4.47,0.4672,12.98,1
114.695,-82.838,-92.563,9.724,31.313,0.02,56.875,0
27.767,-66.768,-93.749,26.981,7.399,0.2806,18.43,1
117.854,-80.371,-92.684,12.313,5.208,0.02,31.943,0
120.711,-78.066,-97.445,19.38,0.197,0.02,22.57,0
113.257,-79.463,-98.316,18.853,15.42,0.02,31.87,0
7.816,-57.059,-87.637,30.579,14.731,0.6316,25.957,1
44.604,-78.008,-90.382,12.375,20.864,0.0527,35.725,0
72.909,-76.117,-100.446,24.328,10.244,0.1078,26.326,0
91.354,-72.482,-94.017,21.536,6.774,0.02,22.405,0
138.287,-78.839,-88.918,10.079,18.419,0.02,46.632,0
59.463,-74.191,-92.98,18.789,5.798,0.02,17.922,0
131.878,-78.419,-87.642,9.223,2.33,0.02,26.123,0
28.697,-68.19,-88.326,20.136,12.131,0.1457,26.395,0
58.836,-74.087,-96.748,22.661,16.986,0.02,27.073,0
12.581,-57.645,-92.502,34.856,1.839,0.6055,9.584,1
112.661,-75.187,-93.568,18.382,9.681,0.02,26.49,0
26.845,-73.919,-96.862,22.943,15.469,0.3335,29.228,1
42.268,-75.697,-97.09,21.393,5.398,0.3925,18.376,1
117.409,-83.899,-94.821,10.922,26.68,0.02,51.129,0
82.534,-81.021,-94.243,13.222,4.905,0.02,25.658,0
7.026,-54.408,-91.009,36.601,4.908,0.816,15.095,1
5.324,-61.097,-88.345,27.248,5.866,0.5804,14.451,1
79.046,-75.8,-90.202,14.402,3.599,0.02,20.538,0
49.219,-74.485,-89.374,14.889,4.905,0.2666,21.324,0
31.145,-74.358,-92.933,18.575,9.432,0.2638,16.661,0
93.971,-72.654,-89.889,17.236,4.059,0.02,18.926,0
38.123,-73.457,-92.519,19.063,13.054,0.0866,25.269,0
90.87,-69.84,-93.545,23.705,2.051,0.0691,19.844,0
59.994,-68.872,-85.36,16.488,4.109,0.1944,16.915,0
32.078,-73.332,-100.157,26.824,27.036,0.1147,41.568,0
25.025,-73.431,-98.557,25.125,4.776,0.4286,11.917,1
39.345,-72.017,-90.661,18.644,8.309,0.1393,19.612,0
9.326,-54.244,-92.927,38.683,8.854,0.6342,17.68,1
49.678,-70.337,-97.029,26.693,3.33,0.1611,15.021,1
135.783,-79.324,-95.691,16.367,4.4,0.02,23.94,0
125.548,-81.445,-95.235,13.791,11.064,0.02,31.505,0
58.941,-70.441,-88.877,18.436,4.798,0.1978,22.252,0
88.496,-74.772,-87.757,12.984,4.571,0.02,22.892,0
87.267,-74.894,-86.262,11.368,4.377,0.02,26.79,0
125.167,-78.098,-97.562,19.463,20.651,0.02,37.644,0
39.262,-69.642,-96.785,27.143,17.847,0.3343,29.825,1
47.976,-71.311,-97.025,25.714,9.549,0.2554,24.14,1
48.759,-77.042,-87.489,10.447,7.282,0.2235,25.381,0
10.926,-65.21,-90.54,25.329,9.158,0.4096,19.103,1
50.63,-75.269,-91.719,16.45,11.661,0.2023,23.283,0
132.297,-80.217,-91.196,10.979,11.719,0.02,37.525,0
137.238,-74.49,-92.199,17.709,4.854,0.02,27.228,0
20.897,-60.019,-95.924,35.905,6.193,0.5755,16.458,1
71.418,-73.441,-90.204,16.763,5.692,0.02,20.862,0
60.296,-72.684,-92.651,19.968,10.167,0.071,19.499,0
75.957,-82.432,-96.201,13.769,19.963,0.02,32.197,0
85.434,-77.66,-89.99,12.33,8.345,0.02,23.469,0
7.938,-61.661,-93.49,31.829,8.953,0.6642,13.349,1
127.125,-80.207,-91.204,10.997,4.062,0.02,31.122,0
146.181,-77.06,-92.437,15.377,1.723,0.02,23.286,0
99.744,-78.361,-88.88,10.519,6.048,0.02,28.111,0
100.766,-84.251,-91.229,6.978,13.483,0.02,45.948,0
81.557,-72.7,-95.093,22.393,4.142,0.02,22.889,0
53.47,-68.126,-90.873,22.747,1.353,0.2956,10.59,1
26.602,-68.158,-90.759,22.6,12.04,0.3657,19.326,1
89.689,-77.792,-90.21,12.418,11.137,0.02,28.236,0
11.517,-64.499,-88.374,23.875,5.018,0.5362,13.824,1
124.553,-80.757,-94.156,13.399,4.517,0.02,23.533,0
66.032,-71.01,-89.662,18.652,6.451,0.0635,18.707,0
65.139,-76.151,-98.037,21.886,5.338,0.1036,20.362,0
52.44,-69.983,-92.42,22.437,23.449,0.1509,34.014,0
145.556,-76.836,-92.961,16.125,6.301,0.02,24.951,0
30.363,-68.625,-86.933,18.308,10.55,0.2263,20.785,0
26.94,-59.979,-92.547,32.568,7.102,0.4738,17.409,1
29.002,-65.553,-89.872,24.319,10.824,0.2974,21.178,1
100.486,-78.173,-98.166,19.993,5.159,0.02,19.173,0
148.825,-82.651,-93.231,10.58,5.005,0.02,36.028,0
39.144,-72.231,-94.962,22.731,8.301,0.4163,18.142,1
136.315,-79.165,-83.336,4.17,4.441,0.02,37.912,0
45.399,-73.814,-94.334,20.52,6.049,0.1958,18.16,0
98.945,-81.73,-91.744,10.014,13.068,0.02,38.293,0
10.872,-63.348,-91.557,28.209,18.285,0.411,27.035,1
76.87,-77.057,-97.563,20.506,28.664,0.02,44.702,0
99.913,-72.707,-93.841,21.134,12.349,0.02,27.518,0
82.766,-76.306,-90.583,14.277,10.17,0.02,22.393,0
39.486,-68.286,-91.7,23.413,3.672,0.282,14.434,1
125.132,-86.299,-100.051,13.753,16.853,0.02,30.359,0
145.67,-80.406,-93.984,13.579,22.757,0.02,42.954,0
71.583,-77.684,-88.427,10.743,5.819,0.02,25.518,0
97.208,-80.123,-89.941,9.818,27.088,0.02,48.12,0
119.61,-80.804,-87.737,6.933,18.071,0.02,48.793,0
40.016,-72.669,-95.45,22.78,12.458,0.3111,23.161,0
130.345,-83.56,-87.517,3.956,7.256,0.02,44.145,0
45.629,-73.171,-92.155,18.984,2.679,0.2137,15.676,0
117.495,-84.502,-86.427,1.925,23.51,0.02,55.503,0
21.254,-67.319,-91.988,24.669,2.406,0.5729,13.795,1
46.816,-71.845,-99.166,27.321,24.247,0.1303,33.155,0
82.375,-80.745,-89.028,8.283,26.087,0.02,49.658,0
81.114,-77.128,-93.552,16.425,3.735,0.02,20.627,0
128.313,-76.077,-93.317,17.24,2.382,0.02,20.987,0
149.438,-78.762,-97.086,18.323,5.672,0.02,26.321,0
20.546,-60.256,-86.322,26.067,7.662,0.4127,17.035,1
44.351,-68.189,-93.824,25.635,5.278,0.4497,15.981,1
56.852,-78.979,-86.487,7.509,5.598,0.1447,33.511,0
74.443,-72.928,-93.509,20.581,7.889,0.02,22.57,0
76.617,-76.49,-95.247,18.757,22.915,0.02,33.379,0
129.148,-74.041,-87.382,13.341,7.128,0.02,34.865,0
116.731,-80.125,-92.257,12.132,13.188,0.02,36.436,0
7.733,-55.299,-92.223,36.924,2.787,0.8267,11.189,1
70.978,-76.246,-96.486,20.239,8.74,0.02,26.758,0
94.621,-75.771,-93.602,17.83,6.051,0.02,23.679,0
71.757,-79.252,-90.5,11.248,12.882,0.02,31.819,0
23.944,-70.521,-96.547,26.026,2.572,0.5326,8.711,1
62.634,-73.85,-93.887,20.037,19.468,0.02,26.057,0
64.69,-73.949,-93.472,19.523,5.848,0.1409,22.783,0
32.219,-72.644,-91.767,19.124,4.276,0.4501,15.819,1
114.665,-79.502,-86.822,7.32,25.89,0.02,53.018,0
51.603,-81.403,-93.05,11.646,9.886,0.0845,26.4,0
90.403,-79.094,-94.417,15.323,7.742,0.02,24.775,0
79.781,-79.738,-82.388,2.649,2.546,0.02,37.148,0
132.227,-74.898,-93.516,18.618,3.692,0.02,22.601,0
22.692,-67.342,-92.667,25.325,2.656,0.4,13.142,1
21.568,-66.582,-93.252,26.671,8.306,0.5618,18.948,1
48.546,-73.463,-92.969,19.506,17.902,0.218,27.713,0
67.526,-72.757,-91.728,18.971,10.474,0.02,18.616,0
48.289,-70.413,-88.777,18.365,8.703,0.204,18.737,0
115.662,-76.005,-90.586,14.581,7.908,0.02,24.012,0
40.564,-73.341,-88.23,14.89,14.987,0.2564,28.662,0
17.292,-62.427,-88.346,25.918,6.823,0.5013,13.464,1
65.001,-75.194,-91.27,16.077,2.02,0.2721,13.826,0
117.14,-81.431,-90.683,9.252,16.547,0.02,41.033,0
128.331,-82.785,-88.119,5.335,3.122,0.02,39.262,0
111.335,-71.882,-95.889,24.007,1.742,0.02,22.899,0
85.894,-79.766,-83.256,3.49,10.126,0.02,39.803,0
110.008,-72.462,-93.794,21.332,1.075,0.02,18.841,0
103.801,-76.068,-93.228,17.161,8.02,0.02,25.158,0
38.983,-70.51,-96.242,25.731,9.187,0.2855,23.644,1
84.86,-75.847,-96.138,20.29,11.364,0.02,21.583,0
116.738,-82.194,-88.591,6.397,10.531,0.02,37.646,0
50.982,-66.797,-84.054,17.257,2.392,0.2549,21.329,0
99.826,-79.891,-93.985,14.094,15.009,0.02,35.704,0
74.815,-72.325,-90.784,18.459,7.817,0.02,18.791,0
77.958,-76.909,-91.229,14.32,5.967,0.02,29.958,0
18.058,-68.73,-88.499,19.769,2.563,0.5338,13.708,1
101.601,-73.425,-84.234,10.809,17.243,0.02,39.829,0
130.525,-82.695,-86.677,3.981,16.087,0.02,54.651,0
25.508,-65.99,-92.835,26.845,5.263,0.4585,13.102,1
58.085,-83.406,-90.149,6.743,11.408,0.02,34.421,0
12.057,-64.031,-89.802,25.771,13.508,0.4801,21.555,1
9.297,-58.802,-92.07,33.269,6.521,0.7562,16.061,1
148.5,-81.379,-95.836,14.456,16.214,0.02,39.048,0
76.553,-77.616,-94.796,17.18,16.811,0.02,31.298,0
56.55,-72.781,-87.981,15.201,1.461,0.1043,13.98,0
44.857,-70.264,-87.62,17.356,13.15,0.0983,25.203,0
147.102,-83.455,-92.726,9.272,5.377,0.02,36.241,0
41.576,-71.206,-91.086,19.88,3.89,0.1863,15.633,0
110.228,-72.41,-87.81,15.399,1.106,0.02,19.356,0
46.145,-76.62,-97.965,21.345,8.646,0.2131,19.098,0
15.221,-64.331,-93.562,29.232,6.378,0.5889,11.603,1
104.075,-80.435,-84.937,4.502,5.156,0.02,41.304,0
5.236,-57.172,-90.952,33.781,13.767,0.6219,22.789,1
102.984,-82.922,-95.952,13.031,35.0,0.02,55.073,0
41.305,-74.803,-91.59,16.787,11.491,0.2072,19.576,0
113.185,-77.876,-88.425,10.549,6.356,0.02,30.02,0
116.614,-80.002,-100.913,20.911,16.573,0.02,34.402,0
109.996,-78.971,-91.383,12.412,3.322,0.02,26.506,0
8.55,-61.062,-93.303,32.241,5.421,0.6637,11.811,1
107.042,-80.054,-97.747,17.693,9.103,0.02,31.232,0
148.571,-87.245,-91.713,4.469,9.179,0.02,48.062,0
40.181,-69.766,-92.478,22.711,15.332,0.1588,26.269,0
44.765,-71.124,-92.084,20.96,22.385,0.0321,33.38,0
122.961,-85.518,-93.219,7.701,15.072,0.02,43.527,0
28.258,-67.914,-95.575,27.66,22.52,0.4114,29.39,1
100.785,-79.31,-97.092,17.782,23.217,0.02,32.947,0
114.479,-82.084,-94.417,12.333,10.109,0.02,34.471,0
10.388,-62.154,-88.993,26.839,7.225,0.4614,15.688,1
85.296,-79.387,-91.184,11.797,12.796,0.02,35.489,0
88.502,-72.526,-92.242,19.716,1.643,0.02,19.783,0
48.999,-76.669,-95.639,18.97,15.286,0.0404,26.586,0
132.07,-74.17,-93.309,19.139,13.947,0.02,33.985,0
28.599,-64.285,-89.42,25.135,3.212,0.5527,11.911,1
57.808,-79.886,-90.233,10.347,21.016,0.02,36.223,0
128.057,-76.061,-93.67,17.61,17.204,0.02,33.815,0
32.643,-68.301,-101.14,32.839,12.266,0.3821,19.903,1
124.099,-79.197,-94.362,15.165,7.144,0.02,26.354,0
16.465,-65.564,-93.689,28.125,21.55,0.1721,30.999,1
75.938,-71.491,-95.175,23.684,1.805,0.0289,18.93,0
15.923,-66.883,-93.446,26.564,7.794,0.4674,12.811,1
103.296,-76.189,-89.142,12.953,13.261,0.02,35.282,0
119.637,-82.031,-92.131,10.099,18.353,0.02,43.696,0
128.229,-78.476,-88.536,10.06,16.87,0.02,44.673,0
147.283,-79.509,-97.279,17.77,2.964,0.02,26.683,0
102.442,-81.266,-93.068,11.802,11.299,0.02,28.705,0
116.514,-76.844,-98.787,21.942,9.282,0.02,28.501,0
78.335,-75.556,-93.493,17.937,1.501,0.02,20.863,0
137.347,-78.103,-95.66,17.557,2.724,0.02,21.219,0
98.345,-74.697,-87.516,12.819,1.115,0.02,19.581,0
133.115,-73.695,-90.566,16.871,1.494,0.02,17.683,0
39.141,-71.2,-88.448,17.249,2.968,0.3199,13.459,0
77.027,-78.016,-93.503,15.486,7.347,0.02,18.636,0
110.824,-73.128,-95.569,22.441,7.676,0.02,23.84,0
34.395,-70.597,-95.68,25.084,11.03,0.2996,21.982,1
35.644,-71.229,-91.071,19.842,4.726,0.431,17.857,1
146.816,-81.204,-85.664,4.46,19.033,0.02,49.717,0
68.019,-77.399,-90.557,13.158,16.148,0.02,30.764,0
31.363,-70.7,-93.312,22.611,10.689,0.3257,20.174,1
53.062,-68.655,-92.661,24.006,24.813,0.02,35.313,0
62.62,-77.524,-92.11,14.585,9.983,0.0773,25.826,0
95.347,-80.218,-84.907,4.689,2.09,0.02,35.855,0
138.837,-77.016,-87.682,10.666,12.982,0.02,41.85,0
148.056,-81.451,-91.09,9.639,8.849,0.02,38.882,0
99.496,-75.997,-91.616,15.619,5.864,0.02,22.599,0
106.489,-75.652,-90.952,15.3,6.569,0.02,23.287,0
51.665,-78.8,-90.27,11.47,11.615,0.02,30.071,0
129.288,-76.256,-93.446,17.19,10.384,0.02,28.169,0
36.581,-76.179,-94.954,18.775,28.331,0.1231,35.067,0
20.425,-60.967,-88.387,27.42,9.424,0.5432,19.772,1
146.122,-82.838,-91.923,9.085,9.987,0.02,41.751,0
130.3,-74.711,-88.679,13.968,8.765,0.02,30.367,0
49.029,-67.358,-86.238,18.88,8.673,0.0625,22.295,0
102.9,-78.114,-90.178,12.064,3.152,0.02,24.569,0
72.718,-75.221,-90.745,15.524,5.239,0.02,19.615,0
51.854,-74.472,-80.799,6.327,11.384,0.02,36.49,0
46.582,-66.367,-91.275,24.909,2.087,0.2372,12.576,1
24.724,-66.93,-95.817,28.887,6.809,0.6658,18.396,1
84.651,-77.055,-92.984,15.929,19.973,0.02,33.837,0
69.757,-75.044,-86.569,11.525,6.496,0.02,25.243,0
79.267,-77.554,-96.53,18.976,23.842,0.02,37.605,0
36.227,-68.473,-94.634,26.161,6.617,0.3405,19.656,1
141.099,-83.381,-88.128,4.747,16.907,0.02,46.166,0
97.596,-72.131,-92.951,20.82,9.003,0.02,22.694,0
135.442,-79.178,-92.386,13.208,3.212,0.02,29.511,0
20.844,-67.381,-88.243,20.862,27.755,0.2782,36.285,0
95.313,-79.851,-94.509,14.658,2.913,0.02,19.53,0
128.172,-76.611,-97.14,20.529,5.609,0.02,26.035,0
52.984,-74.224,-96.861,22.637,30.079,0.0459,41.862,0
33.296,-69.366,-89.964,20.598,9.944,0.4128,24.162,1
43.428,-67.667,-91.093,23.427,4.367,0.2936,15.224,1
44.575,-74.069,-94.424,20.355,8.724,0.1786,23.602,0
69.844,-74.458,-96.056,21.598,12.763,0.02,27.891,0
52.265,-77.165,-92.947,15.782,6.474,0.2891,16.744,0
44.335,-73.999,-88.092,14.093,21.4,0.02,31.444,0
99.034,-79.06,-94.925,15.865,4.664,0.02,25.124,0
12.69,-61.902,-94.319,32.417,1.122,0.5772,13.815,1
54.353,-70.58,-96.167,25.587,15.687,0.06,27.431,0
105.014,-72.459,-93.286,20.827,7.581,0.02,28.075,0
30.498,-74.788,-90.817,16.029,16.878,0.269,27.126,0
37.035,-66.424,-84.597,18.173,6.229,0.2974,17.142,0
34.097,-66.422,-91.238,24.816,11.398,0.3779,22.142,1
5.134,-55.405,-92.188,36.783,5.975,0.637,10.405,1
73.696,-71.023,-88.98,17.956,7.008,0.02,20.999,0
10.649,-61.946,-89.563,27.617,2.238,0.6822,9.765,1
44.576,-72.365,-94.022,21.657,3.106,0.2408,17.758,0
149.246,-82.235,-83.943,1.707,10.539,0.02,51.642,0
138.167,-79.058,-92.085,13.027,15.686,0.02,38.104,0
36.186,-71.305,-91.173,19.868,11.3,0.2531,24.572,0
49.95,-73.883,-90.07,16.187,3.712,0.16,12.557,0
72.237,-77.984,-90.789,12.806,12.116,0.02,26.816,0
127.44,-78.257,-86.661,8.404,3.795,0.02,36.554,0
121.384,-81.794,-94.065,12.271,10.415,0.02,34.936,0
23.305,-64.63,-89.258,24.629,4.695,0.4973,10.596,1
23.045,-63.506,-91.424,27.918,7.367,0.5816,17.48,1
65.426,-70.969,-88.56,17.592,5.109,0.064,15.973,0
131.164,-71.464,-92.752,21.289,12.478,0.02,31.281,0
132.902,-77.722,-93.226,15.505,5.805,0.02,27.659,0
20.568,-62.295,-89.438,27.142,12.767,0.3666,21.462,1
88.273,-74.539,-90.747,16.208,0.703,0.02,17.288,0
27.573,-70.953,-94.871,23.919,16.265,0.1858,23.338,0
104.489,-76.501,-87.29,10.79,3.683,0.02,30.542,0
137.883,-82.086,-89.436,7.35,22.684,0.02,54.156,0
70.942,-75.033,-92.26,17.227,6.156,0.02,18.622,0
17.047,-70.73,-93.639,22.909,19.796,0.3134,27.827,0
88.992,-78.234,-90.726,12.491,1.449,0.02,20.94,0
64.235,-72.913,-89.688,16.775,17.861,0.02,29.128,0
122.58,-75.58,-97.579,22.0,4.254,0.02,24.447,0
54.35,-69.795,-90.685,20.89,17.759,0.0546,33.598,0
131.86,-80.576,-89.716,9.141,8.295,0.02,34.687,0
44.687,-73.013,-100.234,27.22,6.679,0.2006,19.885,1
27.84,-74.405,-91.313,16.909,20.129,0.0428,31.038,0
49.44,-68.826,-89.569,20.743,5.361,0.2866,18.989,0
10.063,-67.299,-89.967,22.668,23.812,0.3318,32.719,0
45.781,-71.864,-89.191,17.327,6.921,0.2055,18.636,0
100.717,-76.69,-93.146,16.456,8.818,0.02,27.237,0
25.631,-72.965,-95.64,22.675,9.587,0.4405,19.498,1
21.148,-63.284,-98.299,35.015,2.971,0.7617,9.58,1
24.196,-65.113,-88.177,23.064,10.936,0.3744,17.66,1
16.245,-63.207,-89.539,26.332,4.246,0.484,16.083,1
131.822,-78.698,-87.91,9.212,3.506,0.02,31.292,0
141.897,-79.037,-94.538,15.501,3.46,0.02,24.492,0
11.751,-57.966,-89.187,31.221,6.144,0.5636,16.618,1
115.21,-80.778,-97.259,16.481,20.689,0.02,37.834,0
111.887,-77.601,-95.043,17.442,4.716,0.02,25.21,0
149.552,-82.817,-91.559,8.742,10.719,0.02,41.097,0
55.441,-84.02,-89.679,5.659,19.522,0.02,41.616,0
46.399,-68.581,-86.123,17.542,6.948,0.1709,21.435,0
70.697,-75.307,-92.84,17.533,9.459,0.02,21.524,0
129.203,-84.58,-95.03,10.45,21.786,0.02,50.052,0
110.646,-72.645,-95.21,22.565,12.284,0.02,31.552,0
73.385,-74.592,-94.407,19.815,11.222,0.02,24.134,0
40.462,-71.806,-84.226,12.421,8.292,0.3208,24.606,0
110.417,-78.121,-89.351,11.23,23.35,0.02,44.174,0
128.906,-77.714,-88.106,10.393,6.182,0.02,30.994,0
62.993,-72.663,-92.836,20.173,5.518,0.0477,19.794,0
101.945,-79.066,-92.006,12.94,6.448,0.02,28.827,0
63.031,-73.127,-89.553,16.426,13.031,0.02,26.724,0
74.382,-72.983,-93.77,20.787,10.22,0.02,22.795,0
81.112,-76.939,-93.02,16.081,3.837,0.02,16.195,0
117.48,-85.451,-94.361,8.91,14.152,0.02,40.57,0
146.738,-78.059,-93.566,15.508,12.138,0.02,30.861,0
69.433,-72.345,-91.829,19.484,4.742,0.02,18.965,0
54.636,-71.253,-94.876,23.623,10.815,0.1344,23.111,0
59.171,-75.325,-90.999,15.674,16.466,0.02,30.516,0
24.414,-64.477,-91.004,26.527,6.731,0.5976,18.114,1
48.056,-72.982,-92.627,19.645,1.494,0.2885,16.607,0
17.535,-65.823,-94.896,29.073,7.723,0.546,16.66,1
67.045,-77.46,-91.633,14.172,6.407,0.02,20.625,0
29.267,-64.018,-93.767,29.749,1.061,0.4561,12.98,1
55.229,-72.954,-91.837,18.883,5.614,0.0603,19.634,0
120.069,-77.019,-88.157,11.138,3.134,0.02,29.182,0
40.66,-72.24,-96.385,24.146,19.883,0.0382,34.735,0
93.725,-80.089,-84.393,4.304,20.037,0.02,52.042,0
135.671,-77.776,-92.254,14.478,11.536,0.02,35.639,0
87.205,-71.362,-90.559,19.196,7.355,0.02,20.63,0
33.1,-66.423,-94.635,28.212,6.142,0.4202,14.404,1
54.991,-79.955,-88.002,8.047,15.62,0.02,35.355,0
90.604,-76.189,-92.44,16.251,6.938,0.02,23.343,0
78.459,-75.27,-93.379,18.109,8.025,0.02,22.711,0
26.55,-64.865,-94.014,29.149,9.951,0.2492,20.27,1
69.785,-79.596,-92.94,13.343,23.162,0.02,42.275,0
83.745,-78.053,-90.536,12.483,1.74,0.02,21.241,0
43.763,-68.543,-91.395,22.853,4.876,0.2358,17.975,1
93.805,-75.92,-92.14,16.22,2.451,0.02,19.778,0
15.173,-66.845,-94.49,27.645,11.301,0.5221,22.394,1
53.808,-72.65,-94.692,22.042,1.8,0.2577,16.594,0
121.62,-82.253,-93.613,11.36,4.218,0.02,28.929,0
42.596,-71.235,-90.389,19.154,9.292,0.02,23.026,0
92.751,-79.02,-89.682,10.662,14.076,0.02,37.542,0
64.454,-72.697,-89.21,16.513,7.658,0.0238,23.497,0
50.887,-72.594,-92.005,19.411,4.284,0.1499,17.055,0
137.839,-79.209,-90.658,11.448,6.346,0.02,34.129,0
54.773,-74.22,-92.59,18.37,6.101,0.2081,18.401,0
39.318,-73.181,-98.098,24.917,15.435,0.1602,23.28,0
136.849,-82.323,-92.756,10.433,4.684,0.02,31.148,0
113.162,-76.534,-93.314,16.779,14.776,0.02,34.145,0
103.861,-77.711,-95.637,17.925,7.533,0.02,26.501,0
12.183,-70.63,-93.986,23.355,17.374,0.3145,23.139,1
24.025,-72.422,-91.527,19.105,8.796,0.5333,21.76,1
97.559,-73.565,-95.966,22.401,5.166,0.02,19.922,0
35.368,-72.156,-94.488,22.332,17.16,0.2306,27.393,0
37.718,-75.235,-86.582,11.348,30.669,0.02,43.453,0
117.975,-78.823,-97.609,18.786,9.25,0.02,28.61,0
46.459,-72.139,-92.641,20.502,15.559,0.2019,23.521,0
15.38,-60.007,-96.082,36.076,8.952,0.5962,13.428,1
10.283,-59.582,-94.631,35.049,4.535,0.5735,11.588,1
69.261,-75.919,-92.692,16.773,17.885,0.02,32.72,0
94.484,-77.703,-95.457,17.754,2.833,0.02,20.467,0
130.988,-82.812,-89.991,7.179,2.462,0.02,30.877,0
21.067,-67.177,-87.271,20.094,18.033,0.297,28.756,0
33.518,-67.866,-89.054,21.188,6.555,0.2917,17.804,1
81.821,-71.76,-88.414,16.654,3.183,0.02,20.931,0
57.796,-71.649,-96.829,25.18,23.894,0.0461,34.439,0
74.968,-80.001,-92.851,12.849,13.536,0.02,26.208,0
138.998,-81.479,-90.364,8.885,7.664,0.02,41.078,0
84.009,-74.713,-88.951,14.238,10.56,0.02,26.544,0
65.192,-74.773,-85.863,11.09,9.663,0.02,31.161,0
148.469,-76.909,-88.258,11.349,13.382,0.02,39.041,0
14.456,-64.445,-88.862,24.417,7.433,0.5616,16.368,1
140.156,-75.0,-82.782,7.782,14.204,0.02,40.837,0
77.741,-75.736,-91.663,15.927,9.183,0.02,21.97,0
78.045,-69.443,-93.012,23.569,1.16,0.0905,20.554,0
138.685,-86.393,-91.379,4.987,5.416,0.02,42.944,0
78.562,-75.168,-95.203,20.035,12.435,0.02,30.009,0
68.569,-73.605,-91.763,18.158,2.401,0.0492,18.234,0
44.511,-78.31,-98.044,19.734,9.188,0.1074,21.348,0
100.528,-77.213,-93.853,16.641,6.568,0.02,26.351,0
87.599,-83.451,-92.404,8.952,24.208,0.02,49.301,0
36.08,-73.201,-88.676,15.476,14.545,0.0827,25.454,0
107.865,-75.933,-88.111,12.179,2.528,0.02,25.251,0
98.393,-78.649,-95.373,16.724,12.881,0.02,31.827,0
62.613,-72.787,-84.734,11.947,6.463,0.02,21.761,0
5.638,-57.083,-91.481,34.398,8.6,0.68,15.552,1
69.754,-67.555,-91.16,23.605,6.524,0.1373,17.36,0
5.878,-60.289,-97.662,37.373,24.712,0.6543,28.45,1
15.875,-67.368,-94.17,26.802,23.389,0.3528,31.163,1
67.438,-72.748,-88.326,15.577,4.661,0.02,20.875,0
16.878,-67.006,-91.406,24.4,17.367,0.4339,29.882,1
44.971,-76.075,-91.623,15.548,5.296,0.0855,16.983,0
100.046,-74.629,-91.205,16.575,4.426,0.02,20.98,0
49.749,-68.932,-97.051,28.119,9.196,0.1329,21.067,1
149.659,-75.601,-92.338,16.737,8.245,0.02,30.992,0
137.864,-76.739,-87.071,10.331,3.799,0.02,36.248,0
89.87,-76.256,-88.197,11.94,1.877,0.02,22.981,0
145.207,-79.337,-92.438,13.101,8.586,0.02,30.171,0
130.863,-73.087,-86.527,13.441,3.801,0.02,27.656,0
51.24,-73.219,-96.407,23.188,6.884,0.2303,19.531,0
113.691,-83.998,-95.401,11.402,18.549,0.02,41.006,0
24.841,-60.965,-85.477,24.512,7.27,0.2978,16.359,1
104.26,-79.516,-89.977,10.461,1.775,0.02,31.555,0
76.207,-82.068,-93.011,10.943,17.121,0.02,35.448,0
7.44,-59.141,-92.194,33.052,11.687,0.6305,15.425,1
44.763,-72.053,-94.823,22.77,15.24,0.2027,24.693,0
143.53,-78.579,-91.032,12.453,8.126,0.02,32.006,0
50.796,-70.092,-91.309,21.217,8.086,0.1766,17.192,0
31.311,-74.621,-91.93,17.309,31.941,0.02,39.406,0
32.192,-70.733,-96.059,25.326,11.753,0.3564,25.83,1
74.486,-78.875,-91.073,12.199,16.927,0.02,31.428,0
127.184,-84.077,-93.853,9.776,35.0,0.02,56.068,0
114.91,-81.417,-95.451,14.034,31.301,0.02,50.879,0
68.344,-71.048,-87.566,16.518,2.986,0.02,17.019,0
35.265,-72.0,-84.406,12.406,3.662,0.2454,17.5,0
11.679,-65.125,-85.201,20.076,2.453,0.6023,14.076,1
72.081,-72.486,-89.725,17.238,7.998,0.02,21.02,0
123.142,-85.85,-92.93,7.08,35.0,0.02,58.989,0
110.804,-79.525,-92.246,12.721,0.202,0.02,24.454,0
64.247,-79.345,-90.58,11.235,5.262,0.1006,24.279,0
91.232,-72.579,-93.471,20.892,8.112,0.02,24.139,0
68.256,-73.007,-87.384,14.377,3.356,0.0696,13.844,0
88.957,-74.703,-99.125,24.422,6.68,0.02,20.406,0
80.038,-74.366,-93.035,18.669,7.047,0.02,21.848,0
103.74,-75.878,-89.196,13.318,2.222,0.02,20.068,0
78.618,-77.197,-94.958,17.761,14.913,0.02,31.673,0
141.389,-79.783,-92.841,13.057,6.745,0.02,30.768,0
67.064,-76.592,-89.922,13.33,3.107,0.02,19.24,0
7.308,-64.576,-86.686,22.11,8.212,0.4795,18.558,1
39.274,-65.495,-96.529,31.034,14.549,0.3337,23.563,1
77.588,-75.469,-96.788,21.319,7.65,0.0799,23.608,0
83.383,-76.545,-95.311,18.766,3.395,0.02,19.396,0
85.096,-78.982,-97.381,18.399,9.422,0.02,27.088,0
108.61,-79.212,-97.132,17.92,29.852,0.02,46.823,0
44.824,-70.821,-95.404,24.583,5.072,0.355,18.614,1
101.411,-79.281,-87.683,8.402,3.886,0.02,29.603,0
107.085,-78.354,-93.092,14.738,5.756,0.02,22.856,0
64.636,-72.679,-91.89,19.211,4.146,0.02,17.97,0
63.315,-74.661,-95.344,20.683,4.303,0.02,19.756,0
30.944,-65.777,-89.783,24.005,2.784,0.404,14.553,1
65.028,-69.83,-85.435,15.605,16.881,0.02,31.644,0
119.088,-81.022,-95.107,14.084,13.631,0.02,31.359,0
136.801,-80.121,-85.963,5.842,6.362,0.02,36.903,0
91.074,-78.638,-90.725,12.087,4.906,0.02,24.408,0
48.409,-73.433,-91.941,18.508,10.985,0.0545,21.104,0
103.932,-83.824,-90.6,6.776,9.291,0.02,35.915,0
112.321,-75.133,-90.633,15.5,9.038,0.02,26.845,0
53.171,-79.54,-85.5,5.96,20.551,0.02,41.279,0
124.849,-82.167,-90.179,8.012,11.948,0.02,39.632,0
15.686,-69.693,-90.106,20.413,35.0,0.145,38.654,0
6.559,-53.817,-93.475,39.659,5.314,0.8119,10.521,1
22.831,-74.254,-89.063,14.81,30.69,0.0796,35.097,0
27.621,-69.741,-95.349,25.608,11.523,0.3718,18.684,1
132.445,-77.541,-91.618,14.078,3.261,0.02,26.76,0
66.622,-75.909,-81.909,5.999,4.501,0.02,30.608,0
44.865,-73.222,-100.765,27.542,13.068,0.2017,24.526,1
67.216,-78.338,-91.184,12.846,2.553,0.02,19.523,0
62.252,-75.633,-91.049,15.416,7.634,0.1013,22.686,0
48.712,-74.127,-92.798,18.671,35.0,0.02,45.625,0
24.995,-63.806,-92.716,28.91,0.355,0.364,12.145,1
100.108,-78.674,-91.68,13.006,7.592,0.02,27.17,0
24.808,-70.069,-92.882,22.813,4.502,0.3776,14.442,1
117.437,-83.868,-91.223,7.355,31.49,0.02,55.839,0
34.245,-74.192,-93.707,19.515,7.153,0.1464,16.106,0
111.049,-77.913,-84.922,7.009,3.89,0.02,35.631,0
121.81,-78.936,-92.882,13.946,2.591,0.02,22.606,0
23.172,-67.585,-90.006,22.421,2.946,0.5103,12.33,1
17.578,-69.833,-94.342,24.508,28.369,0.264,36.782,0
142.688,-76.812,-88.734,11.922,0.681,0.02,27.779,0
72.142,-79.03,-89.433,10.402,11.835,0.02,32.313,0
96.384,-77.072,-90.533,13.46,21.923,0.02,38.905,0
8.373,-56.71,-95.596,38.886,7.516,0.649,17.618,1
45.413,-64.332,-94.633,30.302,2.998,0.5342,13.573,1
78.283,-75.587,-86.098,10.512,11.803,0.02,33.519,0
133.502,-74.139,-94.672,20.533,3.668,0.02,23.938,0
44.359,-68.202,-89.757,21.554,4.818,0.2806,18.102,0
117.403,-77.181,-95.306,18.125,4.105,0.02,24.981,0
101.021,-80.394,-88.471,8.077,4.278,0.02,31.906,0
21.714,-65.749,-94.402,28.653,16.152,0.3682,27.318,1
47.539,-71.296,-95.371,24.075,6.829,0.4017,20.616,1
39.49,-66.471,-94.493,28.022,12.365,0.41,22.339,1
69.167,-73.503,-93.938,20.435,12.345,0.02,26.55,0
97.123,-74.049,-90.584,16.534,8.016,0.02,25.556,0
67.846,-79.419,-91.757,12.338,22.816,0.02,41.405,0
40.458,-69.473,-95.833,26.36,3.39,0.5286,11.437,1
105.902,-83.448,-92.098,8.649,7.313,0.02,36.728,0
89.748,-73.641,-96.002,22.362,1.196,0.0434,14.153,0
80.301,-72.328,-89.748,17.419,8.449,0.02,24.728,0
85.391,-73.632,-89.106,15.474,15.443,0.02,31.515,0
37.176,-70.447,-92.084,21.637,2.206,0.2732,13.192,1
103.663,-82.505,-91.049,8.545,4.984,0.02,33.337,0
61.188,-74.85,-85.868,11.017,4.172,0.02,20.478,0
57.703,-72.293,-92.552,20.259,0.318,0.2134,12.062,0
26.711,-66.01,-95.305,29.295,2.964,0.5195,10.689,1
91.541,-83.901,-89.973,6.071,13.053,0.02,39.745,0
92.386,-77.128,-95.964,18.837,7.738,0.02,26.78,0
54.344,-76.742,-92.737,15.995,10.252,0.02,25.722,0
129.678,-76.38,-94.096,17.716,15.486,0.02,34.666,0
127.591,-89.855,-94.456,4.602,26.702,0.02,59.799,0
20.813,-62.46,-92.875,30.415,2.944,0.6237,17.494,1
105.781,-79.083,-88.85,9.768,11.986,0.02,35.646,0
62.106,-79.61,-88.13,8.52,4.815,0.02,25.927,0
149.959,-74.243,-88.758,14.515,3.215,0.02,28.841,0
37.628,-66.231,-90.823,24.592,6.283,0.1586,16.099,1
45.676,-69.102,-92.902,23.8,12.4,0.2592,21.304,0
69.105,-74.634,-100.252,25.618,8.323,0.02,24.566,0
43.964,-73.247,-90.713,17.466,5.633,0.2058,20.852,0
105.339,-78.656,-99.978,21.322,13.365,0.02,29.326,0
74.732,-74.68,-98.732,24.052,12.627,0.02,26.75,0
37.027,-71.608,-92.566,20.958,5.34,0.3001,18.722,1
78.424,-79.082,-91.074,11.992,11.907,0.02,28.871,0
133.874,-77.993,-93.579,15.586,8.142,0.02,31.054,0
119.897,-77.331,-86.626,9.295,4.197,0.02,35.372,0
77.33,-73.767,-90.383,16.616,12.574,0.02,23.963,0
46.831,-68.551,-92.873,24.322,12.874,0.1676,20.916,0
31.084,-65.671,-87.148,21.477,2.713,0.3179,9.516,1
132.366,-83.59,-86.522,2.932,11.843,0.02,47.494,0
107.974,-79.778,-90.206,10.428,16.947,0.02,37.304,0
87.964,-74.366,-94.713,20.347,3.01,0.02,22.217,0
132.518,-77.211,-93.926,16.715,9.327,0.02,27.237,0
22.645,-63.536,-97.064,33.527,3.073,0.3761,12.015,1
103.961,-76.934,-92.148,15.214,3.369,0.02,22.328,0
36.423,-70.593,-95.675,25.082,1.616,0.2799,11.033,1
22.484,-66.128,-93.152,27.024,18.538,0.4382,26.95,1
72.513,-75.863,-91.088,15.225,17.062,0.02,32.22,0
61.172,-75.11,-98.943,23.833,17.764,0.1023,37.847,0
141.47,-81.503,-96.423,14.92,5.809,0.02,28.431,0
51.977,-68.061,-93.774,25.712,15.457,0.1204,23.155,0
123.161,-77.155,-92.184,15.029,3.191,0.02,24.913,0
113.58,-77.496,-93.729,16.232,2.673,0.02,22.53,0
101.849,-76.377,-92.947,16.57,5.903,0.02,24.746,0
138.458,-81.738,-94.472,12.734,16.326,0.02,39.464,0
64.149,-78.508,-97.073,18.565,9.552,0.065,25.207,0
61.502,-72.606,-93.872,21.266,5.314,0.1568,18.304,0
28.337,-72.425,-92.746,20.321,5.08,0.4304,16.169,1
44.986,-73.668,-93.086,19.418,18.56,0.1003,29.71,0
132.568,-85.289,-91.609,6.319,13.671,0.02,45.976,0
73.785,-84.017,-90.534,6.517,19.248,0.02,43.759,0
54.496,-73.425,-89.614,16.189,18.33,0.02,32.738,0
36.336,-72.35,-94.217,21.867,1.288,0.4647,16.235,1
75.319,-75.907,-97.515,21.609,16.812,0.02,35.495,0
108.916,-78.674,-87.549,8.876,13.858,0.02,40.263,0
46.57,-70.769,-90.651,19.882,3.515,0.2502,16.392,0
114.869,-79.836,-95.341,15.505,5.875,0.02,25.498,0
96.319,-77.343,-91.028,13.685,6.969,0.02,23.773,0
119.197,-84.261,-88.262,4.001,26.278,0.02,61.186,0
41.382,-68.53,-85.948,17.418,8.395,0.2469,19.034,0
96.499,-79.704,-91.123,11.419,13.428,0.02,36.235,0
27.292,-70.865,-88.291,17.426,16.635,0.1348,22.826,0
57.751,-70.879,-96.234,25.355,5.559,0.1933,20.203,0
110.032,-81.991,-92.126,10.135,18.229,0.02,45.443,0
96.592,-82.486,-93.173,10.687,7.683,0.02,29.007,0
32.24,-78.134,-90.801,12.667,35.0,0.02,44.93,0
129.46,-75.136,-86.361,11.225,3.461,0.02,28.217,0
12.736,-62.668,-91.125,28.457,7.097,0.4199,14.534,1
91.306,-77.746,-95.282,17.536,17.189,0.02,36.014,0
147.654,-78.506,-96.422,17.916,4.346,0.02,27.05,0
82.068,-71.977,-86.24,14.263,14.493,0.02,27.967,0
121.097,-84.604,-90.202,5.598,6.158,0.02,36.869,0
91.301,-76.162,-90.432,14.27,2.973,0.02,15.811,0
118.548,-77.397,-93.203,15.806,2.443,0.02,20.239,0
100.061,-77.738,-91.062,13.325,9.282,0.02,25.673,0
105.214,-76.043,-95.454,19.411,11.359,0.02,25.825,0
38.033,-67.283,-90.645,23.362,3.294,0.32,13.819,1
112.564,-79.709,-96.112,16.403,12.108,0.02,27.549,0
39.497,-74.879,-93.258,18.379,2.244,0.3565,13.666,0
147.193,-72.104,-94.25,22.146,5.633,0.02,28.783,0
38.029,-70.624,-103.401,32.777,7.535,0.4117,19.416,1
39.319,-70.479,-93.214,22.734,7.059,0.1653,18.903,0
129.508,-75.613,-95.146,19.533,8.936,0.02,22.73,0
40.233,-72.13,-92.736,20.607,7.3,0.2951,17.412,0
57.331,-69.379,-91.994,22.615,6.515,0.1342,22.794,0
108.623,-78.609,-85.812,7.203,6.492,0.02,40.96,0
28.019,-62.429,-90.934,28.504,4.706,0.3448,17.059,1
28.065,-68.079,-90.831,22.751,12.291,0.5335,22.015,1
75.522,-77.205,-90.265,13.061,6.564,0.02,22.093,0
40.336,-63.817,-88.949,25.131,4.255,0.3138,18.989,1
39.17,-69.842,-90.41,20.568,11.728,0.3018,22.086,0
6.34,-60.571,-91.014,30.443,10.472,0.7167,17.438,1
58.715,-76.969,-89.511,12.541,3.158,0.171,23.028,0
51.146,-73.189,-100.493,27.305,20.62,0.0922,23.965,0
9.518,-56.457,-84.688,28.231,5.683,0.5726,13.89,1
95.079,-75.484,-86.436,10.952,5.895,0.02,24.794,0
95.865,-76.08,-91.24,15.16,7.738,0.02,25.933,0
15.266,-60.125,-96.946,36.82,10.225,0.6897,22.773,1
50.971,-70.944,-87.764,16.82,8.028,0.1391,21.557,0
131.557,-80.481,-94.429,13.948,3.924,0.02,31.086,0
89.414,-77.167,-90.132,12.965,1.415,0.02,21.586,0
64.736,-75.197,-96.49,21.293,20.346,0.02,36.394,0
72.44,-72.766,-84.208,11.442,3.48,0.02,19.382,0
35.201,-67.521,-97.048,29.527,11.117,0.4444,22.051,1
122.723,-77.729,-91.759,14.03,7.976,0.02,25.499,0
137.531,-76.201,-99.428,23.226,1.051,0.02,23.657,0
137.046,-77.888,-92.144,14.256,4.629,0.02,26.112,0
37.47,-70.848,-93.488,22.64,23.728,0.2616,32.608,0
50.057,-69.078,-88.02,18.942,1.538,0.02,13.856,0
28.29,-69.035,-93.489,24.454,6.085,0.5033,18.929,1
49.544,-73.545,-88.015,14.469,10.22,0.02,23.378,0
53.257,-71.166,-95.584,24.418,3.496,0.2281,16.942,1
96.8,-76.986,-92.987,16.001,8.657,0.02,25.513,0
32.499,-66.435,-92.917,26.481,11.858,0.2924,23.717,1
138.313,-79.591,-90.265,10.675,10.78,0.02,37.04,0
19.949,-70.613,-90.711,20.097,8.639,0.4474,15.008,1
5.997,-61.19,-89.472,28.282,6.904,0.7302,17.215,1
128.967,-79.027,-91.066,12.039,3.627,0.02,27.205,0
107.047,-76.443,-89.685,13.242,11.595,0.02,32.3,0
56.527,-75.6,-95.143,19.543,7.856,0.0924,22.631,0
91.347,-78.41,-90.639,12.229,25.883,0.02,41.634,0
37.414,-74.041,-86.371,12.33,13.777,0.2723,25.836,0
29.416,-67.894,-97.88,29.986,5.284,0.5291,12.12,1
73.317,-74.297,-90.288,15.992,9.404,0.02,22.923,0
56.212,-75.783,-89.631,13.849,2.694,0.1056,20.303,0
94.208,-74.483,-86.886,12.402,1.342,0.02,22.203,0
36.632,-65.019,-89.459,24.439,5.139,0.3152,19.822,1
101.125,-76.928,-91.649,14.721,2.207,0.02,21.304,0
116.195,-79.185,-90.495,11.31,12.773,0.02,34.857,0
29.162,-71.357,-94.573,23.216,24.317,0.1053,31.098,0
11.359,-63.798,-93.358,29.56,16.839,0.4686,28.246,1
68.74,-74.313,-96.675,22.362,5.868,0.0334,22.108,0
117.233,-79.716,-86.795,7.079,13.175,0.02,42.219,0
99.363,-81.458,-90.424,8.966,4.918,0.02,31.148,0
106.773,-78.586,-95.206,16.621,18.363,0.02,34.092,0
63.412,-78.249,-91.05,12.802,11.863,0.02,21.783,0
39.067,-69.709,-87.942,18.233,7.764,0.2904,19.112,0
82.108,-73.817,-88.525,14.708,7.37,0.02,20.14,0
34.633,-69.597,-95.247,25.65,11.845,0.219,21.22,1
110.303,-80.634,-102.968,22.334,7.427,0.02,22.564,0
33.56,-70.524,-90.616,20.092,16.202,0.1669,25.473,0
47.233,-72.399,-95.104,22.705,5.768,0.3022,15.425,1
78.449,-77.26,-89.822,12.562,6.8,0.02,25.549,0
75.573,-69.103,-88.674,19.571,7.117,0.02,23.699,0
92.123,-79.223,-88.102,8.879,6.409,0.02,32.332,0
68.429,-72.466,-85.893,13.428,3.849,0.02,16.825,0
138.324,-74.578,-87.673,13.095,5.421,0.02,25.216,0
126.79,-77.849,-85.877,8.027,7.658,0.02,34.128,0
132.471,-81.061,-87.173,6.113,7.224,0.02,42.754,0
96.28,-81.634,-86.868,5.234,22.137,0.02,56.696,0
97.076,-81.853,-92.143,10.29,10.258,0.02,31.853,0
93.334,-78.854,-96.513,17.659,18.985,0.02,31.861,0
68.058,-73.138,-83.312,10.174,1.929,0.0214,26.765,0
51.705,-74.939,-91.78,16.841,14.768,0.02,25.416,0
90.84,-72.93,-87.7,14.77,10.262,0.02,26.445,0
8.702,-60.39,-93.926,33.536,7.138,0.6818,15.701,1
6.081,-61.725,-88.626,26.902,3.572,0.6482,10.112,1
128.488,-75.528,-100.557,25.029,12.597,0.02,30.248,0
11.731,-66.643,-93.437,26.793,11.359,0.4868,19.202,1
81.095,-75.305,-92.344,17.04,12.934,0.02,26.723,0
94.173,-74.425,-90.381,15.956,5.308,0.02,17.742,0
33.735,-71.611,-88.248,16.637,16.149,0.3258,23.662,0
134.881,-77.371,-95.83,18.459,12.002,0.02,31.944,0
32.564,-68.801,-89.69,20.889,5.687,0.1692,14.989,0
133.255,-82.893,-87.707,4.814,20.649,0.02,55.412,0
115.634,-84.792,-83.789,-1.003,9.196,0.02,48.297,0
39.908,-74.806,-89.527,14.721,1.525,0.2417,18.285,0
26.858,-59.428,-93.608,34.18,5.68,0.5303,15.929,1
50.854,-71.987,-96.451,24.464,16.021,0.1334,27.691,0
62.703,-69.839,-85.598,15.759,5.822,0.0367,18.224,0
40.639,-63.497,-89.419,25.923,8.075,0.4051,18.667,1
149.839,-82.84,-92.077,9.237,16.351,0.02,41.044,0
38.3,-70.602,-97.669,27.068,5.88,0.4281,17.123,1
125.442,-84.91,-95.259,10.349,13.568,0.02,44.187,0
28.072,-68.269,-89.79,21.521,2.786,0.2951,15.556,1
147.135,-81.304,-90.762,9.457,10.01,0.02,35.403,0
37.701,-71.982,-98.812,26.83,9.587,0.3357,21.123,1
66.145,-71.774,-89.786,18.012,10.648,0.0462,25.312,0
85.992,-74.793,-97.49,22.697,11.59,0.02,30.826,0
22.441,-64.192,-87.261,23.069,8.335,0.2477,15.774,1
123.439,-82.315,-91.27,8.955,7.613,0.02,41.372,0
44.829,-71.618,-93.622,22.004,8.047,0.1903,20.006,0
84.644,-77.506,-88.534,11.029,20.123,0.02,38.063,0
84.697,-70.703,-90.763,20.06,8.955,0.02,20.451,0
92.383,-80.867,-87.363,6.495,30.488,0.02,56.287,0
13.045,-64.32,-91.718,27.399,11.554,0.5189,20.219,1
29.45,-65.708,-91.514,25.807,8.958,0.4574,16.151,1
28.373,-68.296,-92.998,24.703,3.02,0.347,15.116,1
48.797,-72.117,-91.08,18.963,14.211,0.1142,26.985,0
26.013,-66.319,-86.057,19.738,6.636,0.488,16.595,1
138.679,-82.65,-93.76,11.11,15.734,0.02,39.328,0
79.378,-77.045,-89.732,12.687,4.526,0.02,23.298,0
95.418,-77.188,-95.082,17.893,8.016,0.02,29.361,0
56.836,-74.474,-99.234,24.759,6.428,0.094,17.156,0
45.056,-77.466,-91.274,13.808,13.471,0.02,21.904,0
77.961,-76.165,-90.704,14.539,21.214,0.02,34.605,0
47.677,-70.536,-92.385,21.849,7.887,0.1887,17.841,0
54.829,-75.075,-97.236,22.161,6.028,0.2328,14.274,0
70.649,-76.556,-90.935,14.379,3.172,0.02,19.807,0
78.331,-73.755,-91.068,17.313,5.506,0.02,17.49,0
147.726,-77.551,-95.111,17.56,21.396,0.02,38.472,0
37.382,-67.512,-96.737,29.226,7.974,0.4574,20.965,1
75.757,-72.518,-92.883,20.365,11.163,0.02,29.125,0
26.679,-68.009,-89.715,21.705,2.303,0.4457,19.209,1
55.75,-70.953,-90.542,19.589,2.213,0.1053,11.673,0
109.01,-77.204,-95.083,17.878,1.957,0.02,21.645,0
30.297,-73.275,-91.521,18.246,17.89,0.3336,23.626,0
89.296,-76.085,-88.895,12.811,8.209,0.02,27.561,0
65.422,-76.349,-96.104,19.756,4.387,0.0785,18.099,0
12.479,-66.492,-91.779,25.287,14.506,0.4857,16.948,1
140.296,-80.778,-87.311,6.533,6.37,0.02,40.936,0
64.972,-76.974,-96.462,19.488,15.694,0.02,28.618,0
118.669,-78.669,-87.956,9.287,7.873,0.02,36.463,0
65.365,-82.23,-86.333,4.103,15.847,0.02,40.904,0
140.917,-81.788,-92.778,10.99,3.954,0.02,36.551,0
47.118,-68.051,-93.201,25.149,10.882,0.2094,23.165,0
64.773,-75.39,-88.384,12.994,12.825,0.02,29.663,0
115.035,-75.52,-92.651,17.131,2.072,0.02,24.82,0
54.832,-72.036,-100.236,28.2,8.216,0.2248,20.843,1
57.832,-72.955,-92.346,19.391,3.095,0.1007,14.332,0
149.249,-81.704,-90.354,8.649,2.282,0.02,36.595,0
85.564,-77.731,-89.41,11.678,6.743,0.02,26.898,0
104.96,-72.52,-95.082,22.562,11.212,0.02,31.002,0
98.302,-78.204,-92.944,14.74,4.533,0.02,21.981,0
125.049,-73.604,-88.581,14.977,6.996,0.02,32.262,0
129.965,-79.903,-92.21,12.307,5.097,0.02,29.214,0
86.672,-78.771,-97.351,18.579,14.956,0.02,28.53,0
47.711,-74.194,-87.668,13.474,18.746,0.02,32.59,0
8.306,-65.935,-92.749,26.814,34.402,0.2996,38.576,0
94.088,-81.624,-88.181,6.557,17.076,0.02,42.389,0
124.693,-79.778,-96.884,17.106,11.928,0.02,34.533,0
70.328,-80.776,-92.423,11.647,14.946,0.02,29.951,0
28.882,-67.122,-90.216,23.094,5.145,0.2326,18.056,1
46.772,-71.189,-92.305,21.116,6.635,0.2117,22.614,0
78.948,-73.931,-96.141,22.21,9.711,0.02,23.74,0
126.319,-79.329,-100.354,21.024,1.995,0.02,23.059,0
29.904,-66.176,-86.669,20.492,4.814,0.2409,13.195,1
93.762,-80.31,-91.132,10.821,31.168,0.02,54.093,0
114.238,-77.694,-87.916,10.222,6.677,0.02,28.851,0
140.727,-72.593,-88.75,16.156,1.671,0.02,26.02,0
21.922,-64.977,-89.911,24.934,5.595,0.5559,15.194,1
139.327,-81.359,-93.125,11.766,9.23,0.02,32.594,0
92.213,-72.936,-90.286,17.349,11.46,0.02,25.736,0
116.172,-76.905,-86.986,10.081,7.888,0.02,34.77,0
12.797,-58.322,-91.709,33.388,10.638,0.6703,15.818,1
78.391,-80.641,-85.344,4.703,4.756,0.02,35.849,0
95.281,-80.204,-97.248,17.044,19.106,0.02,35.09,0
49.491,-75.098,-97.624,22.526,16.376,0.1789,26.638,0
67.589,-79.04,-88.542,9.502,1.4,0.02,24.875,0
85.373,-74.916,-94.866,19.949,3.481,0.02,17.609,0
85.119,-78.725,-84.848,6.124,14.563,0.02,41.289,0
11.07,-68.55,-87.319,18.769,10.152,0.2923,17.212,1
68.725,-77.462,-86.443,8.981,9.767,0.02,28.851,0
36.004,-66.327,-88.904,22.577,8.842,0.3605,18.657,1
137.921,-78.749,-95.226,16.477,17.123,0.02,33.219,0
146.604,-82.593,-97.808,15.214,9.917,0.02,30.125,0
48.449,-75.316,-86.766,11.45,11.563,0.1432,23.832,0
30.402,-66.767,-97.248,30.482,9.032,0.2776,16.547,1
36.828,-75.529,-86.453,10.924,3.783,0.2467,18.421,0
74.274,-75.018,-89.656,14.638,15.246,0.02,30.629,0
131.803,-84.481,-92.267,7.786,6.25,0.02,34.439,0
77.505,-70.36,-90.453,20.093,6.199,0.02,18.136,0
13.032,-61.126,-90.371,29.246,7.221,0.6276,14.778,1
10.783,-66.428,-92.708,26.28,2.778,0.4721,16.259,1
37.972,-75.851,-87.01,11.159,28.11,0.0818,38.257,0
127.202,-79.438,-87.13,7.692,14.508,0.02,45.692,0
95.115,-82.14,-91.455,9.315,3.554,0.02,29.49,0
86.629,-79.442,-94.1,14.658,22.459,0.02,42.519,0
51.251,-70.809,-87.429,16.62,5.41,0.1438,18.671,0
139.767,-85.583,-99.079,13.496,6.171,0.02,29.69,0
53.021,-70.24,-90.446,20.206,5.356,0.168,18.164,0
126.067,-81.754,-89.411,7.658,19.767,0.02,48.534,0
134.906,-78.666,-94.899,16.233,17.599,0.02,39.033,0
75.084,-76.007,-88.592,12.585,7.39,0.02,24.15,0
134.672,-82.628,-92.092,9.464,7.862,0.02,43.835,0
45.136,-76.572,-93.91,17.338,14.097,0.1857,27.299,0
100.473,-79.549,-88.629,9.079,13.82,0.02,38.247,0
17.755,-66.016,-95.8,29.784,8.221,0.7009,16.502,1
73.72,-72.187,-88.958,16.771,8.405,0.02,22.847,0
36.513,-72.59,-98.938,26.349,14.68,0.3219,24.703,1
14.101,-67.249,-91.0,23.751,1.82,0.5115,12.609,1
5.54,-59.29,-91.847,32.556,11.02,0.719,19.172,1
52.089,-77.962,-93.889,15.927,10.526,0.1187,26.3,0
90.482,-78.044,-90.636,12.592,19.864,0.02,35.86,0
71.008,-74.044,-92.278,18.234,11.731,0.02,25.538,0
48.757,-71.102,-88.309,17.207,12.638,0.0761,21.785,0
148.724,-80.46,-90.039,9.58,4.888,0.02,33.645,0
141.231,-81.35,-90.416,9.066,5.175,0.02,33.774,0
23.22,-69.37,-90.978,21.608,10.84,0.3741,22.01,1
65.191,-73.331,-93.653,20.322,1.068,0.0767,13.863,0
99.083,-78.585,-93.056,14.471,6.525,0.02,28.0,0
111.356,-72.329,-91.131,18.802,2.97,0.02,25.428,0
58.124,-74.223,-92.607,18.384,5.393,0.171,20.444,0
113.211,-77.26,-88.11,10.85,1.374,0.02,23.505,0
23.002,-68.517,-91.673,23.156,3.29,0.4603,16.844,1
53.113,-77.292,-90.684,13.392,18.431,0.02,31.069,0
108.883,-80.842,-96.909,16.067,3.076,0.02,20.816,0
95.724,-79.423,-88.699,9.275,4.125,0.02,30.585,0
126.395,-72.979,-94.034,21.055,5.755,0.02,23.667,0
11.794,-61.873,-95.649,33.776,12.706,0.602,23.728,1
30.287,-69.98,-86.238,16.259,7.232,0.2447,19.527,0
12.032,-63.452,-89.558,26.107,1.902,0.527,18.338,1
32.857,-64.614,-88.58,23.966,1.189,0.3926,13.103,1
5.621,-59.62,-90.409,30.789,6.499,0.5787,14.078,1
78.11,-80.634,-92.326,11.692,7.121,0.02,31.863,0
81.606,-76.044,-92.979,16.935,15.327,0.02,25.291,0
100.394,-79.302,-89.273,9.971,3.389,0.02,28.7,0
60.812,-80.498,-88.036,7.538,21.435,0.02,43.478,0
5.465,-59.28,-92.239,32.958,1.925,0.6521,13.357,1
102.714,-75.147,-84.746,9.599,1.947,0.02,35.353,0
12.872,-63.153,-92.691,29.538,6.346,0.659,13.311,1
130.595,-83.622,-96.879,13.257,14.985,0.02,39.877,0
8.285,-59.048,-98.025,38.978,9.737,0.7574,21.073,1
81.919,-77.568,-97.907,20.34,3.272,0.02,22.423,0
134.763,-88.591,-93.448,4.857,28.973,0.02,62.362,0
88.011,-80.736,-92.812,12.076,9.416,0.02,31.158,0
93.22,-77.28,-89.611,12.331,10.087,0.02,27.758,0
103.834,-81.227,-92.1,10.873,13.991,0.02,41.19,0
22.749,-67.281,-89.048,21.768,10.342,0.4327,16.885,1
102.864,-73.782,-91.843,18.061,5.533,0.02,20.839,0
132.651,-84.373,-91.953,7.58,23.516,0.02,52.111,0
146.262,-74.47,-94.021,19.551,20.052,0.02,39.248,0
69.243,-77.677,-87.021,9.344,26.218,0.02,47.525,0
54.953,-73.393,-97.36,23.967,6.041,0.1663,18.143,0
114.23,-85.326,-90.945,5.619,22.905,0.02,50.998,0
83.717,-76.251,-92.636,16.385,3.119,0.02,16.377,0
42.309,-72.253,-89.264,17.011,8.341,0.02,22.708,0
29.963,-67.9,-92.073,24.172,13.689,0.2366,24.636,1
29.683,-69.658,-91.97,22.312,2.47,0.4915,9.939,1
71.581,-77.195,-92.933,15.739,24.993,0.02,39.248,0
29.668,-68.358,-87.124,18.765,5.556,0.3275,15.167,1
7.859,-59.348,-91.992,32.643,20.649,0.4317,23.425,1
12.553,-58.781,-85.106,26.325,2.727,0.5877,8.608,1
139.833,-78.784,-91.047,12.263,8.195,0.02,35.732,0
15.579,-61.54,-91.924,30.384,4.689,0.4426,17.155,1
15.611,-60.485,-92.509,32.024,4.719,0.7024,15.567,1
70.422,-72.377,-90.025,17.648,3.046,0.02,15.952,0
40.54,-69.277,-94.059,24.783,2.837,0.3234,15.894,1
144.591,-77.831,-91.49,13.659,3.399,0.02,28.625,0
137.093,-73.833,-91.972,18.138,3.298,0.02,18.426,0
63.688,-75.886,-90.862,14.976,17.711,0.02,31.8,0
70.066,-75.058,-90.775,15.717,19.502,0.02,33.04,0
59.391,-74.695,-90.593,15.898,2.352,0.1123,21.918,0
10.491,-57.006,-91.668,34.662,6.797,0.5947,20.139,1
47.463,-72.78,-86.509,13.729,17.453,0.0351,30.038,0
22.788,-69.091,-90.521,21.43,12.576,0.3967,22.711,1
19.844,-66.069,-82.879,16.81,6.4,0.2756,16.054,0
86.325,-76.419,-91.826,15.407,4.846,0.02,19.826,0
19.321,-64.857,-88.644,23.787,2.396,0.5707,8.68,1
19.925,-68.797,-94.541,25.744,24.099,0.3022,30.01,0
74.674,-76.42,-87.097,10.677,10.211,0.02,29.573,0
69.131,-79.803,-94.465,14.662,8.937,0.02,26.417,0
24.957,-61.62,-90.404,28.784,3.86,0.5234,14.502,1
5.645,-56.582,-92.925,36.344,7.688,0.8201,14.071,1
32.981,-70.823,-90.418,19.595,17.64,0.3182,25.333,0
39.204,-69.882,-92.822,22.939,2.142,0.2983,14.95,1
121.036,-75.178,-94.762,19.584,3.797,0.02,22.737,0
137.739,-78.419,-92.951,14.532,2.611,0.02,22.146,0
63.862,-77.794,-86.604,8.81,20.805,0.02,39.452,0
63.729,-73.838,-90.365,16.527,2.055,0.1309,20.63,0
108.31,-74.586,-96.511,21.925,9.845,0.02,27.374,0
95.904,-75.447,-88.166,12.719,2.64,0.02,25.912,0
31.7,-69.759,-95.12,25.361,9.101,0.3366,14.948,1
20.615,-66.661,-89.398,22.737,2.556,0.5056,15.319,1
68.454,-75.184,-90.064,14.88,5.198,0.02,21.637,0
86.9,-76.21,-89.843,13.633,23.056,0.02,41.583,0
25.113,-71.221,-85.514,14.293,11.285,0.2012,17.661,0
47.525,-70.386,-94.9,24.514,8.742,0.3837,20.7,1
49.362,-70.936,-89.862,18.926,10.727,0.1394,20.545,0
42.888,-74.155,-87.591,13.436,24.341,0.02,33.458,0
71.81,-75.922,-94.252,18.33,9.183,0.02,18.745,0
99.694,-83.61,-94.61,11.0,16.846,0.02,36.039,0
78.862,-75.615,-93.005,17.39,17.204,0.02,28.495,0
34.211,-76.283,-90.863,14.58,15.675,0.1761,28.08,0
19.926,-71.107,-96.937,25.83,35.0,0.242,39.975,0
124.171,-79.731,-90.07,10.339,12.834,0.02,38.105,0
74.499,-74.688,-96.929,22.241,16.106,0.02,32.949,0
14.01,-65.902,-87.473,21.571,5.278,0.5955,14.33,1
42.428,-74.342,-90.202,15.859,8.241,0.2715,17.87,0
121.585,-77.157,-85.304,8.147,7.933,0.02,37.403,0
114.0,-77.996,-89.659,11.664,3.782,0.02,25.515,0
131.993,-84.628,-93.067,8.439,4.155,0.02,29.735,0
92.303,-76.846,-94.795,17.95,7.836,0.02,25.217,0
66.321,-69.445,-91.164,21.719,9.527,0.02,24.826,0
66.862,-76.123,-92.106,15.983,23.748,0.02,35.575,0
33.13,-72.452,-87.849,15.397,3.774,0.3243,14.383,0
99.366,-75.08,-95.25,20.17,3.586,0.02,20.105,0
89.835,-72.564,-84.927,12.362,2.206,0.02,26.53,0
27.455,-74.852,-87.538,12.687,14.21,0.2504,27.523,0
133.421,-84.17,-92.712,8.542,27.439,0.02,54.76,0
58.428,-69.68,-85.708,16.027,7.482,0.02,22.998,0
12.212,-67.751,-94.741,26.99,9.867,0.567,20.748,1
52.543,-73.706,-91.28,17.574,7.609,0.1159,21.212,0
131.129,-80.993,-96.468,15.475,13.239,0.02,35.445,0
137.959,-79.922,-85.537,5.615,3.117,0.02,39.131,0
76.108,-72.054,-97.766,25.712,11.311,0.033,25.915,0
143.669,-76.188,-97.042,20.854,7.602,0.02,31.692,0
131.91,-81.563,-94.221,12.659,14.571,0.02,35.247,0
124.658,-83.24,-87.372,4.132,14.204,0.02,46.079,0
129.658,-75.881,-88.658,12.777,10.395,0.02,34.674,0
60.372,-71.319,-91.573,20.254,6.671,0.0511,18.345,0
114.688,-77.599,-88.434,10.834,3.901,0.02,30.866,0
88.714,-75.817,-92.404,16.587,13.986,0.02,30.085,0
109.354,-76.185,-90.521,14.337,8.446,0.02,32.641,0
30.779,-71.914,-86.219,14.305,8.307,0.2193,17.057,0
111.052,-79.498,-92.863,13.366,5.854,0.02,28.992,0
143.851,-82.577,-94.682,12.105,21.254,0.02,44.328,0
48.886,-81.025,-90.354,9.329,21.908,0.02,41.278,0
147.993,-80.816,-89.409,8.593,6.239,0.02,39.205,0
59.865,-75.508,-91.613,16.105,4.399,0.02,18.935,0
33.96,-69.138,-88.488,19.351,6.699,0.1798,18.693,0
21.282,-69.384,-92.704,23.32,4.707,0.5246,15.418,1
118.819,-77.952,-91.554,13.601,11.129,0.02,31.258,0
85.45,-75.703,-90.689,14.986,8.233,0.02,26.118,0
49.534,-73.945,-90.994,17.05,13.52,0.02,27.399,0
93.225,-75.182,-86.354,11.172,6.301,0.02,27.523,0
53.155,-76.648,-90.707,14.058,35.0,0.02,44.18,0
70.012,-74.518,-93.064,18.546,2.323,0.0233,17.782,0
130.086,-79.14,-90.152,11.012,8.011,0.02,34.332,0
101.884,-84.508,-88.469,3.961,32.631,0.02,59.007,0
115.548,-81.624,-89.29,7.666,13.66,0.02,42.693,0
89.607,-71.739,-89.484,17.745,7.134,0.02,21.379,0
148.753,-81.321,-97.243,15.923,10.69,0.02,27.707,0
40.004,-70.05,-100.724,30.674,2.824,0.2349,15.527,1
43.032,-71.869,-87.537,15.668,8.4,0.0372,16.844,0
18.421,-63.501,-90.464,26.963,2.769,0.5823,15.56,1
85.333,-76.653,-92.076,15.423,1.532,0.0282,19.876,0
93.937,-80.788,-89.57,8.782,20.316,0.02,45.001,0
110.264,-74.669,-85.254,10.585,4.923,0.02,33.117,0
53.64,-76.467,-87.053,10.586,2.584,0.2751,24.282,0
6.777,-57.832,-88.632,30.8,6.397,0.5981,12.202,1
96.673,-80.653,-95.104,14.451,13.043,0.02,32.708,0
149.811,-85.209,-94.649,9.44,2.783,0.02,31.56,0
47.71,-72.014,-100.352,28.338,5.481,0.4169,20.003,1
31.67,-74.133,-89.783,15.65,14.212,0.2541,22.909,0
45.856,-76.142,-88.12,11.978,8.714,0.1581,21.507,0
66.685,-69.353,-87.834,18.482,20.695,0.02,34.361,0
41.382,-70.934,-89.636,18.702,14.372,0.1257,23.869,0
55.309,-72.405,-92.539,20.134,12.02,0.0628,27.05,0
97.54,-78.607,-93.975,15.368,14.019,0.02,33.637,0
55.029,-75.698,-94.889,19.191,2.247,0.1475,11.206,0
62.429,-74.625,-92.572,17.947,7.928,0.0734,21.377,0
10.805,-67.332,-95.422,28.09,29.562,0.3332,37.312,1
138.102,-85.016,-85.854,0.838,5.92,0.02,47.278,0
63.998,-68.949,-96.558,27.609,8.04,0.1547,22.0,0
52.581,-72.618,-92.69,20.071,5.001,0.1952,18.434,0
17.54,-67.213,-98.777,31.564,4.966,0.5062,10.219,1
96.957,-78.326,-90.962,12.636,15.47,0.02,38.923,0
130.255,-87.531,-92.008,4.477,28.71,0.02,63.249,0
10.967,-67.785,-93.249,25.464,22.566,0.4783,27.78,1
26.065,-62.134,-95.265,33.131,1.351,0.4211,9.95,1
26.227,-69.602,-91.991,22.389,7.632,0.403,19.658,1
92.33,-76.521,-93.906,17.385,6.022,0.02,23.309,0
138.578,-78.385,-92.479,14.094,3.06,0.02,26.79,0
68.476,-76.894,-85.149,8.255,15.933,0.02,40.016,0
54.852,-74.537,-91.397,16.86,6.388,0.1296,19.803,0
116.047,-70.728,-90.135,19.407,3.422,0.02,17.984,0
112.673,-81.019,-93.626,12.607,10.751,0.02,31.27,0
40.78,-72.818,-94.746,21.927,2.764,0.3047,15.963,1
28.32,-69.275,-92.08,22.805,18.486,0.2584,29.081,0
56.882,-79.647,-83.236,3.59,19.479,0.02,46.009,0
117.462,-76.635,-93.006,16.371,13.82,0.02,32.095,0
105.784,-79.142,-90.735,11.593,11.659,0.02,36.75,0
101.549,-77.051,-94.899,17.848,7.574,0.02,28.486,0
125.267,-78.542,-101.643,23.101,10.235,0.02,30.565,0
45.184,-72.801,-94.764,21.964,7.428,0.1949,21.426,0
54.254,-69.248,-83.668,14.419,2.138,0.1935,17.052,0
11.139,-61.285,-89.916,28.631,13.343,0.5962,22.887,1
130.968,-80.42,-86.257,5.837,21.389,0.02,53.15,0
89.452,-80.588,-93.217,12.629,5.015,0.02,23.273,0
48.228,-74.796,-100.249,25.453,15.005,0.02,30.952,0
15.065,-64.642,-95.88,31.239,8.219,0.4758,21.403,1
109.894,-72.33,-90.61,18.28,5.356,0.02,23.879,0
113.567,-81.146,-91.168,10.022,1.019,0.02,28.233,0
101.596,-80.573,-92.036,11.464,13.658,0.02,35.832,0
34.548,-67.534,-93.856,26.322,11.738,0.345,22.153,1
137.416,-81.512,-88.711,7.199,3.355,0.02,35.925,0
114.208,-80.047,-93.755,13.707,6.673,0.02,30.171,0
100.375,-72.455,-90.923,18.468,8.171,0.02,22.721,0
99.387,-76.801,-91.316,14.515,10.625,0.02,26.655,0
136.132,-78.826,-93.29,14.464,17.2,0.02,40.179,0
139.605,-77.411,-95.085,17.674,7.216,0.02,28.922,0
91.367,-75.2,-93.496,18.296,1.808,0.02,22.005,0
65.417,-74.289,-85.442,11.154,8.477,0.02,27.833,0
57.741,-70.525,-88.106,17.582,5.923,0.094,20.094,0
123.766,-80.698,-88.429,7.73,4.295,0.02,34.006,0
98.468,-73.585,-94.753,21.167,15.39,0.02,35.18,0
16.204,-65.554,-97.032,31.478,3.906,0.54,15.414,1
25.617,-63.787,-88.162,24.375,2.517,0.4319,10.109,1
135.527,-77.523,-88.833,11.31,5.56,0.02,33.382,0
133.252,-81.06,-91.52,10.459,8.034,0.02,37.606,0
143.016,-78.629,-93.297,14.668,8.883,0.02,30.78,0
67.038,-76.391,-97.124,20.733,18.679,0.02,33.362,0
118.689,-83.25,-88.964,5.714,4.731,0.02,40.487,0
125.093,-80.383,-87.849,7.465,13.754,0.02,43.298,0
50.776,-75.967,-94.377,18.409,5.571,0.1777,19.059,0
26.074,-65.197,-94.669,29.472,1.217,0.5667,10.618,1
149.569,-82.531,-87.656,5.125,17.462,0.02,53.95,0
9.382,-57.165,-94.247,37.082,2.119,0.8288,8.605,1
91.614,-79.264,-85.773,6.509,9.832,0.02,39.683,0
99.281,-80.131,-92.382,12.251,2.384,0.02,27.887,0
103.859,-81.569,-93.353,11.784,11.302,0.02,30.98,0
42.066,-64.332,-91.842,27.51,2.963,0.3901,18.345,1
109.629,-67.711,-93.353,25.642,1.713,0.02,20.596,0
36.378,-64.142,-88.058,23.916,6.782,0.3061,16.316,1
125.211,-82.157,-88.9,6.742,0.792,0.02,32.453,0
36.772,-74.452,-88.192,13.74,7.28,0.0993,20.26,0
106.022,-82.159,-91.354,9.195,13.706,0.02,38.27,0
118.595,-80.551,-93.597,13.046,29.36,0.02,52.06,0
32.397,-63.509,-92.032,28.523,9.239,0.3576,19.063,1
39.508,-68.187,-93.49,25.303,7.691,0.5021,19.86,1
117.97,-79.982,-86.867,6.885,17.934,0.02,52.791,0
17.47,-67.011,-88.492,21.481,2.725,0.4517,11.965,1
32.66,-69.689,-92.32,22.632,3.954,0.4087,13.803,1
71.052,-75.869,-95.243,19.374,13.465,0.02,26.468,0
139.876,-76.589,-86.607,10.018,5.441,0.02,36.839,0
86.472,-77.572,-91.522,13.95,6.341,0.02,23.776,0
61.213,-72.888,-92.456,19.568,8.426,0.0627,22.544,0
146.864,-78.274,-86.576,8.302,3.063,0.02,33.248,0
72.238,-73.609,-93.785,20.176,1.766,0.0279,16.244,0
67.892,-75.06,-93.116,18.056,3.741,0.1095,20.735,0
64.688,-73.609,-92.808,19.199,5.909,0.1688,16.304,0
50.266,-73.587,-96.608,23.021,11.31,0.2166,18.925,0
52.226,-75.237,-90.895,15.657,7.947,0.0761,19.279,0
104.736,-76.111,-94.668,18.557,13.131,0.02,29.443,0
10.921,-57.275,-93.998,36.723,7.85,0.734,15.632,1
103.863,-78.482,-94.466,15.984,14.561,0.02,31.033,0
34.175,-69.773,-94.055,24.282,6.395,0.3962,17.345,1
60.71,-70.255,-94.936,24.682,0.911,0.1579,13.999,0
26.248,-66.896,-91.135,24.239,4.648,0.5189,18.347,1
85.149,-72.999,-92.545,19.545,8.605,0.02,26.455,0
110.756,-78.655,-91.832,13.177,12.24,0.02,32.482,0
56.425,-71.095,-83.762,12.667,5.066,0.3101,23.88,0
28.695,-63.806,-92.544,28.739,9.322,0.4745,12.925,1
37.843,-66.394,-89.883,23.489,5.663,0.4173,17.859,1
123.626,-78.561,-89.484,10.923,4.003,0.02,31.955,0
43.809,-69.286,-92.22,22.934,12.244,0.1961,22.123,0
117.332,-82.245,-91.042,8.796,10.574,0.02,39.398,0
53.024,-79.011,-91.928,12.917,35.0,0.02,46.271,0
32.366,-66.492,-91.291,24.799,5.074,0.3276,16.775,1
110.46,-75.754,-94.053,18.299,19.176,0.02,33.171,0
72.939,-76.302,-93.73,17.427,2.121,0.02,19.593,0
9.535,-63.405,-91.941,28.536,19.186,0.4675,26.362,1
144.192,-79.948,-98.902,18.954,7.988,0.02,30.322,0
26.424,-68.028,-86.764,18.736,5.915,0.2704,15.919,0
56.244,-77.588,-84.437,6.849,10.611,0.0338,37.431,0
60.795,-73.097,-91.404,18.307,11.203,0.0561,24.926,0
75.967,-81.249,-89.671,8.422,17.579,0.02,43.118,0
118.889,-74.307,-88.216,13.909,3.507,0.02,23.347,0
5.883,-52.5,-96.636,44.137,2.095,0.99,12.02,1
140.208,-82.212,-88.751,6.539,10.66,0.02,47.527,0
98.668,-81.567,-93.493,11.926,10.181,0.02,35.507,0
142.844,-81.865,-83.982,2.117,17.371,0.02,49.687,0
123.521,-79.927,-92.659,12.731,5.417,0.02,28.941,0
139.537,-79.672,-88.821,9.15,4.556,0.02,30.683,0
92.145,-77.06,-92.624,15.564,10.433,0.02,25.763,0
56.81,-76.345,-84.312,7.966,8.335,0.0339,29.788,0
69.223,-70.693,-93.793,23.1,12.049,0.0549,27.403,0
100.415,-78.632,-87.922,9.29,4.317,0.02,29.701,0
66.905,-74.03,-89.807,15.776,19.064,0.0288,30.124,0
111.093,-81.205,-90.585,9.379,9.942,0.02,37.378,0
18.318,-67.254,-91.198,23.945,17.076,0.3501,22.73,1
125.348,-77.445,-94.335,16.89,7.046,0.02,25.068,0
34.607,-68.861,-101.051,32.19,4.124,0.2915,14.34,1
141.872,-81.19,-88.24,7.049,10.908,0.02,42.755,0
27.554,-70.971,-93.711,22.74,13.161,0.309,23.165,1
23.729,-67.4,-87.906,20.507,1.792,0.3531,12.581,1
122.722,-84.787,-90.769,5.982,27.614,0.02,56.317,0
123.712,-77.2,-87.799,10.599,4.519,0.02,31.312,0
112.12,-72.919,-89.193,16.274,9.008,0.02,27.635,0
144.277,-79.816,-100.626,20.81,12.654,0.02,33.942,0
44.228,-70.016,-89.848,19.832,8.277,0.2571,16.136,0
124.864,-75.848,-93.203,17.355,8.674,0.02,29.517,0
56.046,-74.915,-87.922,13.008,8.842,0.0563,25.893,0
82.923,-80.158,-89.931,9.773,1.149,0.02,26.59,0
69.612,-75.145,-89.89,14.745,9.27,0.02,24.09,0
5.848,-54.592,-92.953,38.361,5.338,0.8386,16.105,1
88.297,-72.286,-95.194,22.908,16.826,0.02,33.225,0
113.388,-82.584,-93.515,10.931,14.768,0.02,37.333,0
30.31,-64.667,-98.3,33.633,2.223,0.4913,12.915,1
140.09,-77.798,-94.066,16.268,2.11,0.02,22.514,0
81.908,-81.275,-97.125,15.849,28.396,0.02,39.31,0
30.846,-70.884,-97.032,26.148,0.514,0.4957,13.329,1
98.662,-78.415,-91.592,13.178,4.7,0.02,24.04,0
32.829,-66.923,-90.131,23.208,2.832,0.3112,15.589,1
14.212,-62.327,-92.111,29.784,18.682,0.5774,30.925,1
104.371,-85.744,-93.746,8.002,7.288,0.02,37.433,0
21.051,-64.351,-95.316,30.965,4.499,0.5082,11.775,1
20.402,-68.179,-93.11,24.932,8.435,0.4773,16.248,1
112.292,-83.418,-94.878,11.46,26.778,0.02,49.741,0
13.004,-62.732,-92.22,29.488,11.696,0.4667,20.9,1
122.417,-73.762,-97.325,23.564,11.516,0.02,33.947,0
120.442,-79.605,-89.545,9.94,1.713,0.02,27.782,0
25.502,-70.099,-93.985,23.886,17.452,0.204,23.125,0
80.165,-79.698,-90.683,10.985,3.457,0.02,22.455,0
19.011,-65.16,-88.895,23.735,10.975,0.4462,22.778,1
96.723,-78.48,-90.852,12.373,4.125,0.02,25.49,0
14.125,-59.162,-89.203,30.041,8.371,0.5809,19.058,1
141.95,-78.776,-99.233,20.458,8.029,0.02,28.606,0
35.121,-76.395,-93.725,17.33,35.0,0.02,41.213,0
104.02,-78.064,-88.139,10.076,5.722,0.02,32.119,0
23.602,-66.71,-90.218,23.508,10.103,0.3057,16.161,1
35.391,-67.968,-85.53,17.562,7.213,0.3436,19.282,0
70.388,-77.419,-86.035,8.616,2.679,0.02,30.473,0
88.099,-77.574,-90.951,13.377,10.963,0.02,23.328,0
149.835,-81.71,-92.882,11.172,15.377,0.02,39.863,0
8.759,-58.874,-95.355,36.481,3.065,0.6748,11.606,1
5.046,-52.459,-93.665,41.206,6.569,0.7172,13.276,1
55.803,-77.75,-93.429,15.679,8.551,0.02,20.986,0
58.093,-72.02,-94.076,22.057,14.225,0.2061,32.166,0
133.156,-79.64,-95.214,15.574,14.637,0.02,32.881,0
137.324,-79.832,-90.594,10.762,1.591,0.02,28.59,0
132.676,-81.002,-86.062,5.06,28.199,0.02,58.116,0
25.761,-69.89,-88.734,18.844,11.743,0.3159,17.652,0
64.755,-79.871,-93.128,13.258,8.184,0.02,25.394,0
113.153,-89.805,-88.451,-1.354,14.144,0.02,50.902,0
50.329,-78.838,-90.787,11.949,20.715,0.02,32.704,0
101.17,-78.955,-92.142,13.187,7.127,0.02,27.183,0
39.386,-70.121,-92.361,22.24,6.473,0.2796,19.233,1
51.896,-70.012,-92.7,22.688,2.726,0.1932,13.475,0
129.762,-79.71,-89.721,10.012,6.543,0.02,32.0,0
41.324,-76.375,-91.511,15.136,12.345,0.1566,19.158,0
144.827,-80.842,-94.549,13.708,6.551,0.02,31.461,0
49.408,-72.841,-94.719,21.878,6.344,0.2689,18.739,0
8.412,-58.268,-90.929,32.661,24.333,0.5423,30.766,1
41.961,-70.109,-90.5,20.39,9.99,0.0832,17.908,0
29.825,-74.381,-93.096,18.715,10.007,0.3349,22.018,0
78.49,-77.575,-95.962,18.387,12.481,0.02,25.831,0
21.344,-66.195,-87.622,21.427,15.996,0.2985,26.754,0
95.777,-77.197,-88.365,11.168,8.716,0.02,29.148,0
131.86,-83.391,-98.956,15.565,3.908,0.02,25.519,0
57.565,-71.852,-87.311,15.459,11.642,0.0541,22.347,0
29.431,-69.724,-92.731,23.007,17.487,0.1586,29.086,0
63.004,-75.379,-91.335,15.956,11.508,0.02,21.633,0
118.965,-82.254,-88.016,5.762,14.059,0.02,46.235,0
90.766,-73.372,-86.216,12.844,6.346,0.02,22.754,0
19.666,-70.86,-88.49,17.63,4.509,0.3562,12.956,1
82.892,-81.077,-91.156,10.079,9.509,0.02,33.334,0
72.872,-76.912,-96.815,19.903,5.449,0.0575,17.338,0
52.431,-74.649,-99.092,24.443,21.127,0.02,33.429,0
20.973,-71.438,-88.926,17.488,11.914,0.3572,22.708,0
147.261,-81.295,-87.303,6.008,5.774,0.02,35.508,0
30.526,-69.245,-94.851,25.607,3.247,0.451,15.164,1
32.948,-70.491,-92.944,22.453,17.094,0.0943,29.494,0
26.109,-68.061,-93.95,25.889,3.729,0.4875,12.096,1
87.678,-77.395,-94.044,16.648,8.367,0.02,22.149,0
69.332,-77.405,-88.238,10.832,10.083,0.02,25.778,0
41.186,-67.14,-91.236,24.096,3.773,0.3683,13.111,1
67.266,-72.567,-92.802,20.235,7.426,0.0596,23.958,0
102.661,-77.926,-82.699,4.772,18.995,0.02,48.637,0
45.847,-73.181,-97.02,23.839,2.25,0.2046,15.859,1
137.711,-82.982,-90.082,7.101,17.019,0.02,46.586,0
49.42,-71.405,-95.671,24.266,9.578,0.1896,21.282,0
33.736,-71.019,-92.551,21.532,4.954,0.2833,18.947,1
143.412,-81.522,-91.48,9.958,2.102,0.02,34.659,0
122.531,-77.882,-89.044,11.162,7.597,0.02,32.846,0
54.755,-76.592,-92.914,16.322,5.185,0.2572,17.622,0
127.008,-79.611,-93.284,13.674,7.523,0.02,27.352,0
80.228,-74.139,-92.977,18.837,12.653,0.02,29.416,0
55.279,-71.65,-95.78,24.13,1.942,0.1144,14.977,0
126.744,-82.44,-89.787,7.347,9.175,0.02,42.884,0
114.064,-80.359,-91.015,10.656,25.23,0.02,43.988,0
48.192,-73.705,-90.477,16.772,5.792,0.2565,16.952,0
92.968,-75.052,-92.243,17.192,11.394,0.02,27.183,0
58.562,-70.795,-92.675,21.88,1.122,0.1611,16.146,0
5.153,-56.636,-87.885,31.249,1.928,0.8134,7.019,1
144.463,-81.552,-88.424,6.872,4.648,0.02,37.669,0
84.696,-81.137,-87.048,5.911,19.634,0.02,49.3,0
91.773,-68.514,-90.696,22.182,5.316,0.02,22.749,0
91.984,-84.441,-87.266,2.824,11.656,0.02,45.571,0
84.843,-81.008,-93.456,12.448,5.265,0.02,22.763,0
47.057,-67.825,-92.703,24.878,2.768,0.238,14.653,1
145.879,-77.15,-87.817,10.667,6.85,0.02,32.257,0
95.142,-76.873,-89.048,12.175,12.418,0.02,35.177,0
102.284,-85.374,-93.017,7.642,17.125,0.02,44.999,0
70.945,-73.337,-95.662,22.325,7.611,0.02,22.264,0
46.74,-75.797,-92.714,16.917,11.631,0.2442,23.587,0
14.331,-64.342,-94.397,30.055,8.642,0.549,20.246,1
55.783,-72.392,-85.964,13.572,9.26,0.0398,28.956,0
30.534,-66.821,-89.34,22.519,3.837,0.3792,14.712,1
101.003,-78.678,-94.681,16.003,4.2,0.02,22.087,0
132.456,-74.522,-95.657,21.135,3.037,0.02,24.972,0
48.899,-69.521,-94.724,25.203,5.574,0.2876,21.539,1
53.268,-77.408,-93.956,16.548,15.439,0.0513,29.161,0
102.203,-81.995,-92.583,10.589,22.937,0.02,46.037,0
26.644,-71.986,-88.099,16.113,15.419,0.2602,26.473,0
139.768,-80.577,-95.383,14.806,11.23,0.02,33.4,0
57.758,-71.807,-83.987,12.18,8.46,0.02,21.849,0
19.674,-73.148,-95.302,22.153,15.388,0.3937,26.493,1
30.329,-80.479,-96.932,16.453,35.0,0.02,40.544,0
140.248,-82.649,-86.091,3.442,9.929,0.02,46.929,0
40.832,-67.997,-87.376,19.379,12.312,0.2547,21.229,0
101.029,-77.174,-92.638,15.465,9.993,0.02,26.441,0
27.644,-67.594,-90.665,23.072,27.215,0.2715,35.857,0
33.145,-70.093,-90.577,20.484,7.414,0.288,21.384,0
132.49,-81.13,-91.522,10.392,4.162,0.02,30.393,0
26.465,-74.302,-96.538,22.236,13.468,0.441,26.426,1
7.719,-61.34,-100.687,39.347,4.174,0.7352,8.525,1
77.679,-78.013,-94.957,16.943,10.457,0.02,22.101,0
130.095,-86.621,-85.643,-0.978,8.504,0.02,48.914,0
52.269,-76.126,-85.506,9.38,11.47,0.0256,33.33,0
23.584,-70.087,-92.916,22.83,8.795,0.4499,15.947,1
147.423,-78.747,-95.353,16.606,1.495,0.02,20.971,0
103.127,-78.681,-91.027,12.345,12.621,0.02,37.88,0
128.35,-78.733,-90.464,11.731,10.711,0.02,34.721,0
114.06,-85.206,-89.897,4.691,18.037,0.02,53.79,0
106.245,-80.552,-100.845,20.293,4.546,0.02,25.296,0
60.762,-69.831,-80.948,11.117,1.272,0.1334,22.673,0
52.029,-74.729,-88.036,13.307,13.377,0.02,30.758,0
108.959,-76.467,-92.693,16.225,12.977,0.02,29.902,0
108.923,-79.318,-94.515,15.197,12.42,0.02,27.184,0
142.835,-83.788,-88.544,4.757,30.277,0.02,65.168,0
87.456,-73.37,-90.266,16.896,0.354,0.02,16.184,0
47.72,-72.595,-91.677,19.082,1.251,0.1691,15.401,0
75.982,-76.442,-90.396,13.953,2.666,0.02,21.719,0
93.989,-80.313,-92.395,12.082,14.436,0.02,32.463,0
66.876,-77.059,-90.593,13.535,19.019,0.02,32.378,0
119.714,-77.108,-89.458,12.35,8.817,0.02,31.394,0
89.769,-78.829,-90.798,11.97,12.711,0.02,35.834,0
6.368,-54.075,-90.982,36.907,4.296,0.759,10.539,1
87.627,-70.328,-87.125,16.797,3.391,0.02,24.4,0
96.873,-78.587,-97.59,19.003,1.779,0.02,15.177,0
137.713,-77.01,-94.793,17.783,12.675,0.02,37.226,0
64.99,-76.495,-91.907,15.412,18.097,0.02,31.385,0
88.298,-74.286,-94.555,20.268,2.384,0.02,20.312,0
73.875,-74.929,-93.386,18.458,4.072,0.1145,20.491,0
82.09,-71.883,-87.493,15.61,5.476,0.02,15.349,0
14.759,-62.034,-92.521,30.487,2.775,0.6127,11.266,1
135.106,-81.073,-98.402,17.33,10.611,0.02,30.694,0
137.01,-80.496,-93.482,12.986,6.196,0.02,33.128,0
84.469,-82.298,-91.797,9.498,20.254,0.02,42.172,0
85.701,-77.33,-91.861,14.531,4.355,0.02,24.71,0
13.346,-61.25,-90.054,28.804,15.446,0.4828,27.79,1
91.703,-72.351,-90.34,17.989,1.926,0.02,20.372,0
67.227,-75.952,-92.486,16.534,4.873,0.02,19.594,0
107.811,-81.457,-96.176,14.718,9.121,0.02,24.831,0
11.833,-60.267,-93.544,33.277,10.682,0.5046,20.413,1
108.079,-79.538,-94.18,14.642,22.346,0.02,38.664,0
46.6,-78.516,-92.998,14.482,10.385,0.02,26.259,0
99.497,-69.244,-89.581,20.337,10.51,0.02,23.796,0
95.933,-76.181,-90.586,14.405,3.44,0.02,19.889,0
37.892,-64.749,-89.116,24.367,3.906,0.2534,17.682,1
68.866,-73.782,-93.344,19.562,5.4,0.0665,24.106,0
126.167,-82.157,-86.721,4.564,8.017,0.02,44.311,0
92.811,-76.197,-89.645,13.449,7.403,0.02,29.375,0
14.967,-69.171,-91.607,22.436,10.749,0.3654,19.699,1
69.222,-77.781,-89.888,12.108,20.712,0.02,41.956,0
50.207,-75.956,-94.365,18.409,8.316,0.02,21.212,0
98.039,-79.108,-99.381,20.272,14.08,0.02,31.872,0
94.112,-75.423,-94.123,18.7,3.863,0.02,21.532,0
6.508,-60.499,-89.384,28.885,22.77,0.4224,28.617,1
93.116,-81.319,-91.719,10.4,8.093,0.02,32.241,0
111.553,-83.016,-92.479,9.463,22.526,0.02,47.952,0
116.466,-84.121,-94.967,10.847,6.597,0.02,32.677,0
13.551,-61.218,-98.845,37.627,5.763,0.8448,9.081,1
49.03,-71.21,-87.013,15.803,4.771,0.1596,15.169,0
66.085,-77.056,-92.728,15.671,2.969,0.02,16.124,0
31.067,-66.738,-93.503,26.765,16.314,0.263,22.201,1
66.006,-72.344,-94.351,22.006,4.071,0.08,16.07,0
15.314,-65.192,-87.609,22.417,10.494,0.5016,20.881,1
21.417,-67.061,-88.915,21.855,2.661,0.3637,13.463,1
101.961,-83.285,-95.385,12.1,27.105,0.02,49.228,0
43.073,-75.648,-87.924,12.276,16.585,0.0833,33.454,0
108.154,-76.002,-92.508,16.506,15.812,0.02,35.651,0
11.976,-62.089,-94.137,32.048,9.217,0.5375,17.728,1
86.592,-79.439,-93.028,13.588,7.381,0.02,28.78,0
61.76,-69.595,-94.742,25.147,5.088,0.1242,17.46,0
120.561,-81.839,-96.623,14.784,22.258,0.02,43.763,0
118.673,-80.139,-89.284,9.145,1.877,0.02,32.095,0
59.456,-68.851,-92.772,23.922,12.867,0.0862,27.28,0
95.294,-79.614,-89.84,10.226,4.237,0.02,28.101,0
37.995,-72.097,-90.995,18.898,2.647,0.3443,12.604,1
89.159,-76.239,-90.08,13.841,6.101,0.02,24.146,0
16.783,-63.684,-99.161,35.477,6.182,0.5737,11.556,1
68.018,-77.581,-95.034,17.453,10.919,0.02,27.337,0
31.496,-77.979,-90.007,12.028,17.792,0.2423,30.236,0
133.09,-79.142,-96.462,17.32,7.182,0.02,26.839,0
69.511,-76.695,-90.694,13.999,1.338,0.141,13.097,0
90.662,-77.004,-96.867,19.863,3.959,0.02,18.106,0
57.255,-75.793,-91.942,16.149,7.104,0.0939,26.772,0
46.867,-74.919,-86.365,11.446,5.591,0.1327,21.183,0
34.423,-71.781,-89.289,17.508,12.879,0.2021,25.678,0
137.221,-82.03,-98.478,16.448,10.591,0.02,28.108,0
120.923,-82.564,-89.031,6.466,14.538,0.02,41.813,0
24.323,-63.236,-85.622,22.386,0.7,0.5265,11.038,1
113.275,-83.017,-82.21,-0.807,16.75,0.02,56.715,0
65.687,-73.951,-90.337,16.386,1.487,0.02,14.424,0
7.233,-60.111,-96.775,36.665,12.167,0.7314,19.682,1
81.613,-83.432,-90.479,7.047,19.775,0.02,43.176,0
23.857,-69.327,-86.414,17.087,0.578,0.5078,13.961,1
35.44,-70.215,-92.655,22.44,7.437,0.2695,23.286,1
105.926,-77.572,-88.349,10.777,5.624,0.02,32.201,0
42.286,-72.673,-94.939,22.266,2.363,0.412,10.961,1
134.324,-78.062,-90.697,12.635,0.583,0.02,26.402,0
100.29,-78.432,-100.714,22.282,16.992,0.02,31.886,0
125.681,-76.147,-95.326,19.179,2.515,0.02,21.394,0
94.202,-80.402,-92.021,11.619,35.0,0.02,55.444,0
130.983,-74.611,-93.272,18.661,2.731,0.02,23.841,0
57.444,-72.232,-96.552,24.32,2.952,0.2365,16.702,0
84.625,-78.877,-93.749,14.872,0.27,0.02,17.015,0
79.804,-75.637,-90.846,15.209,2.506,0.02,15.999,0
136.05,-82.46,-92.302,9.842,3.487,0.02,29.434,0
28.913,-66.194,-91.787,25.593,7.674,0.4754,17.1,1
88.819,-73.309,-89.438,16.129,12.179,0.02,27.364,0
114.393,-77.732,-93.201,15.469,4.812,0.02,24.811,0
58.657,-71.037,-87.243,16.206,12.069,0.1172,26.95,0
130.799,-79.308,-95.462,16.155,24.537,0.02,42.725,0
59.087,-72.517,-85.252,12.735,6.34,0.0579,23.229,0
30.13,-66.912,-88.104,21.193,5.056,0.3929,17.863,1
89.687,-72.805,-93.246,20.441,2.955,0.02,19.002,0
65.982,-78.683,-93.013,14.33,7.837,0.02,23.67,0
7.203,-61.201,-91.276,30.075,22.041,0.3312,29.101,1
15.127,-62.536,-89.905,27.369,7.529,0.5854,15.491,1
33.315,-74.965,-88.169,13.204,12.412,0.1692,21.841,0
116.553,-72.722,-96.692,23.97,7.889,0.02,24.391,0
134.346,-76.062,-90.469,14.407,7.358,0.02,31.487,0
84.118,-78.313,-99.408,21.095,35.0,0.02,43.872,0
20.307,-65.592,-92.621,27.029,10.398,0.4687,23.828,1
82.491,-80.415,-86.911,6.496,15.452,0.02,40.369,0
129.063,-83.706,-96.962,13.256,11.555,0.02,29.325,0
113.674,-78.541,-97.597,19.057,7.68,0.02,24.926,0
47.209,-69.442,-91.227,21.785,4.659,0.2452,11.28,0
22.964,-68.3,-87.144,18.844,21.672,0.2926,25.535,0
135.599,-73.047,-90.861,17.815,1.223,0.02,22.909,0
128.843,-79.328,-98.666,19.338,4.093,0.02,20.654,0
12.789,-63.439,-97.891,34.452,4.164,0.7351,9.239,1
124.433,-80.557,-91.658,11.101,16.224,0.02,40.638,0
19.096,-72.254,-96.127,23.874,22.368,0.2772,30.223,0
14.176,-58.141,-91.522,33.381,2.026,0.5061,12.485,1
114.997,-78.895,-91.314,12.419,6.788,0.02,29.799,0
82.765,-76.915,-93.714,16.799,15.864,0.02,30.411,0
65.109,-71.271,-85.648,14.377,4.395,0.0813,20.762,0
136.06,-82.673,-89.933,7.261,12.294,0.02,45.773,0
126.699,-77.929,-87.759,9.831,6.499,0.02,33.912,0
13.355,-68.053,-88.778,20.725,31.014,0.2002,38.513,0
94.333,-73.434,-92.525,19.091,4.748,0.02,15.165,0
116.979,-79.653,-92.681,13.028,13.86,0.02,33.833,0
84.821,-84.333,-93.042,8.709,5.448,0.02,33.784,0
147.536,-83.105,-89.616,6.511,8.912,0.02,41.25,0
104.477,-81.076,-94.276,13.2,2.281,0.02,24.273,0
20.101,-61.362,-85.962,24.6,12.378,0.4215,21.729,1
33.753,-67.633,-94.611,26.977,18.038,0.3066,26.03,1
124.806,-84.183,-91.249,7.067,1.876,0.02,34.401,0
149.53,-82.419,-92.802,10.383,3.877,0.02,31.758,0
19.259,-71.871,-93.578,21.706,16.729,0.2888,23.749,0
19.548,-64.99,-84.397,19.407,5.824,0.6392,13.936,1
115.691,-81.131,-93.537,12.406,7.169,0.02,27.476,0
14.331,-63.655,-93.067,29.411,2.709,0.6708,9.358,1
14.941,-70.401,-94.324,23.924,18.314,0.4199,24.749,1
133.878,-77.01,-91.856,14.846,2.286,0.02,23.82,0
121.065,-83.616,-92.355,8.739,7.165,0.02,34.366,0
132.827,-71.214,-95.917,24.704,4.669,0.02,24.367,0
99.324,-74.102,-93.485,19.384,14.226,0.02,37.147,0
51.768,-70.796,-89.866,19.07,35.0,0.02,46.481,0
136.415,-76.43,-88.406,11.975,1.377,0.02,22.983,0
48.315,-66.968,-91.916,24.948,4.388,0.1082,17.406,0
44.949,-68.725,-91.794,23.068,5.719,0.3202,18.366,1
133.528,-81.276,-93.263,11.988,2.183,0.02,36.306,0
103.719,-78.752,-93.759,15.006,7.826,0.02,26.26,0
134.872,-79.659,-95.219,15.559,15.18,0.02,40.415,0
27.606,-65.341,-97.448,32.107,9.627,0.497,18.418,1
143.083,-80.852,-94.459,13.606,12.634,0.02,33.687,0
93.848,-74.536,-88.836,14.299,4.125,0.02,19.187,0
101.865,-79.491,-93.485,13.994,12.741,0.02,33.268,0
137.539,-81.144,-93.211,12.068,9.375,0.02,32.007,0
60.209,-77.222,-93.279,16.058,2.579,0.02,14.723,0
109.338,-76.745,-87.644,10.899,8.181,0.02,33.324,0
97.849,-78.079,-95.249,17.17,4.687,0.02,21.187,0
119.224,-87.893,-91.03,3.137,35.0,0.02,68.409,0
135.057,-82.867,-92.24,9.373,15.916,0.02,40.565,0
103.609,-76.996,-91.762,14.767,8.944,0.02,20.778,0
14.808,-64.641,-91.145,26.504,20.506,0.3115,31.149,1
31.555,-70.949,-91.8,20.851,12.969,0.2782,25.724,0
143.327,-75.638,-89.224,13.587,2.622,0.02,26.054,0
145.454,-78.925,-92.102,13.177,24.879,0.02,47.751,0
145.275,-79.674,-85.895,6.221,2.01,0.02,34.278,0
10.336,-61.677,-91.844,30.167,22.763,0.3577,28.867,1
60.455,-76.234,-97.962,21.728,9.563,0.1677,28.71,0
115.153,-82.259,-89.766,7.507,7.806,0.02,41.512,0
114.168,-80.377,-90.628,10.251,4.028,0.02,30.395,0
17.457,-68.274,-91.886,23.612,9.963,0.4832,13.956,1
93.376,-79.13,-92.908,13.778,12.384,0.02,31.501,0
25.716,-62.758,-99.401,36.643,11.626,0.3564,20.375,1
76.515,-77.419,-98.814,21.395,9.46,0.0482,23.133,0
39.754,-71.928,-86.234,14.306,6.96,0.1508,19.197,0
12.708,-63.725,-94.049,30.325,13.518,0.6605,26.258,1
16.603,-68.442,-88.62,20.178,5.703,0.5326,15.164,1
137.079,-79.076,-97.611,18.535,7.527,0.02,30.977,0
112.974,-76.895,-95.664,18.769,11.007,0.02,30.275,0
140.114,-75.333,-89.625,14.291,8.105,0.02,31.291,0
73.149,-70.111,-92.359,22.248,2.044,0.2047,18.828,0
64.927,-73.634,-90.118,16.484,9.542,0.02,22.045,0
56.969,-74.493,-92.048,17.555,9.581,0.0554,18.938,0
94.365,-77.7,-92.727,15.027,8.948,0.02,29.489,0
55.976,-71.972,-94.38,22.408,7.05,0.1572,16.143,0
113.21,-78.041,-96.179,18.138,6.113,0.02,25.555,0
121.191,-79.076,-87.091,8.014,8.261,0.02,41.881,0
131.997,-81.368,-86.514,5.146,4.096,0.02,39.555,0
40.206,-71.773,-95.635,23.862,21.5,0.1642,32.885,0
81.418,-75.734,-95.864,20.13,11.198,0.02,27.736,0
37.399,-73.312,-93.217,19.905,10.305,0.2378,23.94,0
10.446,-59.207,-90.808,31.601,17.774,0.432,28.447,1
107.635,-76.423,-92.636,16.214,3.602,0.02,18.434,0
84.602,-79.99,-90.252,10.262,5.316,0.02,31.172,0
109.969,-74.629,-92.172,17.543,4.935,0.02,23.29,0
17.705,-67.941,-92.401,24.46,10.685,0.5585,17.499,1
149.351,-80.528,-83.554,3.026,3.475,0.02,40.142,0
149.181,-82.028,-93.838,11.81,14.359,0.02,40.955,0
72.425,-73.074,-86.26,13.186,10.447,0.02,25.792,0
130.579,-78.778,-86.936,8.158,4.673,0.02,35.037,0
40.317,-68.112,-90.236,22.123,2.315,0.3117,14.111,1
111.947,-83.367,-98.741,15.375,10.226,0.02,29.131,0
132.488,-81.382,-91.891,10.509,1.503,0.02,30.883,0
123.127,-78.03,-93.801,15.771,4.32,0.02,27.148,0
122.707,-80.886,-91.93,11.044,7.359,0.02,35.326,0
72.139,-75.546,-95.72,20.174,6.931,0.02,25.249,0
123.899,-76.027,-89.353,13.327,4.793,0.02,26.396,0
105.152,-81.323,-88.553,7.23,13.74,0.02,39.932,0
24.205,-68.931,-87.905,18.974,3.831,0.4509,13.657,1
21.557,-65.772,-93.338,27.566,4.737,0.6067,13.195,1
116.929,-85.045,-95.708,10.663,8.815,0.02,30.418,0
95.692,-74.255,-90.769,16.514,8.835,0.02,24.879,0
80.31,-74.446,-85.854,11.407,2.72,0.02,25.228,0
136.553,-79.401,-91.757,12.356,8.493,0.02,36.026,0
100.641,-78.523,-90.417,11.894,5.222,0.02,26.877,0
62.441,-71.465,-92.822,21.357,4.941,0.1735,21.394,0
65.02,-75.312,-93.762,18.451,10.01,0.0438,23.528,0
92.76,-72.302,-89.696,17.394,3.429,0.02,14.407,0
115.24,-83.257,-92.371,9.114,6.613,0.02,30.316,0
86.831,-76.183,-90.588,14.405,7.685,0.02,25.452,0
78.77,-76.056,-90.224,14.168,10.125,0.02,21.628,0
110.401,-76.47,-90.784,14.314,4.497,0.02,20.709,0
107.263,-74.439,-90.048,15.608,11.734,0.02,25.475,0
125.4,-84.301,-94.986,10.684,14.103,0.02,38.749,0
14.07,-69.148,-95.199,26.051,13.878,0.3815,22.489,1
114.468,-78.328,-92.149,13.822,2.565,0.02,19.13,0
79.495,-82.621,-92.065,9.444,13.61,0.02,37.864,0
15.831,-58.894,-93.828,34.934,14.026,0.5287,22.229,1
103.456,-78.156,-91.156,13.001,24.518,0.02,39.903,0
108.898,-75.437,-88.821,13.384,2.902,0.02,23.859,0
80.926,-75.95,-87.844,11.894,19.763,0.02,36.334,0
120.101,-73.569,-87.057,13.489,1.462,0.02,21.512,0
48.536,-75.512,-96.602,21.09,14.371,0.1147,22.615,0
34.277,-72.733,-96.07,23.337,16.368,0.2726,26.111,0
55.856,-73.531,-93.014,19.482,13.942,0.0539,25.502,0
64.457,-74.673,-91.719,17.046,1.978,0.0789,15.57,0
105.91,-82.779,-92.834,10.056,18.902,0.02,42.204,0
127.6,-86.099,-93.934,7.836,35.0,0.02,62.875,0
109.533,-75.96,-93.065,17.106,3.277,0.02,21.398,0
30.228,-66.023,-90.308,24.285,6.273,0.3079,11.696,1
58.101,-76.736,-96.654,19.918,4.399,0.339,17.644,0
27.97,-70.004,-83.798,13.794,12.358,0.3212,21.183,0
104.575,-77.4,-91.927,14.527,5.552,0.02,26.919,0
40.985,-76.368,-88.322,11.954,12.888,0.2143,29.025,0
81.181,-74.429,-94.03,19.601,7.04,0.02,24.92,0
119.815,-79.171,-89.99,10.819,8.883,0.02,32.457,0
102.286,-80.382,-91.65,11.267,7.966,0.02,32.847,0
48.264,-72.504,-89.001,16.497,1.514,0.1846,11.385,0
53.266,-71.544,-92.695,21.152,8.549,0.2201,20.965,0
99.738,-73.273,-86.57,13.297,2.042,0.02,19.915,0
84.673,-74.118,-97.222,23.104,2.383,0.02,20.097,0
18.977,-62.382,-88.677,26.295,19.163,0.2658,31.443,1
131.729,-76.82,-91.584,14.765,12.173,0.02,33.329,0
79.329,-74.849,-95.564,20.715,11.477,0.02,22.521,0
73.637,-77.529,-85.168,7.639,8.654,0.02,31.764,0
33.774,-71.117,-85.53,14.412,31.185,0.02,47.912,0
59.664,-76.232,-99.259,23.027,8.489,0.0248,23.654,0
53.26,-70.68,-91.381,20.701,7.408,0.2162,18.058,0
44.257,-78.926,-89.53,10.605,7.207,0.0422,27.363,0
87.274,-79.763,-90.454,10.691,17.053,0.02,38.414,0
72.03,-79.366,-86.696,7.329,8.182,0.02,39.87,0
133.934,-80.712,-87.423,6.712,10.031,0.02,42.2,0
141.495,-86.438,-91.072,4.634,17.963,0.02,52.189,0
36.824,-71.124,-84.03,12.906,11.675,0.1618,24.94,0
19.515,-66.068,-88.721,22.653,15.036,0.2417,22.512,1
118.874,-79.842,-93.23,13.388,4.37,0.02,24.288,0
149.255,-80.146,-93.933,13.787,2.933,0.02,24.451,0
130.222,-81.365,-87.648,6.283,21.859,0.02,51.699,0
8.436,-61.713,-94.775,33.063,14.682,0.58,23.98,1
41.433,-68.164,-93.434,25.27,12.57,0.3603,22.815,1
11.285,-64.819,-92.839,28.019,10.534,0.4654,17.167,1
124.013,-77.316,-90.755,13.44,8.077,0.02,26.54,0
89.304,-75.153,-92.677,17.524,4.515,0.02,22.755,0
79.489,-79.865,-96.609,16.745,4.386,0.02,23.92,0
85.395,-75.034,-87.933,12.899,2.88,0.02,19.953,0
41.605,-70.399,-93.415,23.016,2.078,0.4311,12.438,1
92.238,-77.486,-84.93,7.445,3.767,0.02,28.889,0
9.447,-55.298,-90.936,35.638,6.002,0.7146,16.393,1
98.672,-76.218,-87.565,11.347,21.745,0.02,45.157,0
111.493,-79.258,-89.792,10.534,1.989,0.02,27.575,0
102.589,-75.867,-87.397,11.53,8.894,0.02,28.15,0
53.157,-73.832,-90.004,16.172,23.19,0.0231,35.162,0
124.808,-80.311,-91.177,10.866,16.96,0.02,42.118,0
108.754,-81.337,-88.174,6.837,8.215,0.02,38.532,0
23.603,-69.57,-83.299,13.729,4.643,0.2717,13.706,0
33.296,-66.811,-92.944,26.133,1.1,0.4663,9.54,1
97.381,-75.931,-89.218,13.287,9.097,0.02,24.265,0
46.965,-74.093,-92.018,17.925,13.36,0.1554,27.602,0
22.318,-62.395,-90.229,27.834,4.738,0.4731,17.457,1
27.471,-65.915,-91.852,25.937,17.785,0.3286,22.707,1
29.014,-64.271,-99.552,35.281,7.486,0.5459,15.644,1
74.28,-71.339,-92.701,21.362,10.231,0.1559,22.654,0
93.071,-77.01,-88.502,11.491,8.226,0.02,31.895,0
30.578,-75.112,-94.678,19.566,17.621,0.3068,27.133,0
108.312,-80.94,-88.777,7.836,18.008,0.02,48.923,0
45.747,-73.126,-91.357,18.232,11.995,0.1562,22.642,0
50.176,-74.216,-92.67,18.454,6.511,0.0639,15.528,0
37.407,-71.723,-88.83,17.106,7.985,0.3531,17.086,0
118.855,-86.906,-89.616,2.71,32.114,0.02,63.719,0
144.173,-81.037,-90.528,9.491,24.108,0.02,54.456,0
76.412,-70.773,-88.444,17.671,8.555,0.02,28.147,0
11.094,-54.002,-91.289,37.287,3.051,0.7245,13.081,1
42.783,-72.305,-97.756,25.451,15.664,0.1306,24.633,0
27.917,-68.583,-93.323,24.741,5.588,0.3727,16.462,1
127.201,-81.808,-98.315,16.507,21.044,0.02,35.58,0
17.304,-60.481,-89.699,29.218,4.692,0.5605,13.451,1
145.139,-75.501,-88.863,13.362,5.645,0.02,25.703,0
90.334,-76.382,-88.704,12.322,2.749,0.02,24.459,0
80.072,-76.077,-90.288,14.211,27.075,0.02,41.062,0
127.866,-77.765,-88.612,10.847,3.626,0.02,31.913,0
8.994,-64.246,-97.518,33.272,14.797,0.5029,24.072,1
117.687,-78.841,-92.376,13.536,7.144,0.02,26.86,0
21.908,-61.3,-96.952,35.652,5.716,0.5367,17.872,1
126.913,-76.397,-93.254,16.857,5.447,0.02,22.634,0
81.731,-80.084,-86.343,6.259,20.747,0.02,53.672,0
13.864,-66.275,-88.174,21.899,35.0,0.1084,37.536,0
125.821,-79.114,-89.682,10.568,19.216,0.02,45.945,0
8.961,-60.273,-92.636,32.363,1.446,0.6691,13.306,1
25.064,-71.411,-95.478,24.067,14.849,0.3281,24.321,1
120.685,-81.894,-91.345,9.451,7.187,0.02,31.722,0
72.406,-80.013,-88.113,8.099,7.538,0.02,29.75,0
132.801,-81.677,-90.565,8.888,9.635,0.02,35.953,0
97.137,-77.806,-97.55,19.744,8.291,0.02,25.163,0
95.412,-74.114,-91.634,17.52,12.021,0.02,30.34,0
47.374,-69.538,-98.697,29.159,6.927,0.3865,20.181,1
24.384,-68.607,-89.185,20.578,15.935,0.4422,24.918,0
144.37,-85.744,-94.426,8.682,8.771,0.02,35.685,0
20.196,-65.597,-96.281,30.684,8.912,0.5447,22.293,1
81.707,-80.984,-89.137,8.154,8.174,0.02,32.674,0
44.522,-70.537,-90.042,19.506,14.812,0.141,24.833,0
43.3,-68.501,-91.187,22.685,6.028,0.3149,18.332,1
91.215,-77.435,-84.329,6.894,12.05,0.02,35.169,0
120.7,-76.496,-89.778,13.282,9.113,0.02,30.532,0
117.691,-78.1,-94.257,16.158,20.969,0.02,38.119,0
130.976,-78.632,-90.183,11.55,6.348,0.02,31.212,0
47.471,-74.308,-93.001,18.693,16.169,0.1155,30.35,0
72.534,-79.679,-87.566,7.887,10.541,0.02,31.573,0
6.354,-61.708,-91.017,29.308,19.893,0.5516,26.442,1
113.294,-81.45,-90.67,9.22,8.884,0.02,33.876,0
48.84,-75.029,-97.048,22.02,5.86,0.3044,17.618,0
86.417,-78.164,-91.785,13.622,5.814,0.02,25.883,0
29.549,-75.191,-92.197,17.006,9.807,0.3456,19.459,0
123.813,-76.03,-95.585,19.555,8.334,0.02,27.196,0
123.504,-77.859,-92.775,14.917,6.161,0.02,20.139,0
132.231,-76.269,-90.475,14.206,9.968,0.02,33.267,0
11.661,-58.585,-92.015,33.43,0.533,0.6543,5.588,1
148.907,-78.538,-96.942,18.405,7.256,0.02,28.244,0
40.928,-68.935,-92.956,24.021,8.543,0.1978,17.641,0
49.868,-70.89,-93.638,22.748,1.805,0.2785,8.908,1
41.154,-66.416,-91.323,24.906,3.422,0.277,15.543,1
43.792,-72.334,-91.701,19.367,3.63,0.3531,14.591,0
85.136,-76.356,-93.441,17.085,7.987,0.02,24.985,0
39.773,-71.616,-93.577,21.962,6.842,0.2794,19.496,0
62.097,-67.838,-91.765,23.927,6.918,0.1221,21.974,0
100.063,-78.083,-88.63,10.546,1.835,0.02,27.16,0
126.224,-77.008,-91.025,14.016,17.184,0.02,38.698,0
105.448,-84.348,-87.019,2.672,20.362,0.02,56.517,0
91.177,-75.352,-88.034,12.682,2.392,0.02,23.413,0
26.421,-68.422,-86.762,18.339,6.55,0.3115,17.073,0
123.337,-81.696,-87.21,5.514,6.795,0.02,39.311,0
10.405,-64.319,-86.53,22.211,11.167,0.3093,19.735,1
43.308,-69.652,-96.036,26.384,5.801,0.3746,18.851,1
13.274,-66.006,-89.734,23.728,16.062,0.3669,25.01,1
101.777,-79.475,-87.736,8.261,3.201,0.02,30.043,0
58.414,-72.072,-87.103,15.031,13.423,0.02,31.227,0
99.547,-78.032,-94.698,16.665,10.92,0.02,31.611,0
55.319,-71.247,-89.699,18.453,2.688,0.1707,13.901,0
71.082,-71.429,-91.737,20.308,6.318,0.02,20.773,0
71.404,-69.436,-85.535,16.099,2.989,0.02,21.858,0
11.609,-73.368,-96.856,23.487,28.284,0.2879,32.4,0
67.383,-74.859,-94.693,19.834,7.316,0.134,18.231,0
97.954,-81.836,-98.337,16.501,5.661,0.02,29.579,0
84.178,-66.744,-91.494,24.75,1.512,0.0473,16.562,0
15.916,-64.686,-84.077,19.391,10.462,0.2943,13.957,1
101.868,-74.269,-92.155,17.886,6.216,0.02,21.723,0
49.785,-75.513,-91.646,16.133,13.308,0.1086,23.884,0
7.093,-63.048,-90.074,27.026,22.759,0.4685,31.215,1
27.561,-66.492,-92.407,25.915,14.644,0.3327,24.018,1
77.146,-73.159,-90.719,17.56,3.455,0.1124,15.296,0
50.008,-67.111,-90.627,23.516,5.716,0.1991,10.797,0
105.686,-79.194,-94.959,15.766,2.45,0.02,21.993,0
39.895,-71.012,-92.329,21.318,4.631,0.2725,16.306,1
117.055,-78.704,-89.403,10.699,16.663,0.02,43.735,0
46.539,-69.491,-88.75,19.259,4.932,0.1259,15.497,0
95.025,-76.886,-87.455,10.569,13.41,0.02,35.089,0
120.886,-82.191,-90.826,8.635,5.436,0.02,32.532,0
60.906,-78.087,-90.755,12.668,14.438,0.0512,28.804,0
11.787,-60.61,-89.374,28.764,3.382,0.6576,13.168,1
82.64,-79.685,-94.082,14.396,2.819,0.02,18.489,0
149.334,-86.884,-94.225,7.341,28.115,0.02,54.734,0
145.504,-79.047,-92.437,13.39,3.683,0.02,31.386,0
37.048,-74.636,-96.463,21.827,16.955,0.119,27.5,0
114.576,-78.447,-90.576,12.129,11.863,0.02,35.784,0
55.018,-72.829,-88.328,15.499,4.481,0.1496,20.796,0
28.24,-70.301,-94.485,24.184,4.53,0.3432,14.365,1
101.558,-79.519,-90.477,10.958,6.508,0.02,29.149,0
77.626,-73.664,-94.202,20.538,17.204,0.02,28.534,0
83.188,-74.509,-95.558,21.049,5.618,0.02,23.505,0
124.972,-79.293,-84.806,5.512,13.349,0.02,41.897,0
53.799,-73.511,-95.508,21.997,10.834,0.19,23.618,0
101.729,-80.875,-96.478,15.603,11.085,0.02,29.44,0
58.098,-79.489,-91.248,11.76,28.763,0.02,40.924,0
11.195,-70.321,-91.06,20.74,12.588,0.3655,23.52,1
59.812,-76.348,-89.665,13.317,10.967,0.02,21.241,0
142.755,-80.452,-84.996,4.543,1.517,0.02,34.958,0
75.073,-76.245,-94.72,18.475,20.333,0.02,33.721,0
20.693,-69.617,-94.025,24.408,14.687,0.4261,25.07,1
104.735,-75.913,-86.369,10.457,10.662,0.02,31.01,0
144.69,-80.456,-88.713,8.257,6.469,0.02,39.54,0
136.652,-77.862,-89.2,11.337,1.609,0.02,30.285,0
87.934,-77.492,-94.065,16.573,12.377,0.02,26.945,0
59.561,-71.802,-88.059,16.258,8.426,0.2112,21.866,0
89.198,-76.866,-89.189,12.323,27.314,0.02,48.17,0
123.31,-82.914,-91.337,8.423,13.403,0.02,45.418,0
129.879,-74.212,-94.047,19.835,9.286,0.02,28.055,0
123.732,-86.477,-91.627,5.15,33.052,0.02,61.828,0
71.044,-75.673,-86.23,10.558,8.394,0.02,28.479,0
22.234,-72.106,-95.829,23.723,25.75,0.2501,30.695,0
87.53,-70.614,-94.799,24.185,1.232,0.0529,20.99,0
27.682,-77.074,-94.197,17.123,35.0,0.0782,43.49,0
13.839,-63.348,-93.438,30.09,17.133,0.4551,24.794,1
77.307,-81.462,-92.055,10.593,4.046,0.02,28.337,0
100.029,-79.52,-88.645,9.125,30.716,0.02,55.806,0
128.851,-78.325,-90.385,12.06,0.864,0.02,28.215,0
118.511,-78.7,-91.787,13.087,2.9,0.02,26.527,0
129.3,-82.093,-91.031,8.937,12.081,0.02,43.829,0
115.21,-81.086,-89.816,8.73,20.429,0.02,43.259,0
106.97,-79.503,-97.886,18.383,10.769,0.02,29.695,0
6.47,-61.611,-88.249,26.638,1.739,0.6552,14.141,1
95.785,-78.757,-94.892,16.135,4.428,0.02,20.771,0
22.47,-64.151,-93.552,29.401,5.523,0.6281,13.788,1
13.507,-65.45,-90.808,25.359,11.682,0.4478,18.942,1
27.68,-70.797,-92.264,21.467,7.671,0.4109,17.677,1
124.377,-81.057,-90.296,9.239,19.319,0.02,48.592,0
112.858,-75.512,-91.504,15.992,1.603,0.02,20.743,0
142.572,-79.023,-93.013,13.99,13.462,0.02,38.618,0
146.952,-78.063,-86.649,8.587,2.925,0.02,35.514,0
134.526,-78.855,-89.522,10.666,23.024,0.02,50.583,0
24.274,-68.547,-90.943,22.395,13.58,0.3266,22.771,1
132.365,-80.009,-89.576,9.567,7.678,0.02,35.145,0
126.602,-76.089,-94.469,18.38,6.268,0.02,22.979,0
131.307,-82.092,-84.388,2.296,11.288,0.02,42.997,0
26.994,-71.711,-95.807,24.096,18.907,0.3455,26.734,0
21.935,-72.23,-91.604,19.374,10.879,0.4053,13.668,1
138.952,-74.188,-93.002,18.814,7.639,0.02,28.535,0
30.205,-61.978,-93.135,31.157,3.684,0.5083,15.989,1
58.45,-74.084,-93.59,19.506,7.368,0.1902,20.535,0
71.118,-74.958,-94.701,19.743,19.0,0.02,25.146,0
23.044,-66.542,-87.841,21.299,15.114,0.1772,22.846,0
7.992,-61.853,-96.216,34.363,20.811,0.521,28.833,1
149.143,-75.648,-88.558,12.91,3.5,0.02,32.113,0
132.115,-81.889,-89.73,7.841,1.714,0.02,34.032,0
137.289,-81.404,-93.333,11.929,14.155,0.02,38.703,0
46.262,-77.167,-90.136,12.969,2.233,0.307,18.598,0
36.915,-76.084,-92.553,16.469,20.795,0.0533,34.962,0
66.751,-80.781,-95.854,15.073,14.479,0.02,27.718,0
70.731,-81.051,-95.817,14.766,10.635,0.02,21.2,0
5.812,-58.143,-89.706,31.563,3.055,0.7217,10.102,1
117.992,-77.562,-89.888,12.325,8.455,0.02,29.232,0
149.517,-82.082,-91.153,9.071,7.376,0.02,34.926,0
81.66,-78.241,-93.37,15.129,10.987,0.02,24.218,0
61.298,-79.672,-92.667,12.994,25.263,0.02,46.516,0
61.949,-72.78,-93.139,20.36,3.56,0.02,14.786,0
18.931,-67.358,-98.114,30.756,6.467,0.428,14.392,1
43.593,-74.629,-91.786,17.157,7.811,0.3012,26.303,0
77.809,-75.614,-90.171,14.557,21.69,0.02,37.278,0
67.618,-77.547,-91.763,14.217,9.161,0.02,24.883,0
84.03,-81.124,-85.808,4.684,13.505,0.02,44.257,0
128.115,-79.899,-95.516,15.617,22.904,0.02,41.81,0
37.66,-76.204,-94.314,18.11,10.608,0.356,20.057,0
9.011,-56.713,-91.534,34.822,6.538,0.578,15.497,1
10.543,-67.225,-91.147,23.922,19.817,0.4326,28.167,1
24.454,-70.721,-98.654,27.934,24.654,0.5089,28.311,1
87.72,-80.441,-89.891,9.45,12.754,0.02,34.78,0
122.187,-78.138,-91.131,12.993,4.839,0.02,23.04,0
133.587,-80.595,-99.418,18.823,6.015,0.02,24.422,0
97.091,-83.456,-92.408,8.953,24.485,0.02,49.416,0
63.456,-80.356,-94.83,14.473,14.448,0.1098,26.909,0
27.405,-69.82,-93.587,23.767,6.88,0.3267,16.233,1
63.206,-71.493,-96.683,25.19,1.449,0.1788,8.716,0
53.2,-72.342,-90.543,18.201,14.672,0.111,23.046,0
131.154,-82.419,-85.834,3.415,12.81,0.02,45.855,0
75.574,-78.914,-91.072,12.158,14.476,0.0709,28.171,0
37.798,-70.424,-99.558,29.134,4.223,0.2961,15.955,1
46.876,-71.86,-91.0,19.14,6.565,0.3302,18.703,0
24.788,-69.749,-92.681,22.933,18.073,0.1193,28.746,0
138.195,-79.468,-95.854,16.385,0.51,0.02,25.454,0
12.3,-63.652,-90.762,27.11,6.502,0.5619,18.514,1
6.863,-58.47,-88.921,30.451,2.04,0.7382,11.406,1
31.533,-75.795,-94.34,18.545,3.764,0.4647,15.016,1
122.577,-81.692,-97.753,16.061,16.223,0.02,35.562,0
80.903,-73.509,-99.041,25.532,7.556,0.02,20.356,0
95.747,-71.961,-94.33,22.369,3.132,0.02,21.071,0
56.871,-70.778,-92.544,21.767,12.061,0.1115,23.255,0
14.958,-63.384,-93.806,30.422,5.198,0.7047,11.1,1
129.143,-82.623,-94.391,11.768,7.316,0.02,27.528,0
32.825,-71.668,-90.012,18.344,9.747,0.2202,13.996,0
9.794,-66.136,-90.38,24.244,20.895,0.4736,27.143,1
88.042,-81.108,-91.301,10.193,9.747,0.02,30.601,0
17.077,-67.59,-89.142,21.553,6.141,0.5752,13.355,1
18.885,-68.736,-94.297,25.561,11.574,0.4331,17.412,1
121.055,-83.757,-95.831,12.074,12.145,0.02,33.724,0
76.283,-72.271,-93.828,21.557,5.672,0.0549,17.988,0
40.019,-69.136,-94.07,24.934,7.553,0.2159,19.029,1
55.551,-73.526,-99.18,25.653,8.236,0.3131,22.809,1
110.74,-79.085,-93.909,14.825,18.522,0.02,34.767,0
14.621,-61.654,-88.133,26.479,0.577,0.5699,12.702,1
21.89,-69.682,-89.197,19.515,11.107,0.4191,18.243,1
94.358,-73.093,-90.162,17.069,15.386,0.02,26.456,0
93.011,-81.245,-91.539,10.295,18.129,0.02,43.609,0
146.007,-83.825,-86.929,3.104,1.873,0.02,35.829,0
59.31,-72.064,-95.711,23.647,1.807,0.1105,14.156,0
14.436,-61.672,-95.377,33.705,4.984,0.6425,15.887,1
82.943,-78.164,-88.065,9.901,13.707,0.02,38.866,0
97.56,-75.239,-91.903,16.664,16.642,0.02,32.328,0
25.242,-66.014,-94.349,28.335,1.527,0.4324,10.465,1
85.165,-79.15,-90.068,10.919,9.935,0.02,36.422,0
33.676,-73.237,-93.535,20.298,16.01,0.3221,28.074,0
127.486,-78.239,-94.931,16.692,5.905,0.02,28.753,0
126.098,-79.295,-95.029,15.734,10.544,0.02,31.285,0
67.296,-69.959,-90.875,20.916,2.674,0.1446,18.646,0
145.178,-78.448,-91.28,12.832,12.725,0.02,37.648,0
147.067,-84.642,-86.691,2.049,7.211,0.02,46.997,0
23.741,-67.654,-93.015,25.362,6.615,0.4652,11.692,1
58.319,-77.839,-93.075,15.237,10.202,0.02,19.663,0
92.047,-71.117,-86.961,15.844,1.263,0.02,20.033,0
17.301,-67.574,-88.55,20.977,5.137,0.4633,17.356,1
60.485,-74.92,-91.493,16.573,16.019,0.0253,28.914,0
42.87,-72.326,-97.464,25.138,1.508,0.3018,10.887,1
143.047,-84.585,-94.841,10.257,1.725,0.02,30.999,0
64.68,-77.68,-95.689,18.009,5.628,0.0992,20.476,0
115.587,-79.206,-91.872,12.666,8.174,0.02,25.416,0
61.072,-72.636,-93.779,21.143,9.76,0.1823,26.643,0
24.113,-69.773,-86.39,16.617,27.166,0.1476,37.014,0
130.157,-83.647,-97.5,13.853,10.033,0.02,28.993,0
5.06,-56.352,-96.065,39.713,11.042,0.7097,18.23,1
13.111,-62.486,-91.144,28.658,18.18,0.4152,24.839,1
57.836,-71.271,-90.175,18.904,3.988,0.0531,20.592,0
104.6,-79.483,-101.055,21.572,11.346,0.02,27.248,0
54.547,-74.179,-98.074,23.895,13.591,0.1836,22.69,0
14.615,-64.447,-92.923,28.475,12.256,0.4826,20.192,1
51.087,-68.914,-87.254,18.34,9.777,0.1313,19.29,0
40.522,-66.286,-85.393,19.107,9.251,0.2458,22.784,0
5.786,-54.708,-93.451,38.743,3.141,0.6295,11.163,1
82.546,-75.558,-92.597,17.039,6.173,0.1086,18.829,0
21.914,-69.939,-94.929,24.99,22.889,0.2993,28.945,0
46.687,-71.312,-89.784,18.472,5.029,0.3556,16.012,0
97.973,-76.775,-86.65,9.875,8.587,0.02,31.889,0
110.142,-79.667,-87.604,7.937,8.151,0.02,32.1,0
43.201,-66.351,-92.102,25.75,11.356,0.1537,19.59,0
52.733,-75.365,-94.935,19.57,8.098,0.02,21.193,0
40.802,-67.116,-91.971,24.855,7.077,0.3737,21.605,1
143.749,-88.062,-87.167,-0.895,15.65,0.02,57.373,0
32.625,-70.863,-93.402,22.539,10.019,0.2718,20.464,1
31.561,-70.672,-98.354,27.682,9.263,0.1117,25.279,1
69.53,-73.672,-93.26,19.588,5.333,0.02,20.307,0
32.449,-70.352,-92.977,22.625,6.316,0.3754,12.009,1
27.723,-64.809,-98.375,33.566,10.326,0.3744,21.421,1
18.903,-68.315,-91.188,22.872,16.739,0.3707,25.444,1
97.825,-82.901,-90.229,7.328,20.749,0.02,46.06,0
93.752,-80.459,-85.49,5.032,10.963,0.02,38.313,0
99.274,-83.277,-96.663,13.386,30.462,0.02,49.603,0
117.129,-76.095,-89.443,13.348,6.764,0.02,21.271,0
52.322,-69.944,-88.616,18.672,6.727,0.191,18.167,0
138.171,-85.48,-90.181,4.701,19.051,0.02,52.438,0
111.315,-80.878,-95.524,14.646,9.58,0.02,26.432,0
121.683,-81.473,-95.727,14.255,5.48,0.02,25.825,0
109.54,-78.982,-91.66,12.677,8.382,0.02,26.584,0
56.976,-69.731,-91.684,21.953,3.549,0.02,18.23,0
46.04,-71.397,-93.958,22.561,7.421,0.2125,26.538,0
66.265,-71.942,-87.479,15.537,3.176,0.02,15.181,0
19.069,-62.77,-93.403,30.633,3.544,0.6829,14.091,1
70.436,-77.19,-98.628,21.438,10.243,0.02,24.623,0
11.255,-64.651,-92.784,28.134,0.847,0.7001,10.376,1
5.572,-58.158,-90.319,32.162,3.213,0.8118,10.262,1
140.067,-76.585,-90.803,14.218,4.454,0.02,27.117,0
104.954,-75.567,-90.83,15.263,6.116,0.02,24.515,0
86.468,-77.128,-86.771,9.643,12.796,0.02,37.655,0
54.46,-69.935,-95.902,25.967,5.94,0.3911,20.609,1
87.728,-78.937,-93.483,14.546,22.335,0.02,40.709,0
134.278,-79.855,-86.592,6.737,4.976,0.02,35.627,0
99.595,-80.684,-98.886,18.202,0.946,0.02,19.262,0
92.36,-72.131,-92.188,20.057,3.403,0.02,19.904,0
71.73,-75.822,-87.699,11.876,10.133,0.02,30.798,0
55.126,-73.739,-87.751,14.012,3.532,0.0885,14.157,0
106.289,-77.521,-89.69,12.169,4.862,0.02,29.699,0
147.242,-77.798,-89.601,11.803,18.945,0.02,45.04,0
66.59,-74.607,-95.644,21.036,22.971,0.02,38.332,0
61.87,-74.015,-87.194,13.179,2.274,0.1564,18.899,0
67.076,-73.036,-96.2,23.164,7.02,0.02,20.571,0
66.704,-71.313,-95.991,24.679,9.955,0.02,21.976,0
148.641,-80.759,-90.642,9.884,16.151,0.02,43.543,0
107.483,-77.133,-93.726,16.593,5.886,0.02,18.97,0
57.082,-80.17,-91.277,11.106,9.895,0.1233,27.654,0
58.868,-72.03,-90.492,18.462,18.164,0.0497,28.908,0
67.466,-77.883,-85.777,7.893,8.583,0.02,32.644,0
10.323,-65.732,-90.482,24.75,0.413,0.6878,7.64,1
81.533,-81.204,-94.165,12.961,6.964,0.02,26.144,0
122.65,-80.632,-89.632,9.0,4.158,0.02,32.063,0
100.782,-75.297,-94.911,19.614,4.421,0.02,17.478,0
33.771,-65.739,-88.804,23.065,4.738,0.4885,15.75,1
110.565,-75.653,-91.774,16.121,0.819,0.02,21.84,0
109.321,-75.613,-90.598,14.985,21.921,0.02,40.912,0
43.068,-74.547,-98.232,23.685,16.875,0.1281,25.256,0
95.317,-81.02,-99.878,18.857,24.204,0.02,35.536,0
93.588,-87.36,-97.255,9.895,32.02,0.02,56.04,0
126.769,-81.118,-85.89,4.772,9.63,0.02,44.688,0
24.73,-73.317,-96.019,22.702,5.413,0.4333,12.912,1
33.252,-74.538,-89.437,14.899,11.736,0.2711,19.931,0
75.466,-74.392,-94.247,19.854,12.11,0.02,26.51,0
11.401,-66.868,-92.84,25.972,5.396,0.6306,16.134,1
65.261,-78.669,-92.157,13.488,5.267,0.0514,20.535,0
119.292,-83.879,-86.247,2.368,7.815,0.02,40.907,0
26.564,-65.264,-89.954,24.69,4.941,0.4942,10.326,1
71.693,-71.028,-90.652,19.624,12.203,0.02,24.096,0
148.517,-79.338,-87.462,8.123,2.746,0.02,32.852,0
78.358,-74.133,-94.216,20.083,14.2,0.02,25.808,0
77.257,-81.59,-88.261,6.671,20.372,0.02,49.243,0
86.025,-75.729,-88.845,13.117,23.24,0.02,36.226,0
31.971,-77.04,-88.885,11.846,35.0,0.0432,45.248,0
26.339,-67.012,-92.543,25.53,12.345,0.4144,27.097,1
103.216,-76.576,-93.531,16.955,2.289,0.02,18.366,0
62.386,-80.112,-95.044,14.932,9.103,0.02,22.478,0
47.036,-79.291,-94.825,15.534,30.3,0.02,43.5,0
9.552,-63.535,-95.21,31.674,22.753,0.5247,29.13,1
127.677,-84.394,-90.716,6.322,6.656,0.02,39.867,0
9.688,-58.929,-92.799,33.87,1.115,0.6714,8.292,1
113.748,-83.337,-90.49,7.153,11.885,0.02,38.878,0
60.388,-71.118,-90.292,19.174,2.142,0.0509,11.936,0
91.81,-81.633,-95.709,14.076,11.642,0.02,28.41,0
40.913,-70.813,-95.814,25.001,12.681,0.3793,24.443,1
27.533,-68.805,-92.8,23.996,22.002,0.3421,35.394,0
82.341,-75.224,-94.713,19.489,1.269,0.02,16.021,0
105.865,-79.706,-95.081,15.376,16.265,0.02,36.21,0
33.347,-65.303,-86.065,20.762,7.873,0.2235,20.754,0
68.272,-80.717,-97.367,16.65,26.013,0.02,36.388,0
69.475,-77.991,-84.919,6.928,15.512,0.02,40.281,0
36.317,-68.794,-90.989,22.195,9.688,0.3416,20.453,1
86.932,-74.384,-88.548,14.165,4.036,0.02,18.029,0
26.161,-68.929,-88.961,20.031,8.51,0.4244,17.645,1
78.914,-81.634,-89.841,8.207,19.09,0.02,40.477,0
21.448,-63.908,-86.184,22.275,8.554,0.2804,17.265,1
75.404,-79.236,-95.788,16.552,8.335,0.02,22.633,0
50.182,-65.927,-92.547,26.621,8.679,0.259,20.699,1
70.576,-78.066,-94.985,16.919,5.421,0.0224,18.425,0
67.894,-77.171,-97.936,20.765,3.647,0.0337,15.417,0
136.65,-77.799,-94.314,16.515,4.191,0.02,21.01,0
76.041,-74.125,-85.446,11.321,9.297,0.02,31.445,0
123.682,-83.578,-92.607,9.029,16.813,0.02,43.908,0
37.72,-66.023,-85.058,19.034,10.295,0.2333,23.588,0
56.052,-74.675,-84.7,10.025,19.35,0.02,37.587,0
15.888,-68.383,-81.517,13.134,23.028,0.1859,32.869,0
66.008,-78.096,-85.331,7.235,31.62,0.02,53.236,0
101.961,-78.271,-83.747,5.475,29.76,0.02,57.384,0
126.534,-73.114,-90.862,17.748,2.451,0.02,23.44,0
87.058,-76.948,-91.201,14.253,13.364,0.02,29.008,0
97.811,-80.728,-90.968,10.24,6.216,0.02,32.433,0
30.704,-72.261,-92.0,19.739,4.368,0.3465,18.458,1
10.395,-65.811,-91.476,25.666,7.401,0.572,18.945,1
119.795,-83.948,-89.367,5.419,24.745,0.02,59.514,0
29.221,-70.985,-93.63,22.645,19.156,0.1255,25.291,0
18.22,-65.218,-96.822,31.604,9.373,0.6034,21.257,1
140.947,-77.814,-90.727,12.913,14.963,0.02,38.699,0
144.711,-87.019,-94.425,7.406,12.072,0.02,44.219,0
94.357,-76.928,-94.062,17.134,7.414,0.02,22.309,0
59.902,-71.857,-92.5,20.643,4.917,0.2458,17.472,0
125.82,-87.537,-93.303,5.766,8.503,0.02,35.649,0
34.684,-70.232,-88.115,17.883,15.671,0.1463,26.962,0
67.262,-70.21,-92.584,22.373,26.698,0.02,38.243,0
56.768,-72.256,-87.938,15.682,13.47,0.1639,24.503,0
137.341,-78.246,-91.279,13.033,5.742,0.02,32.993,0
138.368,-79.664,-92.31,12.646,3.85,0.02,28.622,0
99.378,-77.426,-91.446,14.02,11.758,0.02,27.581,0
21.057,-60.643,-96.521,35.877,1.32,0.5163,11.249,1
74.918,-81.85,-90.817,8.967,35.0,0.02,59.72,0
40.573,-68.623,-89.028,20.405,13.279,0.1454,23.682,0
133.313,-80.797,-88.532,7.735,21.875,0.02,53.209,0
25.068,-64.988,-96.733,31.744,18.328,0.3997,25.199,1
12.875,-60.928,-97.316,36.389,13.112,0.5947,22.325,1
107.142,-78.229,-93.879,15.65,12.508,0.02,30.486,0
70.726,-76.292,-87.154,10.862,16.286,0.02,35.527,0
126.563,-79.77,-91.227,11.456,6.885,0.02,30.592,0
15.821,-61.974,-94.711,32.738,9.5,0.5274,17.425,1
121.156,-82.312,-97.085,14.773,16.957,0.02,30.979,0
10.414,-60.246,-94.394,34.148,2.444,0.7194,7.205,1
9.07,-61.569,-94.63,33.062,9.252,0.5834,13.34,1
71.891,-79.227,-88.725,9.498,8.403,0.02,26.64,0
37.087,-68.507,-88.456,19.949,1.221,0.3242,12.096,1
91.089,-82.56,-95.675,13.114,14.082,0.02,31.16,0
8.743,-62.415,-89.364,26.949,10.936,0.4341,16.075,1
10.131,-59.753,-89.722,29.969,9.238,0.6493,20.324,1
110.437,-79.856,-96.129,16.272,19.284,0.02,35.714,0
35.474,-71.586,-92.293,20.708,17.148,0.2558,29.197,0
100.18,-82.042,-90.807,8.766,18.092,0.02,39.33,0
113.739,-75.263,-91.429,16.166,8.492,0.02,28.056,0
13.603,-65.957,-97.987,32.03,6.718,0.6865,17.857,1
116.614,-76.915,-91.541,14.626,10.746,0.02,30.84,0
43.921,-68.807,-89.773,20.966,13.024,0.1714,22.987,0
61.484,-80.108,-86.471,6.364,15.397,0.02,39.371,0
17.563,-65.821,-94.341,28.52,4.359,0.4982,14.514,1
126.601,-81.431,-93.909,12.478,12.4,0.02,35.479,0
86.306,-78.145,-92.731,14.586,20.855,0.02,38.697,0
78.176,-77.913,-90.981,13.068,4.885,0.02,20.552,0
145.44,-82.144,-91.66,9.516,1.143,0.02,33.643,0
53.503,-71.733,-89.885,18.152,0.51,0.1139,14.534,0
134.163,-80.873,-95.938,15.065,6.657,0.02,27.892,0
109.355,-77.606,-90.611,13.005,3.65,0.02,24.548,0
139.637,-78.189,-94.598,16.409,13.651,0.02,36.892,0
136.631,-85.246,-92.502,7.256,12.042,0.02,41.115,0
148.699,-79.217,-86.022,6.805,1.511,0.02,32.815,0
24.093,-71.739,-96.894,25.155,20.195,0.2837,28.635,0
120.422,-78.09,-92.978,14.888,5.267,0.02,23.203,0
121.652,-79.764,-96.461,16.698,4.122,0.02,24.595,0
98.434,-81.565,-91.464,9.899,11.589,0.02,40.147,0
45.435,-70.405,-88.331,17.926,6.247,0.2348,18.347,0
144.946,-72.247,-91.406,19.16,10.825,0.02,32.722,0
34.641,-70.387,-92.409,22.021,8.177,0.3606,22.764,1
77.438,-80.581,-87.351,6.77,21.812,0.02,47.843,0
80.616,-78.709,-90.843,12.135,11.01,0.02,32.617,0
28.465,-65.766,-89.132,23.365,7.424,0.5029,16.836,1
109.767,-80.894,-89.497,8.602,8.998,0.02,35.875,0
17.886,-63.702,-102.067,38.365,18.721,0.4315,24.948,1
105.499,-81.98,-92.268,10.289,4.404,0.02,30.231,0
128.049,-79.796,-95.773,15.977,14.193,0.02,34.764,0
55.662,-71.635,-94.903,23.268,9.398,0.1304,23.791,0
107.866,-75.981,-86.839,10.858,9.631,0.02,34.31,0
27.732,-65.562,-93.312,27.75,3.671,0.4265,13.71,1
127.663,-78.054,-85.376,7.322,6.693,0.02,38.898,0
143.045,-75.968,-96.927,20.959,5.625,0.02,31.038,0
27.141,-71.599,-95.793,24.194,9.36,0.3919,19.447,1
105.32,-78.62,-89.332,10.712,2.556,0.02,23.502,0
78.346,-75.533,-93.195,17.662,1.016,0.02,14.272,0
82.067,-71.235,-90.924,19.69,6.21,0.02,22.39,0
107.441,-78.713,-92.393,13.68,18.984,0.02,35.516,0
75.867,-74.508,-92.499,17.991,13.282,0.02,26.281,0
92.047,-77.504,-93.065,15.561,8.63,0.02,23.644,0
38.481,-67.513,-91.372,23.859,3.916,0.4132,16.36,1
59.883,-76.998,-89.754,12.756,0.443,0.02,21.492,0
130.46,-79.937,-86.35,6.412,5.233,0.02,34.052,0
20.936,-67.146,-92.709,25.563,7.717,0.4756,19.596,1
91.648,-77.278,-93.378,16.1,3.221,0.02,22.513,0
31.722,-71.315,-93.829,22.513,12.567,0.5092,23.148,1
127.748,-78.345,-86.856,8.511,12.337,0.02,40.442,0
88.961,-75.513,-89.584,14.071,6.123,0.02,25.611,0
63.442,-70.692,-98.647,27.954,8.093,0.1309,21.77,0
41.225,-77.51,-98.801,21.291,7.959,0.2297,18.882,0
68.342,-71.052,-94.905,23.853,11.726,0.0258,20.863,0
143.854,-81.149,-91.194,10.045,4.284,0.02,34.326,0
78.835,-77.216,-92.117,14.901,35.0,0.02,51.01,0
73.076,-75.397,-90.198,14.801,2.539,0.02,14.381,0
113.21,-76.438,-92.614,16.176,4.34,0.02,21.013,0
59.962,-77.589,-87.109,9.52,10.482,0.02,29.925,0
66.976,-82.075,-89.298,7.223,26.976,0.02,49.164,0
53.857,-70.918,-91.728,20.811,5.724,0.2521,16.741,0
26.883,-75.438,-87.991,12.553,3.789,0.4011,20.69,0
108.502,-81.462,-97.771,16.31,7.163,0.02,30.28,0
131.589,-78.321,-92.298,13.976,14.487,0.02,36.178,0
136.311,-82.216,-91.519,9.303,15.018,0.02,41.459,0
132.716,-83.076,-89.893,6.816,13.233,0.02,45.034,0
70.509,-74.612,-98.003,23.391,28.959,0.02,38.303,0
46.19,-67.841,-92.911,25.071,15.074,0.1256,25.649,0
97.499,-79.09,-90.598,11.508,17.253,0.02,39.524,0
143.432,-78.194,-90.33,12.136,18.463,0.02,44.597,0
110.422,-72.632,-87.849,15.217,3.386,0.02,23.475,0
76.753,-75.599,-89.335,13.736,7.86,0.02,23.337,0
104.877,-78.566,-92.213,13.647,4.411,0.02,24.671,0
117.018,-77.598,-89.638,12.039,4.779,0.02,27.259,0
138.294,-83.755,-92.705,8.95,6.608,0.02,38.433,0
115.666,-77.427,-91.486,14.059,11.517,0.02,32.282,0
67.813,-79.325,-89.218,9.893,26.098,0.02,49.555,0
44.673,-72.859,-92.159,19.3,14.056,0.0951,25.93,0
77.483,-76.376,-90.733,14.357,12.292,0.02,25.566,0
52.586,-75.239,-88.635,13.396,6.732,0.1036,18.53,0
141.701,-83.928,-89.507,5.58,27.909,0.02,60.867,0
78.655,-78.697,-87.683,8.986,2.354,0.02,20.57,0
73.448,-78.19,-83.85,5.66,15.356,0.02,41.219,0
55.488,-75.291,-89.54,14.248,1.138,0.1532,14.157,0
97.714,-80.267,-93.615,13.347,9.907,0.02,26.987,0
80.407,-84.793,-90.209,5.416,18.595,0.02,46.535,0
23.712,-68.919,-90.359,21.44,9.076,0.3767,15.939,1
131.035,-80.669,-89.853,9.184,22.152,0.02,45.221,0
57.057,-72.165,-86.767,14.602,3.905,0.124,18.989,0
67.724,-69.938,-97.894,27.957,0.405,0.0964,14.206,1
34.822,-71.854,-86.702,14.847,2.549,0.2627,14.812,0
85.243,-77.518,-85.524,8.006,6.874,0.02,32.923,0
106.798,-75.834,-90.012,14.178,11.559,0.02,31.543,0
132.769,-79.077,-89.928,10.851,5.155,0.02,32.243,0
12.483,-62.793,-92.846,30.053,9.951,0.5784,19.644,1
146.133,-74.778,-91.978,17.2,13.34,0.02,38.839,0
107.054,-77.883,-89.557,11.674,4.152,0.02,27.914,0
46.223,-72.76,-89.783,17.023,4.267,0.0684,17.846,0
34.649,-71.837,-89.478,17.641,2.032,0.4389,13.558,1
47.933,-76.006,-89.807,13.801,22.157,0.0546,29.668,0
131.98,-79.184,-88.856,9.672,22.523,0.02,48.578,0
47.252,-70.861,-89.247,18.386,9.873,0.2183,24.959,0
72.109,-69.804,-95.585,25.781,2.789,0.157,18.925,0
107.332,-80.274,-89.087,8.813,25.241,0.02,48.894,0
131.439,-85.293,-85.495,0.202,4.274,0.02,46.628,0
100.493,-74.392,-92.093,17.701,2.144,0.02,17.192,0
114.201,-77.26,-86.752,9.492,4.168,0.02,32.603,0
30.132,-68.216,-95.211,26.994,3.703,0.4539,13.125,1
132.224,-74.688,-92.104,17.416,2.928,0.02,24.279,0
44.979,-72.106,-94.244,22.138,5.092,0.2152,14.53,0
23.615,-65.905,-87.173,21.268,9.282,0.4536,19.251,1
146.555,-84.747,-86.258,1.511,15.223,0.02,49.23,0
34.238,-74.377,-92.347,17.971,7.266,0.1935,16.879,0
24.815,-69.39,-87.901,18.511,7.309,0.3663,15.141,1
95.773,-77.882,-86.223,8.341,7.121,0.02,31.48,0
51.235,-69.954,-92.115,22.161,2.145,0.2843,6.446,1
24.336,-72.276,-91.546,19.27,14.938,0.3328,22.146,0
92.163,-74.467,-89.432,14.965,18.694,0.02,34.734,0
115.053,-84.572,-94.949,10.377,24.422,0.02,45.714,0
120.014,-78.627,-91.615,12.987,6.394,0.02,29.718,0
27.549,-71.509,-84.5,12.991,23.429,0.0644,36.888,0
85.746,-77.114,-93.75,16.636,16.321,0.02,31.985,0
122.983,-76.522,-89.012,12.49,3.1,0.02,27.549,0
28.358,-61.13,-90.167,29.037,4.284,0.5242,15.343,1
35.114,-72.239,-92.573,20.334,9.437,0.3813,21.351,0
5.35,-55.993,-91.224,35.232,7.306,0.6586,13.409,1
81.072,-75.124,-85.866,10.742,2.575,0.02,22.22,0
33.229,-67.088,-90.062,22.974,9.38,0.2523,17.664,1
110.015,-77.046,-89.516,12.47,9.564,0.02,32.81,0
144.521,-80.952,-86.397,5.445,16.18,0.02,48.254,0
35.27,-74.162,-93.013,18.851,5.531,0.2712,15.74,0
99.119,-77.995,-95.664,17.669,4.402,0.02,20.774,0
35.716,-71.991,-85.811,13.82,1.995,0.3026,15.429,0
7.611,-61.412,-91.522,30.11,10.757,0.471,19.971,1
114.99,-81.228,-88.872,7.644,9.817,0.02,40.161,0
67.931,-80.021,-94.668,14.647,26.686,0.02,34.802,0
142.284,-82.581,-90.64,8.059,15.404,0.02,46.641,0
82.471,-76.771,-95.839,19.068,5.564,0.02,21.106,0
27.835,-69.594,-91.777,22.183,8.905,0.2829,19.199,1
70.217,-76.647,-94.268,17.621,2.517,0.0641,16.411,0
34.419,-69.564,-95.072,25.507,6.351,0.2909,15.124,1
132.314,-82.497,-93.061,10.564,10.147,0.02,38.959,0
105.181,-83.475,-100.027,16.552,27.555,0.02,42.775,0
54.48,-72.481,-96.06,23.578,3.673,0.2521,19.771,0
81.534,-86.476,-89.262,2.785,21.668,0.02,52.64,0
102.075,-70.617,-90.783,20.167,10.661,0.02,27.752,0
118.514,-78.453,-95.76,17.306,15.154,0.02,31.723,0
16.621,-64.118,-90.082,25.965,8.65,0.501,17.375,1
8.265,-61.011,-95.074,34.063,4.765,0.6901,15.395,1
21.596,-69.058,-89.473,20.415,20.87,0.2548,28.593,0
62.274,-77.349,-92.405,15.056,5.968,0.0554,20.094,0
72.672,-75.036,-93.138,18.102,14.541,0.02,32.399,0
24.787,-71.724,-92.319,20.595,2.741,0.5298,9.929,1
64.617,-77.281,-83.042,5.76,3.463,0.02,28.164,0
69.035,-75.603,-94.656,19.053,1.159,0.2186,16.694,0
20.818,-61.962,-91.207,29.245,7.9,0.421,12.904,1
137.916,-83.49,-89.265,5.775,10.672,0.02,45.586,0
91.876,-76.005,-95.368,19.363,8.892,0.02,23.185,0
61.338,-79.001,-97.58,18.579,1.964,0.1472,14.768,0
78.502,-74.765,-94.104,19.339,3.525,0.02,21.137,0
50.559,-68.867,-89.342,20.475,14.977,0.1295,23.39,0
128.878,-77.168,-93.197,16.029,5.447,0.02,20.803,0
88.377,-83.024,-92.809,9.785,9.235,0.02,27.15,0
76.76,-74.87,-88.812,13.942,5.11,0.02,22.46,0
137.078,-82.15,-94.822,12.672,13.75,0.02,39.439,0
126.507,-74.803,-92.311,17.508,5.159,0.02,22.604,0
122.856,-79.023,-97.298,18.275,7.379,0.02,29.578,0
37.713,-76.925,-90.877,13.952,17.822,0.1299,29.102,0
27.203,-68.987,-91.197,22.21,9.038,0.372,18.936,1
105.064,-79.033,-89.216,10.183,3.922,0.02,31.071,0
72.953,-82.544,-96.008,13.465,12.19,0.02,23.937,0
104.138,-77.013,-92.672,15.659,1.96,0.02,21.767,0
115.291,-77.546,-96.475,18.928,3.772,0.02,18.283,0
47.82,-69.977,-92.861,22.885,2.152,0.3462,10.613,1
46.274,-70.211,-86.814,16.602,14.01,0.1142,21.527,0
76.171,-77.077,-93.123,16.046,11.548,0.02,27.413,0
44.665,-77.308,-96.781,19.472,12.944,0.1926,25.664,0
101.758,-80.504,-94.38,13.876,10.282,0.02,31.085,0
113.276,-80.855,-97.638,16.783,20.583,0.02,37.619,0
73.446,-72.046,-96.535,24.489,10.097,0.0497,23.348,0
109.951,-77.54,-89.652,12.111,5.382,0.02,28.984,0
79.013,-75.391,-97.062,21.671,4.073,0.0276,19.041,0
108.366,-79.081,-90.907,11.826,9.986,0.02,32.622,0
37.62,-72.931,-91.91,18.979,19.416,0.0922,28.884,0
112.132,-71.412,-93.86,22.449,2.655,0.02,21.292,0
108.693,-79.189,-91.204,12.015,12.703,0.02,39.393,0
43.658,-72.324,-95.282,22.958,7.377,0.1751,21.094,0
85.616,-78.106,-89.057,10.951,17.418,0.02,38.933,0
129.02,-79.954,-94.444,14.491,1.688,0.02,22.006,0
41.181,-79.687,-93.352,13.665,26.758,0.1042,38.051,0
111.717,-83.266,-93.769,10.502,7.3,0.02,34.322,0
143.325,-80.767,-89.587,8.82,1.344,0.02,32.481,0
130.605,-74.648,-90.094,15.447,2.598,0.02,22.227,0
63.22,-74.994,-101.176,26.181,29.328,0.02,36.382,0
93.045,-81.196,-91.11,9.914,12.662,0.02,34.731,0
148.807,-80.383,-98.106,17.723,6.649,0.02,30.407,0
87.423,-81.261,-93.195,11.934,33.864,0.02,48.194,0
21.679,-69.324,-92.379,23.055,9.779,0.4834,22.462,1
11.587,-60.25,-93.232,32.982,16.681,0.3876,24.62,1
119.596,-75.469,-90.247,14.778,3.477,0.02,26.737,0
66.426,-73.178,-89.48,16.302,6.433,0.02,20.064,0
40.788,-71.31,-94.707,23.397,9.655,0.1731,15.095,0
55.412,-77.562,-94.834,17.272,5.795,0.1652,17.589,0
114.819,-76.788,-92.126,15.338,20.412,0.02,36.006,0
72.461,-74.314,-97.403,23.089,12.388,0.0576,24.06,0
130.932,-76.978,-93.669,16.691,2.583,0.02,24.419,0
111.564,-80.191,-87.282,7.091,7.001,0.02,34.059,0
146.232,-81.244,-97.272,16.028,4.168,0.02,22.566,0
133.833,-78.88,-93.19,14.31,12.611,0.02,31.904,0
41.909,-67.62,-94.073,26.453,5.767,0.4299,19.243,1
100.564,-70.95,-84.982,14.032,1.345,0.02,19.734,0
7.979,-62.675,-93.883,31.207,11.108,0.3973,16.3,1
148.71,-80.15,-93.679,13.529,5.498,0.02,28.623,0
42.846,-80.709,-95.608,14.899,22.493,0.02,35.155,0
101.395,-83.897,-91.967,8.071,3.003,0.02,31.507,0
128.127,-76.849,-91.054,14.206,4.415,0.02,26.979,0
28.267,-70.944,-95.1,24.156,6.736,0.3042,17.816,1
127.943,-85.764,-88.539,2.775,11.579,0.02,43.944,0
6.776,-64.159,-91.051,26.893,17.791,0.3906,24.124,1
69.087,-73.505,-89.018,15.513,6.433,0.2244,22.954,0
73.445,-74.497,-93.148,18.652,9.883,0.0349,18.506,0
59.243,-77.456,-91.149,13.692,1.83,0.036,12.275,0
90.026,-72.27,-92.746,20.476,4.466,0.02,18.057,0
137.652,-81.304,-86.898,5.594,5.901,0.02,38.103,0
52.413,-71.847,-91.593,19.746,6.719,0.2198,19.113,0
88.993,-77.628,-91.969,14.342,13.673,0.02,26.609,0
132.232,-83.889,-93.604,9.715,30.482,0.02,57.035,0
117.084,-80.663,-93.806,13.142,4.701,0.02,31.843,0
10.906,-63.006,-91.168,28.162,12.566,0.5172,18.697,1
141.705,-81.498,-89.131,7.633,20.338,0.02,46.987,0
11.764,-65.47,-94.396,28.926,19.635,0.4715,25.499,1
90.37,-75.544,-91.557,16.013,3.668,0.02,21.42,0
88.426,-75.426,-91.355,15.93,18.847,0.02,33.908,0
119.027,-78.981,-90.746,11.765,2.703,0.02,28.433,0
26.524,-65.163,-97.976,32.813,2.641,0.3992,12.059,1
31.009,-70.08,-95.237,25.156,8.843,0.394,19.605,1
114.056,-73.629,-96.78,23.151,5.863,0.02,30.824,0
26.678,-75.602,-91.885,16.283,23.746,0.0974,30.766,0
73.07,-69.982,-95.153,25.171,1.287,0.156,16.166,0
111.089,-79.93,-93.737,13.807,8.939,0.02,29.679,0
99.43,-72.821,-96.18,23.359,16.896,0.02,39.123,0
35.538,-67.553,-93.411,25.859,1.155,0.3991,14.463,1
49.074,-69.557,-95.934,26.378,6.187,0.1884,18.467,1
145.501,-82.219,-89.347,7.128,16.569,0.02,47.06,0
70.057,-72.955,-90.323,17.368,8.265,0.0262,25.541,0
11.446,-60.366,-91.474,31.108,8.261,0.6041,16.093,1
36.84,-72.871,-93.057,20.186,17.83,0.3101,31.272,0
54.653,-71.702,-99.132,27.43,11.881,0.2016,23.232,0
149.926,-89.618,-93.604,3.986,4.524,0.02,40.722,0
48.89,-78.104,-94.665,16.561,26.64,0.02,32.952,0
8.827,-60.344,-91.135,30.791,7.292,0.4432,16.458,1
79.374,-73.212,-89.831,16.62,2.529,0.1141,13.413,0
17.123,-62.36,-90.864,28.504,8.609,0.5514,20.322,1
44.74,-72.551,-87.579,15.029,7.826,0.2924,15.652,0
148.896,-82.067,-93.989,11.922,11.568,0.02,32.783,0
107.173,-76.299,-94.134,17.835,13.078,0.02,30.101,0
12.347,-58.217,-88.367,30.151,1.95,0.6563,13.106,1
70.06,-72.483,-91.418,18.935,6.795,0.0959,20.554,0
29.887,-70.272,-92.864,22.592,11.945,0.3638,23.378,1
22.827,-59.581,-85.537,25.956,8.374,0.4249,18.346,1
90.124,-75.944,-89.978,14.034,5.441,0.02,24.7,0
78.32,-76.412,-92.667,16.255,14.714,0.02,32.744,0
112.716,-74.676,-94.401,19.725,14.631,0.02,30.406,0
134.384,-73.289,-87.357,14.068,0.018,0.02,22.876,0
40.769,-69.447,-91.276,21.829,9.937,0.1866,15.87,0
138.834,-83.105,-91.914,8.809,11.518,0.02,44.068,0
80.109,-75.303,-89.633,14.33,6.83,0.02,21.977,0
42.531,-70.181,-88.92,18.738,9.289,0.2085,20.484,0
127.639,-73.112,-90.075,16.963,7.281,0.02,26.238,0
10.152,-53.317,-88.906,35.589,11.227,0.6969,17.154,1
86.129,-77.688,-90.42,12.732,5.562,0.02,26.412,0
109.635,-75.047,-90.058,15.011,5.744,0.02,25.285,0
45.597,-74.265,-94.561,20.295,7.305,0.1317,17.483,0
130.206,-80.312,-85.664,5.351,11.436,0.02,48.888,0
39.841,-74.526,-96.318,21.792,12.508,0.1742,25.111,0
126.782,-76.773,-90.917,14.144,21.577,0.02,45.057,0
16.389,-63.105,-96.679,33.573,2.848,0.6861,7.269,1
28.19,-66.325,-92.343,26.018,0.937,0.5655,9.825,1
60.243,-75.076,-94.0,18.924,14.643,0.02,29.368,0
128.838,-78.2,-91.525,13.325,8.758,0.02,27.788,0
25.965,-65.455,-90.804,25.349,1.197,0.4246,10.378,1
131.939,-81.239,-95.347,14.108,7.205,0.02,26.096,0
38.311,-77.756,-92.103,14.346,17.717,0.1735,29.434,0
70.614,-78.493,-87.122,8.629,5.559,0.02,27.878,0
56.146,-78.611,-96.593,17.982,9.865,0.0324,19.716,0
22.128,-65.665,-94.989,29.324,4.57,0.4684,18.415,1
141.925,-81.337,-88.987,7.65,3.19,0.02,36.739,0
68.536,-73.424,-91.729,18.305,15.864,0.02,30.465,0
105.098,-76.447,-91.471,15.024,5.034,0.02,23.299,0
88.414,-81.787,-88.422,6.635,6.602,0.02,36.399,0
77.749,-77.02,-94.779,17.759,8.604,0.05,24.674,0
94.404,-82.684,-93.818,11.134,4.496,0.02,22.123,0
135.26,-88.348,-94.249,5.901,35.0,0.02,70.427,0
106.4,-80.606,-93.219,12.613,14.437,0.02,39.226,0
82.21,-77.745,-87.312,9.566,2.27,0.02,24.606,0
98.552,-73.426,-97.954,24.528,16.827,0.02,28.721,0
92.927,-75.078,-96.18,21.102,10.089,0.02,23.538,0
67.803,-76.3,-96.78,20.48,10.999,0.02,21.926,0
95.591,-72.704,-87.094,14.39,7.408,0.02,25.718,0
69.318,-77.492,-94.15,16.659,6.491,0.02,19.647,0
114.854,-81.144,-93.143,12.0,16.841,0.02,37.218,0
145.492,-76.485,-97.651,21.166,3.124,0.02,26.831,0
144.18,-85.61,-92.918,7.309,19.519,0.02,50.385,0
124.007,-77.083,-88.967,11.884,9.135,0.02,35.294,0
92.255,-74.795,-91.115,16.32,2.086,0.02,18.894,0
113.653,-75.255,-92.378,17.123,1.566,0.02,24.939,0
30.817,-63.171,-97.477,34.306,4.63,0.461,20.791,1
74.458,-73.462,-93.148,19.686,5.309,0.02,20.76,0
42.309,-69.792,-91.486,21.694,1.651,0.2219,12.868,1
5.507,-62.549,-95.471,32.922,11.931,0.5858,19.07,1
145.177,-80.44,-89.708,9.268,13.318,0.02,45.124,0
130.258,-81.654,-88.902,7.249,12.802,0.02,45.526,0
79.486,-77.725,-93.85,16.125,15.673,0.02,25.236,0
41.852,-72.323,-89.46,17.137,5.694,0.3803,18.646,0
105.481,-76.846,-92.384,15.538,10.666,0.02,27.123,0
68.046,-79.225,-87.985,8.76,15.562,0.02,38.185,0
121.486,-78.941,-84.88,5.94,12.04,0.02,43.61,0
149.93,-83.742,-95.828,12.086,9.931,0.02,34.958,0
55.617,-81.142,-89.307,8.165,20.031,0.1005,36.937,0
40.438,-71.787,-87.433,15.646,6.183,0.2525,13.586,0
43.77,-69.913,-95.397,25.484,6.148,0.2052,17.157,1
18.535,-68.261,-94.013,25.752,9.129,0.6828,17.675,1
62.137,-73.92,-94.052,20.132,9.098,0.0554,22.186,0
7.527,-60.696,-92.465,31.769,8.825,0.686,17.298,1
21.587,-68.63,-93.247,24.618,1.798,0.4803,9.672,1
44.396,-71.912,-92.694,20.782,17.05,0.1776,24.237,0
28.18,-71.098,-89.067,17.969,10.643,0.3527,22.813,0
111.163,-75.513,-98.635,23.123,0.423,0.02,20.844,0
20.313,-69.343,-95.409,26.066,1.106,0.6398,9.221,1
130.569,-81.241,-89.655,8.415,19.905,0.02,50.319,0
37.062,-68.092,-90.065,21.973,5.222,0.3378,13.844,1
20.746,-65.556,-95.705,30.148,8.622,0.4955,18.351,1
6.465,-54.775,-90.041,35.266,3.334,0.6341,12.195,1
108.705,-81.46,-87.356,5.896,35.0,0.02,61.485,0
42.209,-70.453,-92.172,21.718,7.64,0.2285,20.292,0
78.877,-72.717,-95.528,22.81,5.438,0.0937,17.495,0
21.184,-69.389,-88.938,19.549,16.174,0.3519,24.568,0
147.868,-77.537,-85.969,8.432,2.834,0.02,34.434,0
23.181,-69.145,-95.101,25.956,17.76,0.3254,23.502,1
64.729,-68.65,-91.863,23.212,7.041,0.02,22.362,0
128.489,-79.526,-88.184,8.659,13.939,0.02,45.049,0
40.509,-75.411,-91.596,16.186,10.084,0.1993,20.942,0
43.711,-70.64,-98.116,27.475,6.666,0.3091,18.545,1
122.232,-80.422,-90.448,10.026,1.783,0.02,28.059,0
44.634,-69.836,-95.426,25.59,9.051,0.241,20.344,1
5.416,-54.126,-96.448,42.322,4.046,0.8348,10.87,1
67.047,-76.636,-98.047,21.411,8.851,0.02,22.654,0
6.818,-63.294,-87.834,24.54,15.129,0.4136,21.612,1
136.92,-80.008,-94.921,14.913,12.033,0.02,36.686,0
98.063,-78.45,-90.833,12.383,0.287,0.02,21.111,0
89.537,-78.792,-89.974,11.182,6.14,0.02,25.381,0
34.23,-70.836,-91.434,20.598,4.752,0.4287,11.308,1
106.492,-75.437,-90.962,15.525,5.28,0.02,25.844,0
103.202,-82.392,-90.666,8.274,9.523,0.02,39.837,0
13.767,-65.406,-91.517,26.111,5.522,0.6914,11.341,1
132.723,-71.385,-94.661,23.275,3.99,0.02,26.314,0
89.015,-69.627,-94.973,25.345,2.404,0.1513,20.307,0
119.908,-74.626,-92.367,17.741,5.888,0.02,25.245,0
43.123,-72.706,-92.442,19.736,14.328,0.0549,22.334,0
22.697,-66.225,-90.497,24.272,14.847,0.3156,24.815,1
106.855,-79.477,-88.144,8.667,10.228,0.02,39.971,0
120.113,-85.373,-90.796,5.423,0.847,0.02,37.616,0
60.975,-75.987,-94.838,18.852,9.485,0.02,23.854,0
8.435,-64.366,-99.634,35.268,21.55,0.4437,30.34,1
123.647,-77.732,-94.691,16.959,2.627,0.02,18.117,0
34.884,-68.186,-96.706,28.52,5.682,0.3819,18.046,1
54.16,-69.488,-94.556,25.068,14.428,0.1728,27.881,0
96.093,-75.645,-91.152,15.507,1.005,0.02,17.634,0
19.493,-68.623,-91.705,23.082,5.788,0.3674,15.32,1
15.439,-68.405,-85.496,17.091,24.913,0.4334,30.587,0
8.727,-61.545,-90.309,28.764,23.034,0.588,25.665,1
137.913,-83.017,-85.318,2.301,23.153,0.02,61.89,0
50.15,-74.604,-89.497,14.893,5.864,0.0436,23.115,0
100.796,-78.251,-88.2,9.949,19.768,0.02,40.71,0
148.439,-83.941,-93.256,9.315,9.758,0.02,39.727,0
102.07,-79.364,-95.761,16.397,3.847,0.02,18.304,0
81.139,-74.096,-93.571,19.475,4.901,0.02,21.051,0
80.533,-78.935,-92.042,13.106,11.338,0.02,27.274,0
59.653,-73.461,-94.199,20.737,0.884,0.2012,14.368,0
91.968,-76.635,-95.504,18.869,7.239,0.02,26.153,0
144.025,-80.27,-90.541,10.272,8.962,0.02,37.787,0
119.266,-82.53,-95.519,12.989,12.932,0.02,34.053,0
66.513,-72.255,-97.367,25.112,1.295,0.02,13.46,0
53.205,-75.647,-95.927,20.28,7.314,0.1555,21.612,0
133.112,-76.004,-92.82,16.816,15.76,0.02,32.686,0
24.689,-73.19,-95.468,22.278,29.446,0.1729,40.27,0
128.19,-76.488,-92.798,16.31,3.85,0.02,24.545,0
41.986,-71.523,-89.898,18.375,19.682,0.1969,27.321,0
108.766,-80.492,-89.989,9.497,15.136,0.02,36.41,0
121.902,-84.482,-94.313,9.831,21.942,0.02,46.345,0
74.164,-71.743,-96.564,24.821,0.963,0.02,15.381,0
32.881,-75.061,-94.015,18.954,13.528,0.2908,24.6,0
127.491,-85.186,-89.705,4.519,19.361,0.02,50.278,0
58.289,-71.864,-88.888,17.024,8.094,0.0938,23.079,0
51.499,-73.075,-90.765,17.69,6.339,0.2124,12.521,0
78.952,-78.103,-87.795,9.692,9.041,0.02,31.668,0
68.088,-78.3,-85.948,7.648,18.29,0.02,39.752,0
104.043,-79.286,-93.691,14.405,4.041,0.02,23.105,0
24.894,-60.364,-86.797,26.433,3.766,0.4543,16.89,1
68.175,-70.214,-92.912,22.698,0.574,0.0844,17.595,0
134.297,-81.829,-88.431,6.602,7.451,0.02,40.727,0
10.229,-61.335,-89.52,28.185,2.116,0.7075,14.248,1
71.314,-73.191,-98.92,25.728,7.573,0.02,25.37,0
100.777,-79.465,-95.382,15.917,3.334,0.02,24.918,0
133.718,-80.53,-96.275,15.744,5.093,0.02,24.435,0
91.099,-77.231,-98.237,21.006,5.839,0.02,24.228,0
124.55,-81.857,-88.922,7.066,9.352,0.02,41.896,0
37.29,-67.661,-84.759,17.098,9.942,0.0949,20.698,0
56.157,-75.289,-92.902,17.613,6.694,0.02,22.223,0
141.609,-79.696,-89.01,9.315,5.561,0.02,35.215,0
133.466,-78.479,-86.804,8.325,5.034,0.02,31.499,0
85.903,-70.31,-91.271,20.961,1.54,0.02,21.15,0
73.946,-77.64,-92.089,14.449,18.309,0.02,31.114,0
70.405,-67.738,-92.86,25.122,3.856,0.1676,14.123,0
13.525,-64.666,-90.119,25.453,8.317,0.5404,24.812,1
134.395,-79.034,-88.939,9.905,2.503,0.02,28.12,0
123.632,-77.139,-90.384,13.244,13.298,0.02,36.387,0
71.156,-69.393,-90.504,21.111,8.506,0.02,20.123,0
45.519,-73.248,-92.179,18.932,10.533,0.1965,20.973,0
54.723,-68.4,-97.575,29.175,2.406,0.2374,13.889,1
22.858,-65.205,-88.858,23.653,10.929,0.3546,17.632,1
109.66,-78.94,-96.496,17.556,1.003,0.02,22.037,0
85.717,-75.71,-89.832,14.122,4.553,0.02,27.577,0
38.945,-69.935,-89.355,19.42,2.746,0.3391,14.38,1
95.336,-80.26,-95.992,15.732,8.402,0.02,20.656,0
146.988,-81.84,-94.127,12.287,19.198,0.02,41.161,0
22.747,-67.748,-84.575,16.827,12.304,0.3943,19.26,0
71.48,-76.768,-92.278,15.51,22.044,0.02,35.241,0
76.653,-75.497,-96.271,20.773,8.69,0.02,22.446,0
29.186,-71.961,-89.197,17.236,13.499,0.2815,28.356,0
82.079,-70.429,-94.704,24.275,16.616,0.0586,30.92,0
92.867,-77.948,-98.722,20.774,16.482,0.02,34.137,0
27.815,-63.482,-90.181,26.699,2.284,0.3756,12.409,1
27.435,-66.27,-95.208,28.938,3.775,0.4205,14.039,1
129.171,-76.129,-90.876,14.746,15.276,0.02,34.123,0
50.151,-77.793,-94.844,17.051,22.22,0.0299,32.999,0
96.398,-76.535,-89.525,12.989,3.535,0.02,22.395,0
95.882,-77.674,-91.358,13.684,4.027,0.02,23.148,0
126.68,-81.616,-101.062,19.446,12.203,0.02,30.261,0
112.285,-76.931,-90.663,13.732,5.56,0.02,31.679,0
126.884,-81.402,-93.014,11.612,15.962,0.02,40.78,0
95.656,-82.388,-87.041,4.653,12.994,0.02,45.194,0
70.171,-77.773,-90.617,12.844,17.549,0.02,33.406,0
62.067,-74.917,-89.353,14.436,6.284,0.1284,16.963,0
59.959,-70.68,-94.487,23.807,5.298,0.0362,15.391,0
65.667,-78.054,-94.765,16.712,4.094,0.02,17.815,0
23.75,-71.735,-92.09,20.355,21.846,0.2434,29.518,0
66.474,-75.711,-93.262,17.552,2.403,0.0764,17.787,0
61.47,-70.622,-87.317,16.695,2.11,0.0222,16.51,0
10.013,-63.24,-92.537,29.296,8.893,0.6187,15.829,1
44.894,-68.157,-96.287,28.13,5.217,0.2156,23.811,1
114.027,-80.212,-94.897,14.684,16.713,0.02,35.755,0
88.802,-73.908,-88.622,14.714,1.931,0.02,17.914,0
121.894,-75.244,-92.585,17.341,6.845,0.02,25.41,0
83.69,-78.429,-92.772,14.344,1.216,0.02,20.186,0
128.842,-79.513,-88.289,8.777,5.968,0.02,34.407,0
120.43,-77.592,-95.202,17.61,8.734,0.02,30.286,0
19.251,-65.308,-99.823,34.515,7.668,0.6875,16.61,1
146.666,-83.82,-94.985,11.165,7.254,0.02,33.6,0
7.138,-58.001,-91.153,33.151,13.084,0.6789,16.895,1
91.542,-75.729,-92.873,17.144,3.349,0.02,22.766,0
119.914,-78.834,-97.462,18.627,10.702,0.02,26.908,0
53.125,-73.493,-88.444,14.951,7.036,0.059,21.589,0
91.793,-85.977,-91.428,5.451,6.051,0.02,34.501,0
57.508,-72.655,-90.638,17.984,11.594,0.02,26.337,0
13.789,-62.14,-90.531,28.392,9.273,0.6368,20.933,1
6.227,-60.031,-96.545,36.514,11.21,0.6047,16.829,1
18.755,-74.31,-90.94,16.63,28.351,0.14,33.29,0
19.269,-67.376,-88.824,21.448,6.977,0.5026,21.753,1
93.579,-72.809,-88.009,15.2,2.193,0.02,20.479,0
81.25,-76.286,-89.476,13.19,3.443,0.02,23.564,0
71.042,-77.716,-90.204,12.488,21.715,0.02,34.783,0
105.329,-78.349,-98.081,19.732,5.856,0.02,21.258,0
7.44,-59.42,-92.052,32.632,13.024,0.4135,20.995,1
44.293,-75.638,-95.348,19.71,7.648,0.3333,18.363,0
117.722,-78.135,-87.512,9.377,2.892,0.02,27.735,0
136.947,-76.55,-88.044,11.493,9.189,0.02,35.572,0
68.559,-76.807,-95.327,18.52,4.311,0.1037,14.465,0
16.815,-65.215,-92.161,26.946,4.816,0.4744,14.775,1
120.816,-75.509,-91.13,15.621,7.686,0.02,24.748,0
133.35,-75.874,-88.847,12.974,1.487,0.02,27.281,0
64.981,-74.025,-97.865,23.84,12.804,0.0998,26.274,0
40.287,-69.396,-99.734,30.338,5.317,0.3926,18.133,1
11.376,-62.414,-91.866,29.453,14.103,0.4681,25.18,1
90.707,-78.575,-100.86,22.285,13.722,0.02,27.751,0
136.931,-76.046,-91.445,15.399,6.761,0.02,25.331,0
103.294,-79.195,-89.927,10.732,8.739,0.02,35.173,0
51.001,-76.278,-87.674,11.396,10.788,0.1452,32.087,0
98.219,-81.009,-94.179,13.17,5.827,0.02,28.832,0
125.65,-79.477,-91.436,11.959,1.119,0.02,20.002,0
73.995,-77.438,-89.72,12.281,9.133,0.02,28.93,0
123.864,-82.749,-96.115,13.366,16.555,0.02,35.238,0
61.827,-76.837,-88.796,11.96,4.172,0.1095,24.434,0
55.533,-73.541,-91.04,17.499,14.668,0.1415,26.123,0
89.533,-78.395,-94.119,15.724,2.536,0.02,18.396,0
72.38,-73.202,-91.505,18.303,6.386,0.0208,20.003,0
146.681,-77.757,-92.488,14.731,7.208,0.02,28.033,0
79.876,-68.1,-89.27,21.17,7.819,0.02,19.827,0
60.85,-74.452,-93.262,18.809,3.619,0.2178,16.385,0
62.265,-73.518,-91.205,17.687,2.571,0.0361,16.869,0
84.451,-78.199,-94.173,15.974,6.592,0.02,26.116,0
56.462,-77.727,-95.282,17.555,11.841,0.02,25.584,0
109.821,-78.551,-91.4,12.848,4.115,0.02,24.974,0
60.196,-76.028,-95.139,19.111,7.052,0.1697,19.457,0
60.701,-81.573,-89.198,7.625,28.365,0.02,42.458,0
94.461,-76.651,-89.927,13.276,9.702,0.02,27.612,0
13.823,-66.596,-94.678,28.082,6.568,0.5411,15.629,1
100.026,-75.638,-91.252,15.614,7.584,0.02,23.299,0
78.221,-76.492,-94.694,18.202,24.748,0.02,36.778,0
70.689,-78.427,-97.615,19.188,12.134,0.02,19.785,0
109.292,-73.103,-94.09,20.988,4.322,0.02,19.343,0
114.947,-78.167,-92.176,14.009,12.93,0.02,29.768,0
127.708,-78.357,-90.175,11.818,3.11,0.02,26.216,0
59.346,-79.231,-91.477,12.246,8.519,0.02,17.856,0
52.42,-80.182,-88.823,8.641,18.568,0.02,38.381,0
108.58,-73.388,-95.434,22.046,8.587,0.02,26.361,0
89.362,-71.654,-93.318,21.665,2.889,0.02,20.564,0
96.611,-72.373,-86.245,13.872,7.972,0.02,25.341,0
85.551,-72.855,-98.759,25.904,18.471,0.02,35.241,0
117.04,-73.596,-93.582,19.986,4.05,0.02,27.81,0
32.556,-69.861,-95.75,25.889,12.79,0.2581,19.247,1
85.578,-76.889,-92.684,15.795,19.172,0.02,30.693,0
27.925,-71.128,-93.521,22.392,10.616,0.3907,21.184,1
64.052,-73.65,-89.892,16.242,8.224,0.02,23.272,0
101.279,-74.54,-91.106,16.565,4.361,0.02,19.006,0
76.495,-72.631,-96.57,23.939,4.854,0.02,24.235,0
60.041,-73.952,-94.059,20.107,6.518,0.1064,17.514,0
133.321,-86.507,-92.0,5.493,13.018,0.02,45.744,0
117.06,-88.048,-89.412,1.364,32.986,0.02,70.152,0
81.312,-73.769,-83.485,9.716,4.091,0.02,30.799,0
142.758,-82.17,-89.54,7.37,11.82,0.02,41.107,0
66.533,-74.222,-95.544,21.321,16.165,0.02,31.054,0
119.271,-82.317,-92.328,10.011,8.122,0.02,33.947,0
29.351,-64.786,-91.367,26.581,7.861,0.4689,14.341,1
46.44,-73.682,-93.818,20.136,1.914,0.1848,12.835,0
54.022,-68.934,-90.354,21.42,9.132,0.2508,18.61,0
20.344,-70.922,-99.95,29.027,7.582,0.5173,18.564,1
77.762,-73.456,-90.064,16.608,5.986,0.02,17.604,0
32.878,-72.937,-93.667,20.731,10.277,0.3849,21.627,1
96.957,-76.301,-92.384,16.083,3.361,0.02,20.68,0
32.563,-65.589,-86.87,21.281,3.989,0.342,15.674,1
22.908,-64.727,-96.415,31.688,9.28,0.5201,18.628,1
145.518,-85.23,-91.045,5.815,21.689,0.02,52.724,0
100.445,-79.073,-89.221,10.149,6.938,0.02,32.021,0
140.785,-84.54,-91.404,6.864,8.142,0.02,41.106,0
76.034,-80.875,-97.65,16.774,7.935,0.02,21.441,0
9.843,-62.854,-87.274,24.419,3.229,0.4353,18.281,1
88.284,-78.768,-92.74,13.971,6.267,0.02,20.938,0
85.958,-81.075,-93.846,12.772,8.955,0.02,29.025,0
7.171,-59.884,-93.087,33.203,8.808,0.5807,18.114,1
129.88,-79.907,-93.338,13.431,10.881,0.02,32.244,0
94.896,-76.112,-96.166,20.054,3.099,0.02,20.886,0
112.98,-79.998,-91.423,11.424,4.684,0.02,29.623,0
76.619,-76.0,-94.09,18.09,1.487,0.02,16.804,0
94.668,-80.298,-89.652,9.353,19.561,0.02,41.57,0
42.333,-68.51,-90.188,21.679,5.588,0.3038,17.051,1
146.195,-82.413,-86.31,3.897,9.635,0.02,45.309,0
63.104,-79.211,-92.741,13.53,7.786,0.1702,26.795,0
28.537,-68.182,-94.811,26.629,0.579,0.3776,13.553,1
13.108,-63.52,-97.144,33.624,2.571,0.8545,11.805,1
97.245,-81.973,-84.323,2.35,7.528,0.02,40.34,0
147.59,-82.061,-89.683,7.622,11.706,0.02,42.821,0
134.89,-82.761,-94.423,11.663,11.05,0.02,34.621,0
106.805,-76.953,-86.074,9.121,2.229,0.02,28.661,0
148.637,-77.954,-87.253,9.3,3.213,0.02,29.711,0
109.81,-80.147,-96.729,16.582,10.353,0.02,26.893,0
54.191,-72.222,-94.637,22.415,10.98,0.1336,20.546,0
92.177,-76.588,-92.463,15.875,2.097,0.02,17.336,0
16.566,-66.18,-95.745,29.565,10.312,0.6086,23.497,1
37.144,-71.359,-92.338,20.979,7.487,0.2699,17.632,0
65.543,-74.75,-89.508,14.758,6.436,0.02,21.157,0
34.264,-76.93,-96.806,19.876,22.134,0.195,30.774,0
143.258,-85.191,-90.974,5.784,6.947,0.02,43.04,0
149.362,-76.256,-87.91,11.655,5.026,0.02,31.158,0
58.786,-74.211,-90.599,16.388,13.606,0.02,24.739,0
107.838,-80.611,-92.265,11.654,13.209,0.02,33.633,0
64.127,-73.308,-94.338,21.03,18.845,0.02,29.51,0
25.229,-60.173,-89.092,28.919,12.599,0.5331,25.616,1
53.854,-78.466,-96.119,17.653,12.249,0.0223,25.361,0
38.839,-70.954,-91.15,20.196,7.963,0.2099,17.507,0
52.571,-75.561,-91.911,16.35,31.07,0.02,43.316,0
36.178,-74.317,-88.06,13.743,3.376,0.2481,19.286,0
21.29,-71.888,-94.04,22.151,11.206,0.4582,18.429,1
36.527,-66.569,-93.742,27.173,3.046,0.3147,13.659,1
136.335,-79.723,-96.347,16.623,7.951,0.02,28.81,0
17.357,-67.284,-90.47,23.185,7.775,0.4425,14.808,1
52.09,-77.794,-93.483,15.689,7.937,0.2053,19.114,0
81.625,-73.697,-95.017,21.321,1.35,0.1992,16.142,0
56.404,-77.156,-94.684,17.528,5.569,0.2005,18.284,0
80.053,-84.3,-90.12,5.82,34.865,0.02,67.886,0
11.296,-65.257,-95.86,30.604,8.631,0.6686,14.64,1
99.043,-79.894,-95.55,15.655,15.641,0.02,28.303,0
86.704,-80.188,-88.863,8.675,10.298,0.02,37.24,0
103.74,-84.673,-92.581,7.908,28.76,0.02,54.645,0
87.252,-74.11,-88.656,14.546,10.381,0.02,25.937,0
68.496,-74.417,-93.258,18.841,8.668,0.0284,24.815,0
55.771,-72.197,-92.004,19.807,2.423,0.1853,12.698,0
37.833,-68.26,-91.453,23.193,2.531,0.3885,14.848,1
77.51,-78.189,-87.144,8.955,4.831,0.02,28.092,0
8.778,-59.176,-87.429,28.253,6.78,0.5719,15.066,1
52.595,-70.629,-87.964,17.335,2.787,0.2486,15.893,0
103.291,-80.833,-94.201,13.368,8.601,0.02,34.315,0
20.764,-64.776,-95.454,30.678,8.363,0.5271,16.344,1
14.119,-66.312,-89.337,23.025,24.028,0.4188,28.93,1
99.566,-80.274,-87.181,6.907,26.374,0.02,54.363,0
62.677,-70.296,-87.93,17.634,13.623,0.02,29.083,0
121.265,-79.568,-91.954,12.386,13.896,0.02,32.914,0
140.91,-84.462,-89.453,4.991,17.462,0.02,52.795,0
143.771,-80.036,-89.391,9.356,10.436,0.02,36.754,0
66.711,-76.587,-91.479,14.892,18.115,0.02,27.74,0
43.327,-73.772,-91.327,17.555,2.206,0.2565,13.763,0
93.249,-84.396,-91.656,7.26,14.968,0.02,39.974,0
96.088,-76.322,-94.758,18.436,2.937,0.02,17.029,0
95.24,-73.315,-94.401,21.086,3.334,0.02,18.397,0
51.658,-71.832,-94.455,22.623,17.314,0.1505,27.45,0
14.244,-62.31,-97.597,35.287,4.415,0.6775,14.95,1
35.451,-64.589,-91.5,26.911,3.441,0.2633,12.188,1
27.391,-68.49,-92.142,23.652,10.975,0.1541,20.797,1
22.966,-66.991,-89.333,22.342,4.029,0.4065,9.313,1
139.311,-78.197,-87.587,9.39,3.446,0.02,32.337,0
7.008,-59.935,-87.365,27.43,1.949,0.6735,12.29,1
92.269,-80.139,-87.035,6.896,5.4,0.02,32.237,0
142.384,-83.913,-94.65,10.737,13.525,0.02,41.716,0
57.208,-76.368,-97.012,20.644,14.97,0.0877,22.4,0
81.429,-73.092,-88.742,15.65,6.51,0.02,19.211,0
105.889,-85.294,-87.163,1.869,23.694,0.02,59.702,0
50.99,-76.345,-86.554,10.209,11.431,0.02,31.672,0
74.26,-74.842,-90.303,15.461,17.547,0.02,35.889,0
123.48,-79.331,-98.988,19.658,4.891,0.02,26.512,0
113.077,-78.486,-90.72,12.235,6.086,0.02,31.554,0
122.225,-79.701,-90.056,10.355,6.829,0.02,30.475,0
148.164,-73.955,-87.618,13.663,6.021,0.02,30.094,0
58.697,-70.57,-86.996,16.426,0.682,0.0905,11.034,0
113.328,-77.583,-88.816,11.233,8.265,0.02,34.76,0
92.404,-76.738,-94.055,17.317,10.315,0.02,25.798,0
101.658,-76.668,-95.602,18.934,9.829,0.02,28.224,0
112.282,-76.175,-90.131,13.957,25.489,0.02,37.884,0
113.711,-83.2,-94.773,11.573,26.846,0.02,42.034,0
133.433,-77.589,-86.837,9.248,1.37,0.02,35.035,0
55.652,-75.795,-97.966,22.171,20.689,0.02,40.827,0
99.755,-77.991,-90.016,12.024,24.512,0.02,45.085,0
45.642,-65.43,-90.882,25.451,0.894,0.3775,17.24,1
91.212,-79.571,-92.724,13.153,13.145,0.02,29.699,0
113.92,-77.051,-95.238,18.187,8.44,0.02,23.05,0
119.695,-81.27,-99.216,17.946,23.665,0.02,45.396,0
65.918,-81.623,-93.86,12.237,22.621,0.02,38.483,0
78.764,-78.247,-93.799,15.551,35.0,0.02,46.845,0
53.408,-69.467,-88.109,18.642,13.497,0.1062,29.649,0
29.51,-67.235,-94.74,27.505,11.789,0.3891,20.697,1
42.775,-72.614,-90.415,17.801,4.011,0.2008,12.942,0
137.26,-83.145,-96.523,13.378,5.286,0.02,25.287,0
49.801,-71.491,-90.319,18.828,12.209,0.1059,23.959,0
146.34,-82.715,-99.832,17.117,5.073,0.02,29.381,0
40.014,-74.07,-84.666,10.596,8.395,0.1878,25.002,0
109.845,-76.163,-92.494,16.331,1.608,0.02,20.149,0
88.216,-74.51,-101.781,27.27,8.864,0.02,22.854,0
106.046,-77.444,-94.512,17.068,1.057,0.02,18.263,0
98.374,-79.747,-95.065,15.317,17.124,0.02,37.177,0
107.479,-78.5,-94.295,15.796,9.231,0.02,26.711,0
136.304,-81.662,-93.276,11.614,4.727,0.02,28.687,0
86.703,-77.395,-94.319,16.924,7.147,0.02,27.211,0
14.838,-68.436,-94.857,26.421,5.126,0.694,13.392,1
44.27,-68.706,-96.055,27.35,3.789,0.1815,15.393,1
107.692,-69.115,-89.124,20.009,5.74,0.02,23.285,0
76.641,-74.943,-87.796,12.853,5.776,0.02,19.79,0
84.54,-72.391,-92.891,20.5,6.573,0.02,21.302,0
91.504,-76.105,-92.062,15.957,0.604,0.02,18.189,0
60.481,-79.974,-95.942,15.968,18.063,0.02,29.215,0
117.215,-73.83,-91.751,17.921,18.317,0.02,38.639,0
109.913,-80.581,-91.195,10.614,7.854,0.02,29.67,0
108.573,-79.091,-92.768,13.677,27.722,0.02,46.339,0
108.72,-76.969,-90.614,13.644,6.101,0.02,24.932,0
134.102,-76.032,-90.92,14.887,8.691,0.02,31.696,0
91.332,-77.721,-95.689,17.969,11.666,0.02,31.423,0
145.225,-83.601,-87.824,4.223,8.502,0.02,48.28,0
22.283,-68.328,-92.727,24.399,4.749,0.5361,14.649,1
96.634,-70.163,-86.135,15.973,8.203,0.02,24.924,0
108.954,-75.891,-90.529,14.637,2.19,0.02,21.083,0
74.197,-67.972,-85.102,17.13,3.806,0.0787,16.118,0
46.79,-74.771,-87.887,13.116,15.645,0.081,31.61,0
84.755,-79.526,-91.205,11.679,35.0,0.02,47.275,0
57.888,-76.79,-94.531,17.741,4.601,0.2047,16.897,0
136.823,-79.285,-94.455,15.171,6.894,0.02,31.884,0
56.735,-66.522,-90.134,23.613,6.564,0.0844,15.459,0
30.478,-71.848,-91.499,19.651,9.681,0.43,20.918,1
88.576,-80.451,-94.062,13.611,17.029,0.02,35.985,0
62.419,-71.855,-89.084,17.23,8.979,0.02,20.852,0
18.905,-64.359,-91.864,27.505,2.307,0.5084,9.307,1
86.902,-70.14,-89.063,18.923,4.939,0.02,16.883,0
82.988,-77.385,-95.414,18.029,10.706,0.02,24.709,0
30.114,-68.463,-88.502,20.039,5.962,0.3392,14.362,1
91.658,-75.492,-90.247,14.754,6.159,0.02,19.388,0
87.267,-79.358,-87.809,8.451,6.301,0.02,33.993,0
117.174,-82.356,-88.579,6.223,7.71,0.02,36.723,0
57.428,-76.841,-92.297,15.457,3.545,0.02,18.015,0
41.07,-82.645,-92.579,9.934,15.44,0.0217,30.872,0
142.927,-79.011,-85.759,6.748,2.289,0.02,37.186,0
86.377,-80.807,-93.017,12.21,10.532,0.02,30.485,0
8.935,-61.692,-89.38,27.689,5.201,0.5663,16.11,1
124.003,-75.944,-93.335,17.391,8.464,0.02,23.969,0
33.53,-75.1,-98.517,23.416,20.196,0.2216,27.562,0
118.975,-78.931,-96.296,17.364,19.885,0.02,40.044,0
107.249,-84.39,-90.579,6.189,16.733,0.02,44.441,0
145.478,-85.01,-89.546,4.536,22.669,0.02,56.567,0
145.009,-80.138,-90.568,10.43,34.81,0.02,61.538,0
44.79,-74.614,-87.989,13.375,15.477,0.1406,27.882,0
116.135,-75.325,-90.631,15.305,11.664,0.02,30.331,0
50.944,-64.782,-94.713,29.932,3.59,0.2485,15.968,1
96.234,-79.436,-89.92,10.484,13.146,0.02,34.878,0
91.673,-78.974,-91.406,12.432,8.822,0.02,25.205,0
12.909,-73.238,-94.014,20.776,25.835,0.3491,31.32,0
5.751,-58.004,-90.346,32.342,14.532,0.6802,22.952,1
13.376,-61.276,-91.722,30.446,2.88,0.4525,11.077,1
23.552,-65.509,-94.118,28.609,10.26,0.4392,20.766,1
42.36,-68.847,-92.623,23.775,15.867,0.1842,25.644,0
136.509,-82.795,-87.053,4.257,8.693,0.02,45.672,0
80.202,-75.503,-87.167,11.664,34.162,0.02,49.84,0
120.549,-80.786,-91.341,10.556,14.126,0.02,36.021,0
126.555,-77.102,-91.8,14.698,3.7,0.02,26.523,0
111.567,-77.469,-97.016,19.546,3.45,0.02,19.459,0
61.751,-75.626,-85.982,10.357,4.224,0.0353,22.69,0
130.26,-82.34,-88.373,6.033,5.451,0.02,38.456,0
112.597,-77.685,-89.368,11.684,8.373,0.02,26.877,0
112.757,-81.706,-99.962,18.255,10.815,0.02,27.521,0
135.728,-82.643,-91.857,9.214,20.212,0.02,46.163,0
91.806,-79.566,-92.445,12.879,15.538,0.02,33.4,0
81.643,-76.756,-89.61,12.855,6.308,0.02,24.191,0
134.074,-84.523,-93.579,9.056,6.354,0.02,34.207,0
70.897,-85.918,-92.811,6.893,14.952,0.02,39.405,0
122.678,-75.801,-89.832,14.031,5.407,0.02,30.085,0
12.808,-60.62,-94.708,34.087,12.304,0.7406,26.163,1
5.187,-63.339,-94.009,30.67,1.992,0.643,11.512,1
81.602,-75.383,-91.323,15.94,11.17,0.02,25.344,0
15.674,-64.303,-87.315,23.013,10.076,0.5558,16.32,1
146.599,-83.541,-89.17,5.629,5.472,0.02,38.801,0
5.798,-53.852,-88.236,34.384,2.583,0.7514,10.253,1
109.132,-73.449,-91.778,18.329,2.199,0.02,23.663,0
40.291,-68.229,-86.767,18.538,9.537,0.1987,17.982,0
145.295,-75.326,-98.094,22.768,10.74,0.02,33.029,0
60.324,-69.534,-84.922,15.388,1.151,0.2227,13.698,0
8.956,-61.765,-84.469,22.704,1.103,0.563,12.226,1
8.906,-59.583,-90.402,30.819,3.121,0.6124,10.692,1
85.239,-74.258,-89.087,14.829,3.538,0.02,17.982,0
148.073,-74.872,-92.133,17.261,4.426,0.02,24.99,0
147.067,-81.166,-92.733,11.568,9.578,0.02,40.402,0
53.905,-76.779,-94.138,17.359,16.799,0.0705,28.316,0
74.992,-82.176,-92.172,9.996,16.986,0.02,40.444,0
19.566,-64.514,-90.054,25.541,13.262,0.3303,22.685,1
80.716,-76.992,-90.53,13.538,16.458,0.02,34.367,0
91.957,-78.57,-85.047,6.477,3.681,0.02,31.423,0
41.404,-69.98,-91.649,21.669,13.013,0.1941,23.488,0
93.757,-79.243,-97.211,17.968,14.268,0.02,27.486,0
135.455,-82.249,-86.245,3.996,1.748,0.02,35.924,0
5.139,-55.273,-96.273,41.0,20.379,0.7664,26.177,1
38.195,-78.266,-93.958,15.692,14.742,0.0859,24.15,0
35.438,-69.163,-91.049,21.886,4.931,0.4269,15.53,1
22.963,-66.206,-90.54,24.334,1.401,0.4892,13.396,1
29.085,-74.03,-97.059,23.029,9.395,0.4226,23.91,1
95.757,-75.797,-94.613,18.816,6.29,0.02,20.668,0
19.891,-67.173,-97.183,30.009,2.49,0.5253,13.084,1
112.087,-73.208,-89.824,16.616,8.245,0.02,25.061,0
133.618,-75.918,-87.858,11.94,5.497,0.02,26.354,0
139.355,-80.424,-96.276,15.853,14.824,0.02,41.081,0
100.725,-83.553,-88.515,4.962,1.058,0.02,32.8,0
33.622,-73.092,-88.742,15.65,15.911,0.4248,24.634,0
17.368,-67.106,-94.307,27.201,7.775,0.5579,18.863,1
38.644,-68.201,-98.939,30.738,13.113,0.2223,29.58,1
144.484,-82.154,-95.749,13.595,21.572,0.02,44.497,0
144.54,-79.616,-94.083,14.467,10.952,0.02,39.305,0
60.378,-72.404,-86.604,14.2,15.729,0.02,29.18,0
52.24,-66.805,-92.414,25.609,1.962,0.1892,17.447,1
78.952,-70.241,-95.524,25.283,2.218,0.036,15.783,0
47.295,-70.216,-91.483,21.266,6.207,0.3252,16.239,0
147.051,-80.249,-96.534,16.285,4.687,0.02,27.617,0
37.077,-69.942,-90.2,20.258,11.624,0.3576,25.406,0
58.526,-74.516,-95.422,20.906,11.613,0.1884,22.989,0
67.259,-74.382,-94.914,20.532,18.398,0.02,33.554,0
23.134,-68.894,-90.686,21.792,7.73,0.1629,18.16,1
60.51,-70.008,-85.874,15.866,1.965,0.0421,15.082,0
129.226,-81.166,-84.308,3.142,18.537,0.02,55.977,0
25.352,-68.708,-95.64,26.932,17.925,0.4599,24.653,1
89.683,-79.904,-94.088,14.184,6.276,0.02,26.301,0
63.962,-77.19,-90.196,13.006,18.29,0.02,33.052,0
29.728,-66.394,-87.909,21.515,1.735,0.3775,14.334,1
6.789,-59.005,-99.574,40.569,6.664,0.8306,15.194,1
44.635,-77.856,-91.694,13.839,3.019,0.1383,17.028,0
13.965,-68.93,-93.705,24.775,15.452,0.3374,14.835,1
59.631,-72.152,-98.734,26.582,4.765,0.0901,16.831,0
122.48,-76.079,-96.68,20.601,16.833,0.02,32.909,0
109.354,-77.691,-93.987,16.296,2.776,0.02,22.813,0
142.371,-85.808,-91.794,5.987,30.348,0.02,61.591,0
66.917,-71.102,-88.472,17.37,6.167,0.0343,16.062,0
107.631,-77.423,-90.76,13.337,5.639,0.02,27.58,0
101.475,-76.62,-88.684,12.064,14.656,0.02,35.034,0
36.472,-71.882,-91.906,20.025,10.933,0.1782,21.339,0
49.019,-73.325,-94.467,21.142,6.222,0.2037,19.652,0
81.825,-73.053,-92.643,19.59,5.482,0.0301,21.749,0
120.515,-79.965,-89.566,9.601,24.346,0.02,54.555,0
71.963,-75.969,-88.386,12.417,7.379,0.02,27.73,0
38.023,-73.993,-92.518,18.525,7.616,0.2962,18.832,0
149.053,-84.155,-95.252,11.097,2.786,0.02,31.701,0
21.759,-74.002,-90.825,16.823,20.856,0.2839,28.405,0
143.604,-80.962,-90.327,9.365,3.654,0.02,32.322,0
122.312,-76.928,-87.685,10.757,3.31,0.02,31.357,0
126.64,-85.654,-94.376,8.721,15.998,0.02,47.891,0
120.263,-81.934,-94.337,12.403,0.172,0.02,23.403,0
35.185,-69.275,-89.353,20.078,9.248,0.3148,21.205,0
96.724,-72.002,-93.426,21.424,5.616,0.02,20.458,0
114.729,-74.872,-93.574,18.702,6.837,0.02,27.245,0
113.124,-82.951,-87.611,4.659,3.766,0.02,34.865,0
44.377,-69.935,-96.799,26.864,4.694,0.3991,17.176,1
31.262,-65.101,-84.803,19.702,1.158,0.4048,13.283,1
52.578,-75.768,-94.144,18.376,14.665,0.056,29.759,0
74.577,-75.74,-88.966,13.227,6.254,0.02,18.427,0
88.198,-77.314,-92.381,15.066,16.855,0.02,36.005,0
126.358,-82.587,-91.05,8.463,33.043,0.02,62.566,0
116.51,-76.322,-92.92,16.598,2.873,0.02,23.566,0
103.042,-76.373,-89.002,12.629,12.606,0.02,32.205,0
43.206,-69.984,-93.216,23.231,3.231,0.3985,17.903,1
74.438,-76.481,-94.005,17.524,4.192,0.02,23.942,0
53.638,-74.293,-85.653,11.36,7.333,0.0947,24.399,0
39.065,-77.531,-91.897,14.367,29.54,0.02,43.027,0
6.486,-59.362,-94.365,35.003,5.855,0.6171,16.4,1
54.222,-71.31,-97.216,25.906,7.161,0.2406,23.002,1
42.137,-73.983,-85.47,11.488,9.268,0.2128,27.443,0
87.926,-73.121,-93.932,20.811,7.043,0.02,23.195,0
14.034,-65.709,-84.784,19.075,2.862,0.3968,9.043,1
44.225,-73.108,-90.604,17.496,17.854,0.2017,27.302,0
11.492,-59.344,-91.5,32.156,5.344,0.6769,15.69,1
98.006,-74.714,-91.406,16.691,1.92,0.02,19.052,0
87.387,-82.405,-84.244,1.839,9.914,0.02,39.339,0
53.935,-74.856,-99.673,24.817,18.648,0.1521,28.715,0
26.364,-69.511,-91.25,21.739,3.726,0.4751,11.232,1
143.898,-83.577,-92.928,9.351,6.324,0.02,36.651,0
89.737,-75.909,-92.746,16.837,7.567,0.02,25.961,0
103.471,-80.797,-91.477,10.68,4.983,0.02,29.448,0
82.046,-75.265,-92.932,17.667,7.788,0.02,19.524,0
121.947,-77.582,-91.342,13.759,23.774,0.02,42.395,0
134.975,-78.577,-92.083,13.505,7.918,0.02,28.127,0
60.493,-75.333,-96.597,21.264,11.554,0.0592,24.126,0
105.054,-77.771,-90.665,12.894,5.65,0.02,28.476,0
38.334,-68.356,-89.494,21.138,9.719,0.2859,20.86,0
99.519,-78.835,-93.897,15.063,10.675,0.02,27.678,0
62.878,-76.793,-85.462,8.669,14.023,0.02,39.757,0
5.983,-60.078,-87.325,27.248,5.182,0.5408,11.068,1
143.552,-82.321,-89.046,6.725,6.553,0.02,42.679,0
130.924,-78.024,-89.089,11.065,15.074,0.02,39.468,0
47.171,-73.173,-91.895,18.721,5.6,0.2151,24.074,0
149.675,-77.524,-88.005,10.482,2.852,0.02,32.604,0
50.984,-70.228,-86.502,16.274,5.003,0.1629,13.141,0
71.532,-79.301,-89.172,9.871,14.723,0.02,34.683,0
128.433,-83.208,-93.996,10.788,16.336,0.02,38.302,0
49.166,-71.726,-92.139,20.413,12.872,0.0245,29.872,0
70.328,-76.6,-89.992,13.392,18.256,0.02,31.968,0
101.51,-80.96,-89.068,8.108,22.513,0.02,51.22,0
23.918,-67.166,-92.271,25.105,13.376,0.3647,24.843,1
66.241,-71.323,-93.984,22.66,7.031,0.2089,18.069,0
49.864,-71.51,-86.455,14.945,2.062,0.1889,11.141,0
103.132,-78.269,-95.753,17.485,2.656,0.02,23.197,0
24.716,-66.544,-95.295,28.751,3.956,0.4619,13.2,1
38.746,-74.998,-96.645,21.647,16.778,0.2391,27.023,0
108.15,-76.776,-95.302,18.526,4.218,0.02,23.036,0
27.653,-67.715,-87.634,19.919,4.183,0.3991,7.239,1
66.193,-76.315,-87.517,11.202,4.588,0.02,23.891,0
108.368,-79.141,-92.259,13.118,7.761,0.02,31.327,0
115.993,-79.804,-90.263,10.459,9.918,0.02,30.487,0
18.758,-63.967,-92.037,28.07,9.894,0.4898,20.825,1
128.539,-81.13,-96.172,15.042,4.716,0.02,24.556,0
109.976,-82.11,-84.237,2.126,16.024,0.02,48.6,0
54.198,-74.143,-87.188,13.045,7.31,0.02,23.601,0
115.751,-78.036,-90.76,12.723,14.477,0.02,35.749,0
110.603,-75.966,-94.996,19.03,8.154,0.02,29.806,0
92.129,-75.375,-92.787,17.412,4.57,0.02,19.93,0
85.98,-73.78,-94.423,20.643,5.79,0.066,25.032,0
111.532,-73.84,-91.658,17.818,3.761,0.02,22.446,0
149.893,-78.524,-90.915,12.392,1.836,0.02,29.375,0
88.89,-79.187,-93.194,14.007,8.918,0.02,25.425,0
122.264,-78.096,-97.09,18.995,3.252,0.02,20.75,0
112.92,-81.216,-84.538,3.322,2.351,0.02,40.119,0
129.092,-79.201,-91.169,11.968,13.969,0.02,37.611,0
143.406,-83.611,-90.402,6.79,19.075,0.02,50.178,0
32.997,-68.616,-93.478,24.863,4.2,0.4781,17.567,1
28.992,-74.468,-97.467,22.999,35.0,0.1343,46.144,0
90.021,-78.97,-92.292,13.322,13.673,0.02,30.328,0
70.148,-74.447,-93.131,18.684,8.853,0.02,27.088,0
87.755,-75.514,-89.517,14.003,1.152,0.02,17.254,0
120.716,-81.299,-88.829,7.53,11.414,0.02,41.334,0
140.099,-82.029,-89.322,7.294,2.878,0.02,37.543,0
65.525,-72.478,-88.541,16.063,3.335,0.1702,8.951,0
109.1,-82.501,-85.687,3.187,12.299,0.02,44.075,0
33.536,-68.401,-90.636,22.235,27.804,0.0995,35.303,0
82.51,-72.451,-88.153,15.701,9.161,0.02,25.162,0
8.162,-66.354,-90.271,23.917,15.898,0.4304,23.124,1
78.044,-77.702,-98.65,20.948,27.453,0.02,34.334,0
84.074,-71.558,-92.541,20.983,1.808,0.02,17.048,0
111.64,-80.828,-95.037,14.209,12.44,0.02,27.541,0
99.175,-78.611,-91.19,12.579,19.525,0.02,37.319,0
56.968,-75.772,-94.769,18.997,17.45,0.02,28.52,0
5.831,-57.731,-89.88,32.149,18.54,0.5294,25.781,1
21.745,-67.592,-88.566,20.974,5.193,0.4304,13.701,1
146.094,-77.445,-87.788,10.342,10.184,0.02,38.347,0
138.738,-82.457,-86.333,3.875,19.678,0.02,53.775,0
52.139,-74.665,-97.866,23.201,12.112,0.2074,24.917,0
42.534,-68.437,-96.197,27.759,2.532,0.5293,11.24,1
68.28,-71.074,-81.753,10.679,3.054,0.1242,23.424,0
105.041,-86.731,-88.467,1.735,17.821,0.02,50.224,0
56.74,-80.664,-91.214,10.55,0.367,0.0843,19.197,0
14.758,-64.031,-91.888,27.857,12.675,0.5462,21.368,1
63.405,-77.534,-92.199,14.665,14.486,0.02,25.565,0
42.785,-76.09,-98.768,22.678,11.048,0.2538,21.863,0
52.115,-75.318,-94.703,19.385,14.543,0.02,25.371,0
28.629,-61.282,-92.391,31.11,14.448,0.3879,28.964,1
100.532,-79.961,-94.506,14.544,0.588,0.02,20.056,0
81.361,-71.979,-94.048,22.069,1.266,0.02,18.479,0
44.275,-73.289,-83.044,9.755,4.25,0.3489,21.36,0
85.31,-81.272,-92.881,11.609,11.016,0.02,24.873,0
76.443,-77.817,-91.027,13.21,10.156,0.02,25.718,0
120.416,-81.998,-91.151,9.153,3.13,0.02,26.924,0
143.618,-87.117,-89.937,2.82,20.405,0.02,58.27,0
23.947,-74.577,-93.67,19.093,32.59,0.1905,40.347,0
133.167,-83.967,-87.636,3.669,14.445,0.02,50.63,0
107.196,-78.739,-90.448,11.708,10.01,0.02,32.085,0
105.42,-77.908,-96.505,18.598,11.15,0.02,26.287,0
59.274,-75.475,-92.376,16.901,4.628,0.0353,16.194,0
54.867,-70.237,-92.603,22.365,2.402,0.3117,16.612,0
5.818,-61.285,-92.764,31.478,16.201,0.6052,28.068,1
147.42,-81.843,-90.217,8.374,14.345,0.02,45.468,0
92.943,-85.081,-89.778,4.697,16.329,0.02,47.261,0
63.338,-74.541,-90.192,15.65,10.723,0.0475,28.667,0
83.846,-68.281,-90.814,22.533,2.224,0.02,18.277,0
10.876,-58.428,-91.7,33.272,2.064,0.6816,8.533,1
30.179,-68.654,-99.529,30.875,3.224,0.5267,14.799,1
95.387,-83.443,-89.277,5.834,22.403,0.02,54.612,0
79.568,-69.707,-90.291,20.583,1.877,0.02,19.835,0
119.126,-78.95,-95.447,16.497,7.172,0.02,26.855,0
100.518,-78.889,-91.018,12.129,5.082,0.02,21.822,0
92.208,-77.627,-89.732,12.106,2.144,0.02,19.331,0
123.214,-73.393,-87.901,14.508,11.725,0.02,32.394,0
14.898,-67.522,-90.214,22.692,22.905,0.2844,29.221,0
105.179,-76.356,-90.874,14.518,7.702,0.02,25.883,0
108.761,-77.315,-88.686,11.371,1.529,0.02,27.767,0
44.899,-71.686,-93.073,21.387,6.189,0.2928,14.915,0
33.369,-70.428,-90.558,20.13,4.817,0.3692,14.109,1
36.009,-65.697,-94.174,28.477,6.224,0.3671,20.204,1
33.73,-69.496,-88.114,18.618,6.815,0.2719,14.373,0
80.948,-83.681,-97.634,13.953,25.547,0.02,43.455,0
24.666,-67.15,-89.141,21.991,11.213,0.3169,21.44,1
100.596,-78.424,-91.938,13.514,11.112,0.02,29.826,0
20.236,-64.517,-88.621,24.104,4.73,0.5028,14.647,1
8.899,-63.163,-94.732,31.568,15.814,0.5165,24.044,1
51.297,-76.252,-91.685,15.433,17.256,0.02,30.302,0
32.82,-67.972,-91.788,23.816,12.9,0.201,17.799,0
148.356,-75.387,-90.481,15.094,12.036,0.02,36.834,0
48.934,-76.837,-95.666,18.83,2.048,0.1649,15.349,0
37.199,-70.866,-89.773,18.907,10.837,0.2228,24.352,0
33.532,-74.138,-98.461,24.322,21.471,0.4141,31.796,0
59.209,-77.158,-94.337,17.179,11.239,0.02,29.494,0
92.848,-84.631,-97.47,12.838,14.304,0.02,31.403,0
118.382,-77.156,-89.101,11.945,6.246,0.02,33.779,0
57.864,-74.345,-90.6,16.255,4.398,0.0627,15.59,0
95.766,-77.72,-90.404,12.684,2.875,0.02,24.769,0
74.899,-74.018,-86.844,12.826,19.09,0.02,38.369,0
127.742,-80.312,-93.106,12.794,7.379,0.02,30.55,0
87.511,-79.811,-89.866,10.055,17.38,0.02,34.445,0
47.034,-75.705,-91.769,16.064,5.608,0.2049,18.085,0
107.02,-82.653,-92.302,9.648,18.209,0.02,41.405,0
123.909,-74.638,-87.427,12.789,8.653,0.02,33.531,0
72.489,-72.986,-84.713,11.728,6.198,0.02,23.185,0
148.144,-75.933,-93.51,17.577,6.242,0.02,27.068,0
132.469,-83.37,-89.082,5.712,15.392,0.02,46.421,0
33.558,-69.389,-90.883,21.494,11.218,0.0841,20.671,0
119.08,-76.979,-90.841,13.862,15.462,0.02,35.63,0
92.138,-77.762,-91.135,13.373,21.263,0.02,40.058,0
82.548,-71.131,-93.166,22.034,6.943,0.02,23.737,0
79.521,-75.632,-104.547,28.915,13.071,0.02,24.519,0
128.745,-79.126,-86.628,7.503,7.739,0.02,36.171,0
93.577,-83.584,-94.432,10.847,5.831,0.02,26.953,0
82.967,-75.536,-92.845,17.309,11.338,0.02,25.626,0
12.085,-59.745,-92.771,33.026,2.029,0.6834,8.869,1
70.004,-73.223,-94.743,21.52,16.638,0.02,28.1,0
136.666,-82.448,-91.159,8.711,10.385,0.02,43.06,0
108.202,-77.381,-92.155,14.774,4.582,0.02,24.031,0
12.388,-68.189,-94.508,26.319,10.571,0.4378,15.989,1
133.179,-82.931,-91.477,8.546,1.421,0.02,32.632,0
124.867,-76.377,-92.116,15.739,2.782,0.02,21.96,0
84.269,-71.387,-88.753,17.365,2.798,0.02,23.564,0
8.249,-55.075,-96.691,41.617,2.504,0.6924,9.502,1
86.552,-74.918,-94.819,19.901,7.102,0.02,21.811,0
12.915,-57.563,-89.461,31.899,10.532,0.5295,18.03,1
51.455,-79.377,-94.239,14.862,35.0,0.02,42.076,0
96.192,-76.545,-95.162,18.617,18.467,0.02,35.398,0
137.372,-82.178,-94.066,11.888,1.007,0.02,27.116,0
56.88,-86.528,-92.353,5.826,26.007,0.02,50.787,0
129.703,-79.995,-92.34,12.345,4.637,0.02,28.931,0
138.162,-80.897,-92.735,11.838,12.36,0.02,37.827,0
8.051,-59.061,-95.6,36.539,7.272,0.7165,19.406,1
39.717,-75.39,-89.294,13.904,27.158,0.0321,39.323,0
107.93,-78.738,-87.358,8.621,17.374,0.02,38.872,0
114.742,-76.454,-98.687,22.232,24.515,0.02,42.318,0
61.9,-72.844,-97.437,24.593,12.87,0.103,28.689,0
100.229,-79.246,-88.49,9.244,5.584,0.02,25.315,0
93.763,-85.764,-86.506,0.742,14.286,0.02,47.288,0
112.267,-84.101,-99.452,15.351,21.271,0.02,39.873,0
109.205,-73.196,-89.146,15.95,3.981,0.02,24.931,0
17.451,-67.535,-86.267,18.732,11.694,0.3434,20.702,0
27.946,-68.124,-95.018,26.895,16.01,0.2372,26.297,1
24.245,-65.079,-86.471,21.392,5.148,0.277,18.483,1
140.21,-79.587,-92.623,13.036,6.276,0.02,29.135,0
137.464,-79.847,-90.899,11.052,7.795,0.02,31.934,0
120.625,-81.469,-94.517,13.049,11.782,0.02,32.768,0
21.924,-60.322,-88.496,28.174,8.663,0.4978,18.427,1
88.269,-79.693,-89.079,9.387,9.377,0.02,33.912,0
32.148,-70.401,-85.964,15.563,29.162,0.0447,39.392,0
58.416,-71.269,-86.958,15.689,8.4,0.0454,25.565,0
43.728,-72.879,-92.032,19.153,23.28,0.1842,33.787,0
125.195,-84.738,-81.121,-3.617,35.0,0.02,74.953,0
25.945,-71.746,-87.272,15.527,4.324,0.3852,12.557,0
98.696,-82.712,-90.108,7.396,17.712,0.02,44.8,0
147.665,-82.031,-95.49,13.459,5.907,0.02,33.874,0
104.623,-78.451,-97.355,18.904,17.15,0.02,35.532,0
16.489,-61.766,-97.058,35.291,5.733,0.6388,12.584,1
136.638,-77.216,-95.268,18.052,0.861,0.02,20.812,0
98.247,-77.983,-87.179,9.196,15.344,0.02,39.028,0
71.165,-72.246,-90.295,18.05,9.601,0.02,23.943,0
100.655,-86.503,-94.147,7.644,21.856,0.02,47.354,0
132.461,-85.523,-92.476,6.953,5.66,0.02,35.421,0
74.183,-80.051,-92.902,12.851,8.331,0.02,24.043,0
82.042,-72.747,-89.2,16.453,5.411,0.02,20.889,0
70.605,-79.964,-95.076,15.111,2.692,0.02,18.008,0
15.526,-65.192,-90.776,25.584,11.444,0.4718,17.421,1
119.125,-81.437,-90.95,9.513,8.364,0.02,35.925,0
23.33,-65.508,-94.971,29.463,1.352,0.538,16.088,1
62.213,-77.419,-86.442,9.023,22.378,0.02,43.246,0
61.089,-73.487,-93.034,19.548,9.228,0.02,23.097,0
45.606,-72.613,-95.475,22.862,5.273,0.2842,13.877,1
63.364,-73.623,-89.015,15.391,15.499,0.02,30.127,0
94.611,-74.808,-91.809,17.001,18.836,0.02,32.966,0
50.151,-67.825,-90.571,22.746,2.99,0.2496,18.383,0
30.014,-69.048,-96.146,27.099,2.534,0.4387,17.786,1
131.058,-81.548,-89.157,7.609,6.283,0.02,35.415,0
145.771,-80.253,-84.397,4.144,12.022,0.02,46.98,0
71.495,-72.585,-96.42,23.835,25.133,0.02,39.102,0
52.418,-71.554,-90.76,19.206,0.334,0.317,10.366,0
11.885,-64.6,-94.749,30.148,30.5,0.4119,36.887,1
10.343,-59.696,-82.586,22.89,9.981,0.514,17.294,1
61.968,-74.42,-87.661,13.241,21.226,0.02,35.562,0
139.885,-78.369,-91.013,12.643,20.195,0.02,38.413,0
110.953,-82.164,-96.298,14.134,8.373,0.02,29.111,0
55.644,-75.865,-95.451,19.586,6.163,0.1134,25.255,0
145.367,-80.807,-89.388,8.581,12.668,0.02,41.889,0
67.17,-71.396,-96.769,25.372,10.181,0.02,20.281,0
45.135,-67.606,-96.659,29.053,5.009,0.4346,19.021,1
66.821,-74.83,-91.969,17.139,8.386,0.02,20.058,0
35.674,-66.999,-91.533,24.534,6.697,0.379,17.671,1
133.418,-80.889,-90.67,9.781,9.023,0.02,34.995,0
57.37,-78.196,-93.538,15.342,18.809,0.04,27.092,0
100.405,-81.162,-88.779,7.617,6.653,0.02,35.141,0
61.412,-75.038,-95.016,19.979,10.987,0.024,22.305,0
135.751,-80.632,-89.807,9.175,8.257,0.02,33.164,0
98.145,-74.312,-91.251,16.939,8.179,0.02,25.907,0
75.797,-73.649,-89.898,16.249,7.234,0.0315,29.271,0
24.161,-68.372,-87.863,19.491,12.941,0.5193,24.606,1
135.778,-77.869,-93.594,15.725,0.511,0.02,21.941,0
84.288,-78.506,-94.314,15.808,13.098,0.02,35.8,0
46.333,-77.898,-97.909,20.012,10.448,0.1343,17.642,0
132.299,-83.294,-99.067,15.773,9.926,0.02,31.602,0
12.894,-62.125,-92.616,30.491,14.513,0.4417,26.932,1
50.541,-71.802,-92.376,20.574,1.559,0.1343,11.911,0
82.84,-82.119,-95.801,13.683,18.373,0.02,35.418,0
54.273,-68.879,-95.049,26.17,7.051,0.2836,18.197,1
74.126,-69.985,-86.668,16.683,6.717,0.1373,20.609,0
43.326,-67.204,-88.935,21.73,4.067,0.527,17.019,1
23.862,-65.502,-96.416,30.914,4.57,0.5425,10.087,1
10.344,-59.491,-93.548,34.058,1.49,0.6463,7.859,1
27.859,-68.87,-90.579,21.709,9.304,0.3199,19.255,1
143.177,-78.945,-94.193,15.248,5.622,0.02,22.99,0
88.433,-76.338,-94.83,18.492,16.311,0.02,30.603,0
75.899,-74.063,-93.184,19.12,11.428,0.02,22.071,0
60.727,-73.028,-88.183,15.155,10.198,0.1434,19.59,0
107.721,-87.393,-87.865,0.472,6.144,0.02,46.944,0
25.483,-64.369,-94.574,30.205,7.529,0.4416,17.572,1
45.039,-74.587,-90.388,15.801,24.559,0.02,34.062,0
100.106,-81.111,-92.022,10.912,6.072,0.02,28.098,0
74.464,-73.255,-95.529,22.274,0.408,0.1364,16.599,0
116.663,-77.432,-93.04,15.607,7.262,0.02,25.007,0
135.081,-83.336,-96.425,13.089,3.587,0.02,25.528,0
124.389,-80.618,-87.929,7.311,6.786,0.02,39.926,0
31.71,-72.939,-86.566,13.628,8.927,0.2009,19.587,0
18.263,-67.652,-93.437,25.785,3.646,0.3611,16.461,1
29.569,-65.912,-94.272,28.36,1.364,0.4659,10.798,1
118.612,-80.345,-88.309,7.964,7.377,0.02,38.227,0
137.506,-82.208,-87.743,5.535,22.293,0.02,55.706,0
139.19,-77.615,-95.9,18.285,8.569,0.02,31.035,0
48.241,-74.19,-92.518,18.328,10.687,0.0716,23.167,0
126.849,-76.436,-92.206,15.77,6.498,0.02,28.317,0
82.754,-72.864,-94.698,21.834,12.142,0.02,30.84,0
124.305,-77.721,-90.649,12.928,14.656,0.02,34.32,0
84.513,-76.744,-94.45,17.706,19.481,0.02,37.706,0
26.155,-68.653,-93.891,25.238,23.595,0.3877,31.106,0
16.487,-64.348,-92.355,28.007,11.209,0.5028,15.208,1
143.797,-79.769,-97.212,17.443,19.873,0.02,41.975,0
66.741,-79.803,-99.198,19.395,16.375,0.02,31.485,0
55.825,-74.462,-88.786,14.324,12.363,0.02,26.912,0
56.664,-72.377,-94.591,22.214,8.423,0.1091,20.399,0
59.945,-72.674,-84.528,11.854,0.945,0.088,16.903,0
142.025,-77.4,-85.099,7.698,33.266,0.02,61.041,0
14.092,-64.657,-93.773,29.116,9.411,0.5012,18.294,1
22.264,-71.917,-83.813,11.897,5.954,0.3778,19.242,0
119.499,-78.083,-88.718,10.635,5.973,0.02,28.825,0
84.664,-75.076,-94.259,19.182,14.508,0.02,28.875,0
23.638,-68.983,-101.036,32.053,2.851,0.6233,10.851,1
9.997,-64.374,-89.591,25.217,22.249,0.2232,27.345,1
37.514,-71.442,-91.89,20.448,11.095,0.212,23.557,0
42.818,-71.087,-90.49,19.403,4.93,0.24,13.747,0
7.061,-61.816,-92.801,30.985,13.117,0.5523,21.334,1
36.333,-68.574,-96.003,27.429,15.419,0.2101,24.158,1
112.056,-71.055,-93.495,22.44,4.748,0.02,24.154,0
129.038,-82.663,-89.527,6.863,12.785,0.02,41.487,0
135.244,-83.147,-93.24,10.094,6.557,0.02,33.741,0
61.538,-75.087,-93.261,18.174,6.661,0.0754,17.996,0
51.315,-68.411,-97.318,28.907,7.258,0.1757,20.389,1
149.98,-79.507,-91.681,12.174,0.5,0.02,22.832,0
116.554,-79.467,-95.892,16.425,18.422,0.02,35.989,0
82.916,-78.609,-88.785,10.177,6.785,0.02,25.837,0
41.942,-65.744,-94.569,28.825,6.585,0.2743,16.468,1
51.589,-76.147,-93.035,16.888,20.216,0.2942,30.493,0
79.728,-75.863,-84.426,8.564,11.843,0.02,37.406,0
83.602,-77.817,-93.073,15.256,4.285,0.02,15.969,0
6.983,-62.132,-93.542,31.41,10.67,0.7918,13.593,1
144.113,-80.795,-89.95,9.156,12.141,0.02,44.294,0
88.463,-76.165,-98.248,22.083,7.563,0.02,22.759,0
90.428,-78.031,-87.622,9.591,27.511,0.02,44.985,0
35.663,-75.177,-88.521,13.344,7.309,0.3276,19.378,0
115.923,-81.426,-90.164,8.738,8.65,0.02,34.916,0
111.903,-80.444,-103.82,23.376,8.923,0.02,25.741,0
18.798,-66.784,-92.908,26.124,14.709,0.4123,23.648,1
91.274,-79.352,-96.455,17.103,3.908,0.02,16.364,0
100.438,-79.352,-88.066,8.713,16.095,0.02,41.391,0
126.157,-86.362,-88.316,1.954,35.0,0.02,69.161,0
34.883,-69.35,-90.642,21.292,2.226,0.3587,13.28,1
132.257,-80.915,-96.211,15.296,4.16,0.02,27.14,0
71.915,-76.938,-86.77,9.832,1.891,0.0562,26.588,0
18.996,-63.574,-92.918,29.344,0.769,0.495,14.492,1
20.315,-62.213,-85.681,23.468,4.053,0.3874,8.841,1
33.682,-66.676,-91.071,24.395,4.31,0.3767,16.073,1
45.999,-70.178,-90.226,20.048,15.48,0.0723,28.391,0
76.979,-74.278,-93.611,19.333,19.848,0.02,32.019,0
113.569,-79.304,-87.076,7.771,10.61,0.02,38.878,0
32.075,-65.942,-89.87,23.929,18.197,0.312,30.829,0
148.935,-79.223,-86.95,7.727,14.533,0.02,45.555,0
28.421,-70.958,-91.379,20.421,5.169,0.2818,18.653,1
91.91,-79.559,-92.165,12.606,11.614,0.02,30.778,0
139.696,-78.405,-89.917,11.512,3.591,0.02,31.139,0
125.714,-76.495,-86.951,10.456,8.65,0.02,36.943,0
98.944,-78.46,-88.441,9.981,10.156,0.02,31.245,0
108.746,-81.981,-91.516,9.535,13.342,0.02,39.517,0
24.46,-68.767,-98.5,29.734,25.532,0.2117,32.135,1
6.401,-60.604,-89.164,28.56,2.683,0.6674,14.009,1
67.952,-73.914,-97.035,23.121,8.471,0.0797,21.573,0
17.98,-68.256,-91.877,23.621,22.463,0.1939,29.136,0
56.874,-76.888,-92.405,15.517,4.826,0.1194,15.872,0
37.443,-64.408,-96.962,32.555,3.746,0.4591,14.942,1
137.87,-80.861,-90.696,9.836,14.314,0.02,43.227,0
132.608,-83.888,-84.46,0.571,12.765,0.02,53.094,0
123.747,-77.533,-93.094,15.561,1.91,0.02,27.602,0
108.522,-82.675,-89.319,6.645,5.497,0.02,34.361,0
27.34,-66.362,-83.755,17.393,3.2,0.3992,11.425,1
12.013,-59.151,-88.981,29.83,3.214,0.6794,11.762,1
99.814,-70.117,-94.257,24.14,12.094,0.02,29.718,0
98.127,-77.806,-91.17,13.364,12.074,0.02,27.78,0
58.567,-75.777,-90.317,14.54,8.508,0.02,25.432,0
73.54,-73.59,-86.982,13.392,2.644,0.02,19.343,0
75.927,-70.245,-87.751,17.506,3.314,0.02,22.815,0
39.79,-70.18,-101.695,31.515,11.347,0.5144,25.526,1
50.554,-69.011,-94.997,25.986,2.16,0.2611,16.652,1
65.666,-70.875,-92.245,21.37,1.308,0.2968,15.689,0
92.461,-74.926,-95.554,20.628,5.864,0.02,19.994,0
143.594,-84.244,-104.95,20.706,8.539,0.02,28.468,0
83.08,-79.208,-94.54,15.332,1.554,0.0794,15.016,0
111.019,-83.624,-92.013,8.389,11.716,0.02,36.104,0
122.015,-82.353,-93.838,11.486,7.806,0.02,32.865,0
21.459,-68.974,-95.489,26.515,3.025,0.5821,13.683,1
99.703,-72.048,-91.855,19.807,9.156,0.02,22.32,0
74.906,-76.122,-90.799,14.677,0.964,0.02,15.589,0
88.002,-75.882,-93.64,17.758,6.268,0.02,20.417,0
10.57,-62.234,-87.199,24.965,6.5,0.532,18.55,1
136.401,-79.117,-91.798,12.681,8.621,0.02,27.404,0
143.154,-79.989,-95.05,15.062,9.447,0.02,35.614,0
5.505,-62.401,-95.936,33.535,14.823,0.4993,23.342,1
35.855,-68.543,-92.745,24.202,8.236,0.3298,12.596,1
31.128,-70.161,-88.103,17.942,2.074,0.3669,11.376,1
118.289,-79.876,-94.883,15.007,3.76,0.02,24.329,0
91.722,-83.135,-89.914,6.779,35.0,0.02,58.479,0
30.713,-65.496,-91.669,26.173,1.544,0.4183,11.778,1
123.026,-85.24,-85.024,-0.216,30.549,0.02,74.788,0
56.254,-77.058,-90.634,13.576,27.57,0.02,39.374,0
71.824,-72.714,-94.444,21.73,2.03,0.0812,14.305,0
61.159,-74.983,-89.423,14.439,16.77,0.02,32.283,0
80.6,-76.028,-89.305,13.277,11.584,0.02,25.392,0
74.621,-81.783,-93.39,11.606,18.952,0.02,39.026,0
44.815,-70.641,-96.074,25.433,3.91,0.4278,17.461,1
66.561,-78.057,-90.124,12.067,11.623,0.02,33.787,0
136.709,-84.22,-91.778,7.558,4.753,0.02,37.404,0
77.92,-76.086,-97.308,21.222,3.077,0.0604,17.976,0
137.876,-81.42,-91.109,9.689,9.076,0.02,37.318,0
84.768,-68.68,-94.229,25.55,14.461,0.02,34.838,0
116.479,-76.65,-97.305,20.655,13.511,0.02,31.965,0
47.571,-71.828,-93.232,21.405,17.634,0.1932,28.093,0
119.61,-79.123,-87.51,8.386,4.197,0.02,32.834,0
43.327,-76.048,-87.772,11.724,27.436,0.02,42.801,0
7.835,-52.181,-88.686,36.505,8.874,0.6489,15.829,1
28.306,-69.538,-91.058,21.52,2.916,0.5598,10.872,1
8.14,-60.964,-89.915,28.951,16.712,0.7081,22.176,1
142.324,-74.334,-91.655,17.321,7.946,0.02,27.171,0
149.997,-81.865,-95.868,14.003,5.298,0.02,28.78,0
115.523,-77.967,-95.169,17.202,7.988,0.02,25.207,0
20.679,-65.17,-94.125,28.955,1.254,0.5601,10.748,1
135.347,-85.337,-87.095,1.758,23.755,0.02,61.074,0
112.848,-76.86,-88.232,11.371,12.643,0.02,36.402,0
53.175,-76.551,-95.78,19.228,8.886,0.0655,18.908,0
77.83,-73.064,-91.813,18.749,6.586,0.02,25.968,0
100.955,-78.244,-93.409,15.165,18.252,0.02,37.636,0
8.487,-60.925,-92.543,31.618,24.708,0.5128,32.435,1
77.723,-75.166,-93.876,18.71,2.589,0.02,19.943,0
111.197,-77.161,-87.08,9.919,8.877,0.02,31.383,0
32.293,-67.096,-92.066,24.97,11.062,0.4154,19.725,1
69.35,-81.127,-91.243,10.117,18.135,0.02,36.91,0
82.217,-80.891,-91.215,10.324,14.049,0.02,31.859,0
111.657,-77.16,-95.597,18.438,11.611,0.02,28.67,0
144.846,-77.569,-91.62,14.051,8.235,0.02,36.905,0
128.0,-77.579,-88.282,10.703,2.27,0.02,29.126,0
95.12,-74.583,-86.846,12.263,9.37,0.02,33.605,0
89.628,-77.508,-96.017,18.509,6.828,0.02,26.768,0
92.462,-71.985,-97.315,25.33,2.571,0.0399,17.201,0
84.051,-79.777,-91.783,12.006,24.75,0.02,42.963,0
13.608,-66.047,-88.118,22.071,8.769,0.5012,16.26,1
106.253,-74.717,-90.741,16.024,13.77,0.02,33.348,0
108.869,-75.344,-89.619,14.275,7.088,0.02,27.457,0
79.31,-76.238,-96.761,20.523,3.408,0.02,23.163,0
131.206,-81.897,-94.002,12.105,14.51,0.02,38.748,0
102.503,-79.366,-99.686,20.32,25.903,0.02,43.629,0
57.586,-78.573,-92.499,13.925,17.95,0.02,29.809,0
7.856,-59.575,-99.575,40.0,11.984,0.5604,15.907,1
13.578,-63.829,-87.336,23.507,6.903,0.5539,17.248,1
56.011,-73.212,-86.558,13.346,10.336,0.02,25.589,0
72.005,-82.434,-91.508,9.074,14.178,0.02,37.641,0
29.196,-71.267,-97.294,26.027,6.419,0.3099,20.235,1
32.453,-70.043,-90.685,20.642,14.038,0.2797,24.721,0
38.381,-67.474,-85.493,18.019,7.346,0.3166,20.523,0
118.174,-77.545,-90.335,12.79,0.873,0.02,26.251,0
116.837,-75.449,-87.853,12.404,3.594,0.02,26.185,0
60.526,-78.305,-93.698,15.394,7.661,0.1153,19.448,0
29.993,-70.666,-95.049,24.383,9.358,0.2536,24.368,1
21.082,-67.501,-92.248,24.747,16.71,0.3733,26.112,1
17.634,-66.11,-98.743,32.634,10.823,0.5312,20.222,1
61.735,-70.512,-84.076,13.564,1.675,0.1035,15.234,0
11.604,-64.455,-91.511,27.057,14.17,0.4642,22.532,1
53.377,-73.521,-88.966,15.445,6.628,0.02,20.109,0
144.422,-76.859,-93.615,16.756,2.249,0.02,22.125,0
78.588,-78.57,-97.401,18.831,14.079,0.02,30.377,0
124.283,-83.191,-87.01,3.819,15.703,0.02,49.575,0
23.744,-66.383,-95.934,29.552,9.761,0.5544,13.634,1
43.871,-75.228,-90.779,15.551,11.226,0.0234,21.181,0
142.249,-75.913,-90.449,14.536,9.517,0.02,33.86,0
60.615,-80.614,-91.741,11.127,13.749,0.0803,29.613,0
99.019,-78.144,-94.746,16.602,7.507,0.02,30.704,0
146.538,-73.745,-92.524,18.779,0.766,0.02,24.538,0
84.864,-69.478,-95.325,25.847,3.65,0.02,25.362,0
49.275,-72.039,-89.168,17.129,4.335,0.1895,14.074,0
82.133,-72.469,-90.0,17.53,6.661,0.02,19.183,0
12.922,-60.726,-92.075,31.349,7.267,0.57,15.235,1
21.294,-71.161,-93.989,22.829,23.087,0.3677,27.737,0
6.04,-56.643,-84.624,27.981,8.66,0.4812,15.257,1
133.21,-82.638,-96.557,13.919,11.221,0.02,36.903,0
102.336,-82.211,-97.406,15.195,7.739,0.02,24.429,0
48.258,-71.146,-92.287,21.141,9.527,0.0477,17.422,0
37.068,-69.457,-92.903,23.447,11.128,0.4225,22.475,1
104.046,-83.249,-88.158,4.91,18.001,0.02,52.039,0
138.332,-82.041,-89.739,7.697,17.71,0.02,43.32,0
48.375,-74.762,-91.897,17.134,2.168,0.2774,11.412,0
51.626,-73.503,-90.249,16.746,4.485,0.1325,17.338,0
128.865,-80.212,-90.312,10.1,6.621,0.02,30.712,0
134.539,-79.004,-84.638,5.633,16.744,0.02,49.218,0
137.535,-81.605,-91.113,9.508,10.369,0.02,42.376,0
47.507,-75.878,-94.384,18.505,7.241,0.18,18.324,0
22.445,-60.848,-91.305,30.457,2.804,0.6735,13.912,1
68.8,-74.652,-101.165,26.513,14.596,0.1527,29.34,0
47.886,-71.726,-92.114,20.388,18.571,0.07,27.519,0
133.161,-76.745,-88.175,11.43,3.814,0.02,27.109,0
10.312,-57.529,-89.892,32.364,1.608,0.5506,12.966,1
96.913,-75.913,-90.955,15.042,8.119,0.02,25.121,0
136.396,-78.234,-89.728,11.493,8.282,0.02,34.525,0
146.617,-82.547,-88.139,5.591,22.269,0.02,55.787,0
99.269,-78.122,-87.012,8.89,5.195,0.02,30.836,0
142.739,-76.519,-90.434,13.915,4.451,0.02,28.284,0
15.971,-64.723,-93.106,28.384,4.297,0.5735,10.671,1
57.095,-72.171,-100.097,27.926,3.01,0.119,17.392,1
6.264,-56.933,-88.576,31.644,7.385,0.6855,12.769,1
147.272,-80.188,-90.197,10.009,15.226,0.02,49.233,0
135.895,-84.13,-91.466,7.336,15.694,0.02,47.975,0
9.068,-59.163,-94.408,35.245,3.15,0.7023,12.447,1
7.629,-64.447,-88.622,24.175,17.243,0.3832,21.618,1
58.211,-73.273,-92.9,19.627,8.761,0.1683,24.467,0
42.488,-67.76,-92.12,24.36,1.153,0.6054,12.101,1
127.805,-74.924,-92.196,17.272,14.01,0.02,34.902,0
28.27,-68.883,-90.426,21.542,17.893,0.3786,25.26,0
119.644,-75.568,-96.02,20.452,5.486,0.02,20.114,0
85.397,-79.705,-90.031,10.326,8.612,0.02,34.688,0
59.722,-72.057,-94.523,22.467,7.183,0.1676,21.884,0
26.129,-71.683,-94.4,22.718,9.228,0.2746,17.939,1
149.665,-76.412,-88.902,12.489,7.006,0.02,37.702,0
94.608,-80.617,-95.483,14.865,9.937,0.02,26.546,0
68.71,-76.281,-88.908,12.627,0.706,0.1283,21.852,0
58.813,-70.923,-91.645,20.723,5.293,0.0837,14.561,0
136.331,-74.466,-97.769,23.303,7.676,0.02,27.721,0
124.073,-76.712,-87.224,10.512,12.853,0.02,37.528,0
122.622,-78.439,-90.914,12.475,0.719,0.02,21.977,0
94.349,-81.971,-90.621,8.649,17.955,0.02,40.274,0
133.754,-80.853,-88.475,7.622,8.659,0.02,39.869,0
48.395,-73.784,-86.753,12.969,16.94,0.1043,30.493,0
107.037,-78.72,-91.296,12.577,10.992,0.02,31.498,0
63.645,-79.99,-89.839,9.849,21.136,0.02,39.321,0
92.0,-73.681,-90.701,17.02,11.513,0.02,30.113,0
149.732,-75.044,-93.2,18.156,1.73,0.02,21.418,0
147.756,-75.534,-97.542,22.008,13.296,0.02,34.877,0
79.33,-81.053,-91.248,10.195,9.321,0.02,29.922,0
88.21,-78.371,-87.174,8.803,5.0,0.02,28.67,0
135.112,-79.082,-89.958,10.876,9.634,0.02,30.508,0
147.917,-80.865,-95.736,14.871,11.715,0.02,33.415,0
117.898,-80.316,-88.159,7.842,10.035,0.02,37.307,0
14.452,-65.387,-93.083,27.697,2.214,0.631,12.13,1
51.783,-78.745,-99.322,20.577,22.543,0.0492,41.15,0
135.002,-74.766,-88.437,13.672,14.711,0.02,37.031,0
116.411,-82.801,-95.309,12.508,8.237,0.02,31.706,0
112.624,-82.637,-85.767,3.13,6.612,0.02,39.872,0
101.849,-83.82,-87.983,4.162,21.56,0.02,53.197,0
65.213,-74.262,-92.797,18.535,9.963,0.02,23.207,0
63.47,-73.949,-90.392,16.443,2.361,0.02,14.406,0
122.295,-80.299,-83.516,3.217,21.627,0.02,53.914,0
47.598,-73.938,-88.5,14.562,5.802,0.1033,19.781,0
104.301,-76.312,-91.166,14.854,2.336,0.02,19.053,0
110.3,-78.267,-81.888,3.621,10.117,0.02,41.709,0
127.461,-73.727,-91.588,17.862,4.742,0.02,28.31,0
51.383,-67.37,-89.964,22.594,7.585,0.1805,23.788,0
112.574,-79.359,-95.277,15.918,11.332,0.02,27.133,0
20.441,-62.264,-97.862,35.598,0.219,0.5513,12.884,1
25.019,-67.538,-93.007,25.469,9.182,0.4114,14.667,1
65.514,-74.266,-91.866,17.6,18.502,0.02,28.823,0
13.008,-61.004,-90.848,29.844,2.572,0.4202,8.578,1
142.416,-76.173,-96.969,20.796,0.536,0.02,21.47,0
135.775,-78.397,-89.688,11.29,15.075,0.02,40.334,0
12.095,-61.635,-94.906,33.271,8.854,0.5226,14.035,1
126.555,-79.511,-89.869,10.358,12.343,0.02,37.169,0
78.787,-72.204,-88.728,16.523,5.865,0.02,18.787,0
106.785,-78.656,-93.384,14.728,9.899,0.02,28.548,0
133.605,-83.917,-95.373,11.456,21.795,0.02,46.227,0
88.661,-82.138,-86.597,4.459,12.476,0.02,46.32,0
21.867,-64.554,-88.945,24.391,2.885,0.7048,8.406,1
5.374,-56.913,-91.468,34.555,17.445,0.6359,27.063,1
77.054,-80.75,-86.861,6.11,7.867,0.02,38.068,0
142.639,-80.293,-91.709,11.415,0.839,0.02,26.684,0
88.03,-73.483,-94.172,20.689,4.027,0.02,19.497,0
59.076,-73.24,-95.506,22.266,3.249,0.1061,17.646,0
9.484,-60.796,-92.377,31.581,7.568,0.6398,18.269,1
137.672,-78.858,-89.299,10.441,17.79,0.02,39.021,0
52.438,-74.572,-87.136,12.564,14.584,0.02,28.617,0
107.193,-76.126,-91.918,15.791,4.9,0.02,24.21,0
105.664,-81.765,-87.754,5.989,11.613,0.02,41.797,0
41.813,-69.803,-92.75,22.947,5.499,0.408,17.186,1
14.248,-67.604,-94.736,27.132,6.555,0.4815,11.243,1
60.825,-78.357,-96.572,18.215,10.523,0.0299,22.3,0
50.984,-73.158,-93.772,20.614,2.562,0.1707,14.421,0
106.537,-76.016,-96.44,20.424,7.031,0.02,22.751,0
123.868,-78.569,-84.967,6.398,7.113,0.02,41.601,0
37.255,-72.202,-90.462,18.261,4.393,0.2831,14.74,0
81.594,-74.067,-92.335,18.267,11.484,0.0525,24.35,0
10.888,-61.763,-85.973,24.21,11.557,0.5732,24.386,1
36.067,-66.301,-96.558,30.257,3.531,0.4343,15.901,1
115.455,-79.981,-92.48,12.499,2.469,0.02,25.669,0
120.043,-74.37,-85.001,10.631,7.934,0.02,32.931,0
117.579,-72.975,-92.504,19.529,3.897,0.02,21.578,0
25.646,-64.814,-83.436,18.622,5.941,0.2567,13.813,0
84.9,-73.251,-89.25,15.999,0.178,0.02,13.717,0
66.293,-72.882,-87.429,14.547,7.058,0.1015,20.777,0
148.766,-78.82,-87.328,8.508,6.177,0.02,33.735,0
99.84,-80.457,-91.994,11.537,2.663,0.02,27.479,0
140.604,-82.779,-93.709,10.93,13.994,0.02,38.668,0
26.076,-67.999,-92.404,24.405,6.053,0.4089,18.196,1
70.377,-78.206,-95.454,17.248,8.699,0.02,20.777,0
116.883,-75.291,-92.231,16.94,13.474,0.02,32.781,0
58.339,-72.975,-92.015,19.04,12.021,0.0959,21.139,0
96.714,-70.634,-86.088,15.454,1.983,0.02,17.858,0
79.197,-73.629,-89.924,16.295,9.016,0.02,22.73,0
148.83,-83.636,-83.731,0.095,4.33,0.02,48.27,0
30.212,-66.942,-99.558,32.616,16.819,0.2956,23.013,1
140.626,-84.541,-96.26,11.719,25.016,0.02,52.794,0
63.228,-72.212,-93.244,21.032,18.372,0.02,30.798,0
72.859,-71.848,-86.776,14.928,13.782,0.02,27.625,0
81.647,-71.879,-92.384,20.504,7.633,0.02,19.396,0
43.478,-69.733,-97.137,27.405,14.62,0.1872,26.266,0
144.73,-77.353,-92.858,15.505,1.339,0.02,26.414,0
137.166,-78.998,-96.192,17.194,4.773,0.02,23.678,0
146.071,-75.124,-96.878,21.754,11.649,0.02,31.578,0
149.553,-79.181,-85.004,5.823,6.923,0.02,41.374,0
102.121,-77.732,-93.231,15.499,3.069,0.02,20.166,0
70.494,-74.348,-91.394,17.046,11.434,0.02,22.949,0
128.356,-78.271,-92.325,14.055,20.83,0.02,41.895,0
8.452,-59.231,-92.88,33.649,19.599,0.5368,29.412,1
125.989,-81.648,-94.942,13.295,4.838,0.02,27.156,0
77.106,-75.434,-93.087,17.653,23.327,0.02,34.442,0
102.617,-75.051,-90.82,15.769,5.613,0.02,20.514,0
59.237,-75.05,-87.035,11.985,9.178,0.02,32.456,0
58.45,-77.807,-88.684,10.877,16.241,0.02,33.129,0
9.599,-55.378,-96.267,40.889,0.682,0.9061,10.827,1
66.449,-70.144,-88.54,18.396,8.772,0.1087,18.374,0
64.211,-68.789,-90.336,21.547,3.798,0.2345,15.946,0
37.595,-74.183,-94.187,20.003,6.204,0.3356,20.034,0
40.862,-73.474,-91.363,17.889,16.237,0.0963,24.493,0
89.7,-76.006,-89.997,13.991,5.581,0.02,21.336,0
51.077,-68.172,-91.835,23.663,7.659,0.3374,20.893,0
125.387,-76.563,-90.319,13.757,7.985,0.02,27.813,0
21.151,-68.337,-95.02,26.683,13.22,0.3493,23.368,1
88.759,-77.609,-85.025,7.416,15.537,0.02,39.818,0
28.206,-66.906,-98.752,31.847,10.125,0.5024,19.673,1
81.595,-73.367,-89.978,16.61,6.037,0.02,23.212,0
85.119,-71.566,-90.716,19.15,9.554,0.02,23.957,0
98.133,-72.48,-89.75,17.27,5.82,0.02,19.907,0
66.977,-74.222,-94.479,20.258,24.657,0.02,35.793,0
78.874,-77.995,-87.908,9.913,7.673,0.02,27.425,0
31.238,-73.45,-92.378,18.928,18.049,0.24,26.126,0
72.137,-80.145,-96.152,16.007,18.126,0.02,31.54,0
59.089,-72.923,-95.832,22.909,10.16,0.02,23.064,0
101.589,-79.558,-91.564,12.005,11.117,0.02,34.614,0
68.049,-73.584,-97.588,24.004,11.147,0.0304,22.876,0
118.005,-77.299,-85.698,8.399,12.761,0.02,40.474,0
66.769,-72.853,-88.329,15.476,2.911,0.0249,20.714,0
39.187,-73.03,-85.606,12.576,32.222,0.02,45.121,0
44.685,-73.957,-85.975,12.018,9.454,0.2462,27.511,0
11.566,-69.323,-93.232,23.909,20.755,0.3493,27.693,1
83.288,-78.492,-95.043,16.551,9.592,0.02,26.97,0
125.478,-76.793,-101.372,24.58,10.014,0.02,29.099,0
116.521,-72.274,-93.422,21.148,5.035,0.02,20.658,0
68.479,-69.79,-85.82,16.03,5.682,0.1473,21.575,0
33.437,-68.928,-94.897,25.969,1.115,0.5087,13.267,1
130.205,-80.323,-92.735,12.412,28.276,0.02,50.189,0
13.233,-69.51,-93.941,24.431,18.451,0.2011,23.56,1
62.887,-68.844,-90.688,21.843,5.019,0.2264,22.693,0
129.209,-77.687,-87.499,9.812,8.899,0.02,38.178,0
62.011,-72.584,-97.387,24.804,12.891,0.02,24.216,0
22.092,-71.569,-96.717,25.148,3.148,0.6399,16.596,1
43.563,-69.45,-86.797,17.347,4.609,0.0936,19.924,0
92.004,-71.171,-89.434,18.264,7.988,0.02,23.882,0
27.045,-70.056,-92.908,22.852,21.743,0.2305,28.132,0
99.966,-76.927,-86.025,9.099,4.892,0.02,31.839,0
68.533,-76.445,-96.778,20.333,13.148,0.02,26.198,0
53.486,-78.948,-88.741,9.792,27.31,0.02,51.949,0
39.934,-72.744,-92.239,19.495,18.605,0.0442,26.158,0
124.383,-81.395,-89.877,8.482,2.799,0.02,35.994,0
62.518,-72.222,-100.355,28.133,5.844,0.1182,18.493,0
112.079,-74.736,-92.912,18.177,8.029,0.02,25.849,0
68.852,-75.225,-89.421,14.196,4.313,0.1138,17.788,0
18.321,-66.037,-92.222,26.185,16.57,0.3472,25.041,1
68.873,-73.772,-87.606,13.835,2.524,0.02,16.608,0
78.615,-73.807,-87.724,13.917,4.985,0.02,21.284,0
71.387,-72.8,-95.355,22.555,11.033,0.02,21.912,0
123.355,-77.585,-89.116,11.531,8.518,0.02,27.864,0
137.073,-76.128,-95.474,19.346,4.259,0.02,24.97,0
119.083,-79.99,-91.811,11.821,23.374,0.02,48.651,0
89.503,-72.974,-89.704,16.73,3.338,0.02,20.565,0
83.51,-76.453,-94.923,18.471,14.936,0.02,29.354,0
98.469,-77.057,-89.246,12.189,12.457,0.02,39.513,0
46.735,-70.905,-93.769,22.864,12.995,0.2095,18.55,0
122.718,-77.668,-94.032,16.364,1.81,0.02,22.589,0
129.243,-77.72,-89.527,11.807,8.102,0.02,30.47,0
43.746,-74.653,-94.926,20.273,10.284,0.2086,21.721,0
135.909,-85.523,-95.104,9.581,11.434,0.02,37.488,0
128.066,-78.583,-88.356,9.773,7.366,0.02,33.051,0
66.551,-77.876,-91.62,13.744,13.204,0.02,28.958,0
136.805,-73.595,-97.089,23.494,7.698,0.02,28.122,0
22.464,-68.512,-89.005,20.493,4.074,0.4838,12.066,1
9.058,-57.557,-93.423,35.866,4.31,0.5131,9.403,1
55.441,-76.079,-96.911,20.832,11.833,0.1688,26.079,0
86.988,-75.682,-100.776,25.094,4.49,0.02,20.122,0
55.959,-77.788,-88.838,11.05,13.942,0.063,28.569,0
141.6,-82.622,-95.01,12.387,4.463,0.02,25.561,0
41.933,-69.388,-96.353,26.965,3.003,0.4807,15.556,1
45.776,-77.157,-89.762,12.605,28.552,0.02,40.82,0
97.05,-77.344,-89.18,11.836,20.473,0.02,40.955,0
5.56,-53.715,-94.755,41.04,9.258,0.6941,23.201,1
110.496,-82.295,-88.806,6.511,5.665,0.02,38.025,0
59.733,-71.782,-84.808,13.026,14.121,0.0992,29.331,0
146.773,-87.921,-87.287,-0.635,32.773,0.02,69.834,0
105.256,-78.418,-87.831,9.413,6.233,0.02,36.0,0
12.571,-71.165,-90.901,19.735,27.767,0.3919,34.412,0
18.431,-69.31,-93.553,24.243,5.642,0.439,21.014,1
17.784,-70.086,-92.196,22.109,2.168,0.5361,9.677,1
143.13,-81.299,-90.457,9.158,8.888,0.02,35.248,0
104.187,-76.27,-96.401,20.131,1.762,0.02,23.577,0
67.003,-76.871,-94.693,17.822,13.612,0.02,27.557,0
34.07,-74.267,-96.997,22.73,2.802,0.4179,17.029,1
131.678,-86.045,-91.177,5.132,12.228,0.02,42.919,0
34.226,-71.496,-91.709,20.213,15.803,0.261,22.544,0
107.468,-79.158,-94.284,15.127,26.04,0.02,39.608,0
115.682,-76.525,-89.128,12.604,2.196,0.02,17.949,0
47.725,-66.069,-95.656,29.588,4.979,0.3031,15.946,1
78.213,-75.528,-94.414,18.886,6.524,0.02,17.01,0
37.333,-70.573,-89.268,18.696,12.744,0.3156,23.391,0
59.945,-73.861,-88.749,14.888,7.688,0.02,20.829,0
144.944,-81.444,-94.785,13.341,3.518,0.02,25.743,0
105.505,-77.801,-91.188,13.387,5.595,0.02,27.119,0
127.759,-77.023,-94.726,17.703,10.098,0.02,30.261,0
83.387,-73.155,-92.691,19.536,6.169,0.02,25.213,0
39.661,-73.036,-91.497,18.461,23.591,0.1392,37.816,0
108.368,-73.901,-90.039,16.138,11.364,0.02,29.396,0
77.582,-73.385,-90.889,17.504,3.521,0.02,20.008,0
30.643,-68.274,-91.044,22.77,8.281,0.2014,19.976,1
64.802,-70.955,-95.775,24.82,13.297,0.0833,31.265,0
97.052,-79.88,-90.641,10.761,10.634,0.02,29.687,0
111.623,-73.47,-90.071,16.601,5.87,0.02,23.023,0
40.267,-73.88,-89.589,15.709,7.311,0.1717,15.157,0
132.02,-80.166,-94.518,14.353,8.104,0.02,27.829,0
60.035,-81.192,-88.795,7.603,17.061,0.02,38.747,0
44.315,-72.12,-96.61,24.49,13.562,0.3342,22.444,0
33.292,-64.624,-93.508,28.884,2.135,0.5437,14.294,1
121.605,-84.551,-92.964,8.413,22.812,0.02,51.169,0
56.354,-78.211,-96.418,18.207,27.656,0.02,38.507,0
75.093,-75.759,-93.017,17.258,6.342,0.02,22.024,0
37.309,-72.061,-91.225,19.164,12.249,0.2055,27.191,0
104.483,-86.265,-98.39,12.125,35.0,0.02,54.872,0
118.25,-78.596,-93.381,14.785,8.637,0.02,24.567,0
54.217,-68.866,-98.119,29.253,10.068,0.1932,20.498,1
142.037,-82.61,-84.855,2.244,14.264,0.02,50.725,0
9.439,-62.892,-91.256,28.365,20.836,0.3768,31.235,1
24.277,-65.611,-91.56,25.949,1.489,0.3896,10.507,1
90.374,-77.989,-91.188,13.199,8.442,0.02,24.582,0
106.704,-79.59,-89.884,10.294,20.789,0.02,41.111,0
41.349,-73.743,-88.576,14.834,14.601,0.02,24.07,0
85.34,-75.743,-97.472,21.729,11.405,0.02,25.26,0
51.166,-73.394,-87.414,14.02,10.113,0.0586,21.68,0
85.343,-82.949,-87.64,4.69,20.084,0.02,51.229,0
100.603,-83.933,-92.232,8.3,13.386,0.02,38.756,0
146.057,-90.118,-92.416,2.298,26.276,0.02,63.835,0
71.076,-76.199,-102.86,26.661,7.62,0.0537,23.834,0
98.991,-73.428,-96.354,22.926,0.87,0.02,20.738,0
88.816,-80.866,-90.184,9.318,18.419,0.02,39.885,0
51.045,-73.283,-87.798,14.515,6.994,0.2552,23.092,0
41.694,-73.519,-89.449,15.93,9.101,0.2911,20.301,0
148.241,-83.176,-92.265,9.089,10.596,0.02,39.16,0
34.994,-63.063,-85.259,22.196,5.755,0.2689,18.957,1
119.59,-79.994,-88.482,8.488,2.702,0.02,32.489,0
26.255,-74.102,-93.378,19.276,17.609,0.1533,27.208,0
121.631,-79.908,-84.363,4.455,0.229,0.02,34.227,0
31.931,-74.37,-95.837,21.467,33.553,0.1271,41.386,0
145.238,-81.986,-97.151,15.165,9.281,0.02,29.05,0
104.468,-75.441,-93.474,18.033,0.891,0.02,18.718,0
18.067,-70.011,-94.655,24.644,19.466,0.4518,26.275,1
105.511,-78.243,-93.277,15.034,1.45,0.02,20.466,0
92.525,-78.513,-89.207,10.694,5.569,0.02,32.138,0
53.944,-77.447,-92.119,14.672,28.226,0.02,38.816,0
42.807,-70.307,-92.029,21.723,12.632,0.1826,25.613,0
109.22,-76.233,-91.794,15.561,11.305,0.02,29.43,0
112.497,-74.903,-100.093,25.19,12.453,0.02,33.326,0
52.445,-76.084,-97.303,21.22,4.073,0.1814,21.168,0
132.053,-83.458,-93.349,9.89,12.952,0.02,38.736,0
43.98,-75.217,-94.95,19.733,11.764,0.2165,18.717,0
15.13,-64.306,-92.811,28.505,8.009,0.5613,13.605,1
91.981,-83.069,-87.086,4.016,23.01,0.02,55.748,0
20.525,-70.055,-92.261,22.206,15.873,0.3368,25.134,1
45.116,-68.864,-96.628,27.764,3.156,0.362,12.908,1
78.542,-72.235,-94.776,22.541,6.536,0.02,25.743,0
46.522,-69.519,-86.013,16.494,5.495,0.3329,16.803,0
36.174,-68.626,-86.636,18.01,4.184,0.421,14.486,1
106.962,-82.497,-89.914,7.417,21.127,0.02,47.594,0
84.315,-75.869,-97.469,21.6,6.507,0.02,25.452,0
126.765,-77.259,-90.926,13.667,16.082,0.02,35.102,0
89.28,-75.679,-90.657,14.978,13.178,0.02,32.021,0
75.1,-71.788,-91.911,20.123,3.077,0.0786,19.687,0
42.882,-71.305,-93.995,22.69,21.122,0.0708,34.712,0
119.85,-79.787,-93.269,13.482,8.643,0.02,31.803,0
33.546,-67.63,-94.239,26.609,6.52,0.438,18.102,1
40.123,-71.071,-96.008,24.937,2.303,0.3288,15.825,1
127.03,-76.575,-87.219,10.644,4.409,0.02,31.004,0
112.473,-73.667,-88.912,15.245,3.569,0.02,20.697,0
93.867,-71.061,-92.997,21.936,1.729,0.02,20.597,0
10.643,-60.964,-90.767,29.804,12.49,0.5919,20.126,1
23.452,-65.301,-90.636,25.335,3.716,0.4729,16.848,1
77.494,-71.823,-83.8,11.977,9.709,0.02,31.789,0
113.219,-83.202,-88.946,5.744,19.647,0.02,51.423,0
72.295,-72.183,-89.078,16.896,14.79,0.02,31.02,0
7.507,-59.605,-91.867,32.262,10.862,0.6887,19.759,1
31.719,-67.627,-93.52,25.894,1.015,0.5108,13.341,1
90.371,-76.813,-87.161,10.347,1.739,0.02,23.534,0
105.661,-80.772,-89.717,8.946,5.264,0.02,32.414,0
9.847,-57.597,-94.903,37.306,11.514,0.5918,20.46,1
11.283,-60.174,-90.411,30.237,3.654,0.77,13.337,1
42.89,-71.754,-89.069,17.315,3.562,0.2681,16.177,0
17.108,-66.293,-99.335,33.042,18.979,0.4228,27.32,1
83.582,-77.029,-95.228,18.2,7.242,0.02,28.079,0
22.937,-71.067,-90.73,19.663,1.837,0.517,12.287,1
98.992,-78.625,-98.736,20.11,11.724,0.02,30.31,0
117.698,-81.698,-98.181,16.483,2.644,0.02,22.229,0
145.725,-80.019,-92.947,12.927,11.499,0.02,36.678,0
142.519,-74.787,-90.28,15.493,6.329,0.02,25.84,0
44.638,-73.946,-90.118,16.172,9.051,0.1226,19.187,0
9.264,-57.606,-86.462,28.856,3.465,0.5289,10.864,1
52.765,-74.498,-91.712,17.214,6.02,0.1724,15.243,0
107.73,-77.456,-93.304,15.848,5.304,0.02,23.901,0
13.671,-65.402,-96.576,31.174,3.891,0.5417,10.685,1
57.158,-71.31,-93.346,22.036,6.192,0.1737,16.649,0
48.215,-66.912,-89.524,22.611,1.022,0.4572,19.177,1
36.805,-71.121,-89.365,18.244,14.139,0.2725,27.348,0
107.389,-77.416,-91.074,13.658,13.553,0.02,38.019,0
100.569,-75.556,-90.085,14.529,6.504,0.02,24.486,0
82.647,-76.571,-87.533,10.961,6.667,0.02,27.264,0
137.062,-75.285,-91.737,16.452,5.999,0.02,28.21,0
19.955,-68.992,-87.214,18.222,14.11,0.2991,23.774,0
26.705,-72.373,-94.543,22.171,5.067,0.3868,14.514,1
60.6,-78.405,-92.257,13.852,16.524,0.02,28.783,0
100.103,-74.451,-93.683,19.232,2.374,0.02,21.783,0
89.691,-79.539,-89.226,9.686,16.589,0.02,35.53,0
15.736,-62.823,-95.551,32.728,0.672,0.8633,11.786,1
143.972,-80.226,-93.126,12.9,5.808,0.02,29.968,0
49.234,-73.212,-98.509,25.297,14.31,0.2921,27.9,0
57.051,-71.826,-89.92,18.093,15.948,0.1029,30.893,0
95.426,-71.411,-87.636,16.225,2.482,0.02,21.361,0
142.049,-83.554,-88.813,5.259,11.952,0.02,43.83,0
101.09,-75.301,-89.156,13.855,11.027,0.02,26.027,0
143.442,-80.224,-89.062,8.839,12.452,0.02,38.372,0
32.201,-78.612,-89.551,10.939,35.0,0.0447,47.287,0
94.727,-80.957,-89.85,8.892,35.0,0.02,53.943,0
125.187,-75.737,-89.624,13.886,19.527,0.02,39.612,0
78.809,-77.122,-94.295,17.172,3.733,0.02,17.07,0
57.515,-73.764,-92.701,18.937,5.525,0.1399,17.354,0
147.79,-85.213,-91.754,6.541,9.325,0.02,43.042,0
25.443,-67.824,-93.175,25.351,5.842,0.4528,16.824,1
64.585,-73.049,-97.482,24.433,3.755,0.1419,15.877,0
131.639,-75.034,-96.323,21.289,16.143,0.02,34.655,0
135.57,-81.219,-91.195,9.976,2.424,0.02,31.684,0
147.155,-75.759,-88.83,13.07,0.751,0.02,25.809,0
133.303,-79.635,-91.967,12.332,13.615,0.02,36.961,0
12.389,-57.257,-82.323,25.067,13.27,0.2853,22.909,1
139.816,-77.984,-95.219,17.235,1.823,0.02,21.399,0
67.084,-73.551,-90.443,16.892,1.772,0.1198,18.394,0
99.485,-74.786,-87.481,12.694,7.729,0.02,33.859,0
62.17,-73.025,-88.27,15.245,9.889,0.0631,23.836,0
122.982,-75.647,-89.707,14.06,6.0,0.02,25.909,0
88.508,-74.281,-88.254,13.973,4.983,0.02,19.168,0
127.604,-83.409,-91.806,8.397,7.363,0.02,35.401,0
33.097,-69.137,-86.18,17.043,12.851,0.1233,23.792,0
31.823,-66.747,-87.509,20.762,1.918,0.2849,12.623,1
68.855,-77.187,-94.983,17.796,8.721,0.02,22.605,0
5.689,-55.779,-90.875,35.095,3.756,0.7114,11.68,1
105.464,-88.64,-97.416,8.775,34.733,0.02,57.284,0
47.928,-71.768,-86.674,14.905,9.142,0.1547,21.012,0
85.808,-77.126,-91.215,14.089,22.139,0.02,35.762,0
15.151,-62.293,-87.279,24.987,12.339,0.3036,20.867,1
29.743,-70.862,-92.383,21.521,27.868,0.0895,36.447,0
95.315,-79.637,-98.497,18.86,7.474,0.02,27.753,0
49.321,-76.963,-82.769,5.806,8.309,0.1668,31.36,0
36.135,-67.244,-91.541,24.297,6.624,0.3573,19.409,1
38.183,-68.756,-95.501,26.744,4.224,0.374,17.737,1
36.149,-67.678,-87.99,20.312,2.057,0.3672,12.841,1
95.313,-72.427,-84.874,12.447,9.941,0.02,28.385,0
29.315,-75.259,-92.709,17.45,15.735,0.4,28.434,0
57.592,-67.998,-92.347,24.35,7.123,0.3257,16.918,0
104.744,-78.871,-91.167,12.296,5.231,0.02,24.936,0
79.482,-76.069,-95.888,19.82,21.614,0.02,32.72,0
91.606,-75.84,-94.417,18.577,2.967,0.02,18.142,0
41.382,-72.325,-85.763,13.438,8.014,0.219,20.949,0
140.244,-85.439,-92.463,7.024,13.726,0.02,49.252,0
65.012,-75.576,-94.931,19.355,3.671,0.0607,16.753,0
46.61,-70.732,-93.582,22.851,8.102,0.1087,25.212,0
136.127,-80.123,-88.245,8.122,16.143,0.02,48.022,0
100.017,-73.686,-98.916,25.229,3.623,0.02,20.003,0
94.022,-79.978,-91.109,11.131,12.575,0.02,32.905,0
133.577,-75.879,-83.382,7.503,1.455,0.02,33.653,0
13.488,-63.1,-84.891,21.791,7.014,0.5882,15.853,1
126.464,-79.167,-89.994,10.827,18.086,0.02,39.855,0
103.29,-77.095,-87.392,10.297,12.966,0.02,34.756,0
57.199,-77.127,-87.426,10.299,18.887,0.0702,33.432,0
42.171,-69.157,-92.44,23.283,0.485,0.3055,17.05,1
20.197,-64.765,-88.763,23.998,7.235,0.4608,16.88,1
141.456,-76.656,-85.74,9.084,3.947,0.02,33.201,0
25.577,-63.335,-96.423,33.088,7.54,0.4858,15.67,1
42.619,-75.133,-89.982,14.848,16.7,0.02,26.11,0
105.211,-84.384,-90.735,6.351,23.577,0.02,48.184,0
107.972,-78.74,-91.639,12.899,31.253,0.02,50.275,0
28.311,-71.98,-91.949,19.969,5.366,0.5258,17.601,1
123.049,-74.402,-91.189,16.787,1.226,0.02,25.327,0
78.992,-77.074,-90.895,13.821,0.845,0.0371,20.292,0
128.026,-79.894,-88.085,8.19,2.362,0.02,34.332,0
17.656,-67.108,-90.332,23.224,15.518,0.3618,26.647,1
11.21,-67.225,-92.623,25.398,11.301,0.5583,18.902,1
97.364,-80.912,-94.94,14.027,11.858,0.02,26.417,0
26.753,-73.159,-93.654,20.495,7.422,0.4814,19.3,1
81.118,-73.425,-91.086,17.661,5.35,0.0258,19.141,0
7.046,-61.697,-94.471,32.774,21.395,0.5717,27.735,1
118.09,-77.023,-88.689,11.666,0.472,0.02,22.372,0
135.432,-78.621,-90.495,11.874,2.569,0.02,31.116,0
126.638,-80.184,-87.998,7.814,13.368,0.02,44.881,0
143.961,-80.964,-94.236,13.272,5.848,0.02,26.573,0
135.949,-78.099,-94.909,16.81,15.087,0.02,35.428,0
69.383,-81.361,-88.024,6.663,13.976,0.02,41.791,0
62.76,-79.478,-91.545,12.067,12.855,0.02,29.635,0
134.947,-76.294,-92.709,16.415,12.349,0.02,32.571,0
139.406,-80.559,-89.555,8.996,16.175,0.02,47.321,0
146.061,-87.76,-89.685,1.925,16.182,0.02,54.813,0
116.406,-77.548,-96.395,18.847,8.173,0.02,26.782,0
34.288,-74.457,-87.154,12.697,6.548,0.2438,22.511,0
142.018,-76.483,-93.436,16.954,10.649,0.02,29.268,0
142.336,-79.391,-86.05,6.659,19.408,0.02,49.669,0
101.589,-70.433,-96.667,26.235,3.992,0.02,17.475,0
129.306,-79.898,-90.889,10.991,6.995,0.02,37.859,0
86.371,-79.476,-92.65,13.174,5.134,0.02,24.109,0
141.898,-80.535,-98.913,18.379,3.325,0.02,27.808,0
18.621,-66.801,-89.696,22.895,5.559,0.5598,11.883,1
130.275,-76.943,-98.734,21.791,2.226,0.02,26.129,0
13.048,-67.541,-93.021,25.48,1.907,0.7113,10.285,1
54.171,-76.655,-88.135,11.48,25.412,0.02,44.658,0
24.622,-69.718,-93.855,24.137,2.985,0.3792,12.645,1
74.475,-77.862,-95.163,17.301,12.772,0.02,24.232,0
38.676,-71.307,-89.199,17.892,31.202,0.1171,42.666,0
143.05,-78.951,-92.873,13.922,18.273,0.02,40.408,0
86.102,-75.068,-93.418,18.35,12.404,0.02,24.842,0
135.171,-78.81,-87.538,8.728,14.043,0.02,38.825,0
45.318,-72.153,-96.085,23.932,5.215,0.2952,18.263,1
8.767,-62.764,-93.609,30.845,18.583,0.4945,25.532,1
117.47,-87.063,-88.967,1.905,27.048,0.02,62.939,0
106.845,-81.2,-96.312,15.112,6.109,0.02,24.767,0
84.096,-74.597,-85.786,11.19,1.819,0.02,23.025,0
123.225,-83.77,-92.759,8.989,15.716,0.02,43.832,0
126.812,-82.398,-88.939,6.541,35.0,0.02,65.826,0
90.246,-75.912,-88.946,13.034,3.298,0.02,22.374,0
145.06,-79.375,-92.533,13.159,0.403,0.02,26.745,0
109.358,-79.674,-93.677,14.002,7.077,0.02,28.133,0
103.147,-75.656,-92.15,16.494,4.884,0.02,25.385,0
57.406,-71.841,-89.506,17.665,9.573,0.02,16.775,0
5.327,-58.925,-95.452,36.528,4.216,0.6607,11.253,1
39.937,-72.386,-96.211,23.825,6.872,0.3598,19.556,1
115.768,-78.012,-86.805,8.793,3.069,0.02,36.268,0
107.931,-75.561,-94.572,19.011,0.885,0.02,22.543,0
52.998,-71.984,-90.761,18.777,7.519,0.2519,23.073,0
95.71,-78.51,-92.708,14.198,13.459,0.02,37.45,0
33.317,-66.519,-92.553,26.034,2.321,0.4354,13.208,1
43.226,-77.083,-86.994,9.91,33.438,0.02,54.72,0
142.374,-84.814,-92.298,7.484,11.763,0.02,45.054,0
64.911,-69.846,-93.249,23.403,5.221,0.02,16.74,0
40.523,-70.741,-92.944,22.203,20.708,0.1195,26.414,0
75.631,-81.241,-93.762,12.521,16.173,0.02,33.023,0
61.117,-74.456,-94.345,19.889,12.984,0.0493,27.45,0
110.782,-74.48,-93.748,19.268,9.271,0.02,26.759,0
144.507,-80.358,-86.179,5.821,5.353,0.02,40.414,0
90.802,-75.011,-89.51,14.499,10.9,0.02,32.384,0
90.716,-73.656,-93.208,19.552,9.243,0.02,25.505,0
57.901,-75.203,-88.564,13.361,19.941,0.02,38.942,0
86.871,-70.861,-97.555,26.694,12.26,0.02,29.656,0
51.303,-70.487,-87.185,16.698,6.289,0.02,21.455,0
5.158,-56.151,-87.467,31.316,6.202,0.638,13.535,1
130.584,-78.992,-84.173,5.181,4.099,0.02,38.311,0
67.269,-75.133,-88.46,13.327,9.647,0.02,25.794,0
76.353,-76.753,-90.47,13.717,5.59,0.02,22.244,0
17.108,-67.404,-87.481,20.077,2.579,0.325,13.659,1
126.381,-83.17,-94.19,11.02,15.147,0.02,43.069,0
29.699,-68.835,-93.384,24.549,5.137,0.6579,21.75,1
64.54,-71.682,-92.225,20.542,6.593,0.02,18.64,0
126.839,-81.073,-87.209,6.135,22.923,0.02,53.721,0
71.379,-76.334,-94.996,18.662,16.838,0.02,32.779,0
140.017,-74.219,-95.367,21.148,12.125,0.02,33.068,0
35.351,-65.455,-91.172,25.717,9.565,0.4989,16.904,1
108.709,-84.432,-89.489,5.057,26.487,0.02,58.616,0
146.81,-77.726,-94.461,16.735,6.774,0.02,26.77,0
84.694,-79.065,-89.654,10.589,4.205,0.02,26.92,0
105.367,-79.352,-87.211,7.859,19.877,0.02,50.725,0
62.018,-79.045,-87.798,8.754,12.144,0.0205,35.641,0
113.944,-79.229,-90.763,11.535,3.422,0.02,28.902,0
136.787,-78.554,-92.317,13.763,12.163,0.02,38.089,0
106.943,-78.017,-85.925,7.908,1.853,0.02,29.98,0
140.71,-84.858,-91.946,7.088,17.16,0.02,49.448,0
90.355,-79.15,-88.709,9.559,9.878,0.02,33.098,0
88.685,-80.019,-85.146,5.127,11.03,0.02,42.583,0
49.171,-71.958,-89.077,17.118,11.558,0.1188,19.991,0
107.896,-75.142,-95.49,20.347,12.031,0.02,27.399,0
132.883,-79.948,-96.337,16.388,7.826,0.02,28.414,0
98.716,-74.339,-93.042,18.703,8.504,0.02,27.033,0
38.791,-72.062,-89.517,17.455,5.53,0.1772,21.615,0
83.896,-76.819,-90.443,13.624,9.596,0.02,24.718,0
114.611,-72.983,-84.275,11.293,7.852,0.02,31.557,0
141.208,-80.529,-90.477,9.949,8.904,0.02,37.844,0
27.706,-64.158,-93.146,28.988,2.35,0.4434,10.011,1
23.487,-68.86,-95.967,27.107,4.748,0.516,12.75,1
64.877,-74.312,-87.868,13.556,7.21,0.02,18.509,0
23.214,-68.846,-92.021,23.175,3.015,0.4632,14.42,1
147.162,-78.568,-97.271,18.704,1.329,0.02,21.9,0
66.524,-74.185,-91.922,17.737,9.598,0.1274,26.359,0
82.374,-72.859,-95.485,22.626,3.3,0.0761,20.254,0
37.928,-71.768,-93.49,21.721,4.755,0.3395,15.591,1
70.123,-76.017,-91.978,15.961,10.825,0.0283,22.879,0
147.781,-77.908,-95.168,17.26,14.717,0.02,36.983,0
75.86,-78.661,-93.707,15.046,5.687,0.02,20.068,0
6.279,-67.439,-94.604,27.165,17.153,0.4995,25.414,1
40.166,-75.494,-94.511,19.017,20.275,0.1633,33.151,0
146.876,-78.164,-95.528,17.364,7.534,0.02,27.571,0
148.415,-79.816,-93.69,13.874,7.523,0.02,30.106,0
35.521,-72.397,-95.131,22.735,4.518,0.2092,18.817,1
94.213,-77.002,-89.947,12.945,9.069,0.02,31.937,0
16.152,-67.202,-91.297,24.095,14.771,0.5652,20.496,1
88.729,-83.538,-87.818,4.281,19.277,0.02,47.131,0
23.259,-67.391,-85.397,18.005,3.441,0.3585,11.299,1
123.706,-76.65,-89.629,12.979,7.948,0.02,30.947,0
141.238,-81.634,-90.426,8.792,12.924,0.02,38.968,0
30.083,-72.29,-89.409,17.119,1.407,0.3348,12.359,1
72.093,-68.392,-90.367,21.975,0.131,0.1129,15.227,0
19.796,-69.079,-91.824,22.745,7.688,0.488,15.363,1
54.175,-71.148,-92.103,20.955,3.547,0.2247,16.834,0
14.439,-60.478,-95.576,35.098,3.072,0.7821,12.429,1
43.359,-69.491,-89.064,19.573,3.73,0.214,14.8,0
148.582,-80.019,-92.11,12.09,3.77,0.02,34.528,0
11.467,-68.351,-86.927,18.576,10.67,0.4149,17.731,1
129.55,-74.227,-88.797,14.57,0.643,0.02,22.24,0
16.231,-68.7,-94.191,25.491,10.091,0.4953,17.2,1
81.705,-72.697,-87.637,14.94,6.004,0.02,24.084,0
70.557,-70.472,-100.963,30.49,2.058,0.1875,14.073,1
140.075,-84.251,-85.244,0.993,12.144,0.02,52.919,0
33.862,-74.105,-96.685,22.58,10.518,0.3767,18.585,1
31.054,-69.683,-90.267,20.584,4.066,0.3718,10.478,1
113.564,-76.259,-90.504,14.245,11.589,0.02,29.17,0
110.229,-81.944,-88.067,6.123,18.291,0.02,46.325,0
106.381,-76.119,-93.15,17.031,0.773,0.02,20.677,0
8.788,-61.051,-99.509,38.458,3.13,0.7537,9.581,1
42.694,-70.294,-93.146,22.852,13.742,0.1963,19.45,0
126.785,-80.734,-92.767,12.033,6.817,0.02,25.997,0
92.124,-78.512,-99.172,20.66,5.518,0.02,22.586,0
92.318,-80.972,-91.841,10.869,13.069,0.02,35.947,0
47.908,-74.852,-95.765,20.914,4.794,0.1883,17.544,0
42.725,-69.364,-89.728,20.364,13.244,0.2441,23.129,0
142.25,-79.849,-92.861,13.012,2.55,0.02,28.094,0
110.525,-80.904,-85.136,4.232,7.698,0.02,36.437,0
23.396,-73.735,-92.897,19.161,14.998,0.3734,18.805,0
140.968,-79.34,-90.494,11.153,1.632,0.02,25.306,0
89.444,-78.262,-92.746,14.484,3.79,0.02,20.627,0
53.338,-75.582,-97.681,22.1,5.504,0.2278,20.241,0
62.585,-79.848,-92.716,12.869,24.827,0.02,37.07,0
110.184,-78.066,-89.363,11.297,9.703,0.02,30.7,0
59.56,-76.125,-89.893,13.768,2.13,0.1201,19.176,0
88.918,-81.437,-93.026,11.59,27.589,0.02,45.452,0
108.022,-78.357,-97.099,18.742,23.305,0.02,40.23,0
33.329,-71.67,-89.744,18.075,9.138,0.3552,19.804,0
141.915,-88.042,-90.532,2.49,33.003,0.02,66.293,0
56.645,-69.601,-89.048,19.447,4.5,0.1615,22.199,0
65.809,-74.405,-92.959,18.554,6.16,0.02,17.916,0
106.285,-77.399,-97.895,20.497,3.174,0.02,26.231,0
93.274,-76.397,-90.132,13.735,13.137,0.02,32.287,0
68.817,-79.381,-92.032,12.651,29.512,0.02,45.413,0
99.213,-78.851,-87.129,8.278,16.494,0.02,38.451,0
135.91,-83.351,-91.899,8.548,3.449,0.02,34.582,0
121.041,-80.617,-92.159,11.542,4.777,0.02,29.043,0
124.518,-74.769,-90.54,15.77,15.082,0.02,33.458,0
42.469,-73.653,-94.089,20.436,3.335,0.2906,11.993,0
65.813,-74.227,-94.258,20.031,7.615,0.02,23.624,0
85.304,-69.782,-92.343,22.56,1.481,0.0655,20.166,0
11.408,-59.888,-95.221,35.333,6.085,0.684,10.339,1
116.62,-77.837,-92.802,14.965,9.116,0.02,26.416,0
51.902,-75.555,-85.212,9.656,9.456,0.0442,28.465,0
45.976,-74.693,-88.351,13.658,12.029,0.02,26.152,0
42.597,-75.254,-90.922,15.668,22.2,0.07,32.598,0
46.09,-72.871,-86.569,13.699,17.239,0.2748,29.767,0
54.012,-70.966,-94.887,23.921,16.236,0.1874,29.229,0
92.7,-77.849,-83.283,5.435,14.558,0.02,48.43,0
89.617,-78.676,-93.612,14.935,9.545,0.02,24.905,0
42.078,-71.634,-84.987,13.353,7.714,0.2183,24.038,0
34.932,-70.526,-85.002,14.476,17.902,0.1901,32.723,0
124.822,-79.334,-98.136,18.802,14.937,0.02,37.744,0
18.445,-65.659,-86.865,21.206,4.211,0.303,15.28,1
79.359,-80.125,-92.994,12.868,12.773,0.02,32.052,0
80.481,-73.013,-93.988,20.975,9.684,0.02,25.839,0
88.25,-78.01,-90.164,12.154,11.384,0.02,35.284,0
133.419,-81.026,-95.528,14.502,19.71,0.02,38.811,0
95.468,-78.421,-90.243,11.822,4.483,0.02,25.094,0
146.177,-81.377,-95.293,13.916,4.077,0.02,26.157,0
131.346,-78.295,-91.38,13.085,10.382,0.02,39.258,0
36.137,-73.522,-87.326,13.804,4.896,0.2492,21.531,0
39.972,-73.309,-90.647,17.339,1.868,0.4108,12.17,0
54.992,-67.711,-93.259,25.548,2.879,0.3169,13.079,1
61.77,-76.616,-90.105,13.489,33.128,0.02,45.611,0
85.184,-75.261,-96.923,21.662,9.045,0.02,24.836,0
38.714,-75.046,-94.936,19.89,13.033,0.2019,24.238,0
37.24,-69.713,-93.506,23.793,7.112,0.3703,14.278,1
60.302,-76.203,-89.246,13.043,18.402,0.0911,31.484,0
102.443,-77.454,-90.58,13.126,0.713,0.02,24.548,0
104.778,-81.34,-90.127,8.787,24.653,0.02,50.895,0
146.537,-84.546,-92.096,7.55,8.907,0.02,39.353,0
34.35,-75.571,-94.758,19.187,4.859,0.3841,18.226,1
61.965,-76.046,-86.792,10.745,22.231,0.02,42.604,0
144.878,-80.393,-94.442,14.05,12.425,0.02,40.56,0
105.051,-76.981,-90.533,13.553,7.887,0.02,27.09,0
90.88,-73.267,-92.392,19.126,2.118,0.02,17.309,0
83.249,-74.632,-90.03,15.397,8.123,0.02,23.263,0
15.949,-60.56,-94.119,33.559,9.769,0.679,20.703,1
134.539,-76.493,-88.316,11.823,10.764,0.02,32.455,0
95.698,-76.195,-87.176,10.981,4.296,0.02,27.072,0
87.892,-75.329,-88.53,13.201,4.421,0.02,23.383,0
83.228,-74.425,-91.448,17.023,2.792,0.02,22.157,0
61.828,-78.029,-93.523,15.494,4.759,0.02,17.122,0
41.926,-69.824,-82.123,12.299,14.039,0.2353,28.242,0
114.522,-80.699,-95.471,14.772,28.48,0.02,46.71,0
78.887,-80.53,-88.916,8.386,6.944,0.02,29.861,0
9.921,-57.316,-90.835,33.519,11.017,0.5864,16.916,1
62.869,-74.403,-92.219,17.816,2.636,0.1365,21.341,0
139.648,-79.053,-91.352,12.299,2.715,0.02,29.583,0
59.215,-76.134,-93.786,17.652,17.642,0.02,32.838,0
64.919,-73.436,-90.505,17.069,0.531,0.02,16.786,0
95.474,-70.814,-90.891,20.077,12.519,0.02,28.521,0
121.243,-80.523,-82.628,2.105,12.923,0.02,48.293,0
101.927,-80.526,-88.252,7.726,18.018,0.02,43.181,0
128.258,-79.787,-90.194,10.408,11.496,0.02,35.765,0
21.526,-68.086,-89.986,21.9,1.983,0.4726,10.113,1
139.066,-81.416,-85.562,4.146,20.917,0.02,53.977,0
136.069,-81.518,-95.396,13.878,5.491,0.02,30.071,0
80.277,-76.753,-92.64,15.886,19.829,0.02,31.473,0
95.588,-82.007,-98.675,16.668,16.875,0.02,36.228,0
35.858,-72.687,-90.044,17.357,11.177,0.258,23.53,0
69.952,-79.747,-89.031,9.284,16.997,0.02,39.977,0
34.392,-74.576,-95.485,20.908,22.902,0.1572,32.646,0
8.187,-66.282,-86.977,20.695,12.482,0.5001,21.094,1
147.231,-88.965,-94.516,5.551,15.624,0.02,48.956,0
42.576,-71.612,-93.199,21.586,3.814,0.2215,13.582,0
91.001,-82.725,-91.582,8.857,14.778,0.02,37.889,0
48.536,-66.339,-86.42,20.081,3.736,0.2713,12.937,0
58.74,-75.26,-95.004,19.744,10.317,0.0229,24.305,0
62.675,-71.426,-90.981,19.555,4.906,0.109,16.186,0
53.582,-71.749,-89.288,17.539,5.98,0.1286,20.37,0
97.423,-83.816,-90.01,6.194,24.965,0.02,54.239,0
144.336,-81.374,-89.881,8.508,8.726,0.02,40.026,0
67.152,-72.876,-89.335,16.459,10.244,0.02,22.669,0
146.132,-79.477,-93.942,14.465,15.255,0.02,34.977,0
101.831,-75.283,-86.093,10.81,9.695,0.02,30.96,0
93.035,-80.202,-92.389,12.188,14.587,0.02,32.059,0
39.38,-70.709,-92.853,22.145,15.602,0.2093,25.95,0
14.124,-65.15,-87.283,22.134,5.597,0.4045,14.175,1
128.531,-75.157,-94.207,19.05,3.144,0.02,28.449,0
88.227,-73.924,-90.879,16.955,9.59,0.02,30.098,0
65.09,-78.157,-94.53,16.373,6.012,0.02,23.738,0
122.735,-79.723,-83.183,3.459,16.556,0.02,50.832,0
50.034,-75.525,-83.92,8.394,6.172,0.0485,24.27,0
118.625,-79.076,-92.386,13.31,22.782,0.02,43.193,0
52.555,-79.409,-90.18,10.772,23.389,0.02,39.607,0
138.528,-81.398,-91.982,10.583,21.425,0.02,47.414,0
43.855,-70.61,-93.22,22.61,13.689,0.2132,25.785,0
24.945,-66.977,-91.581,24.604,5.054,0.4872,16.802,1
106.224,-75.021,-92.142,17.121,6.849,0.02,20.341,0
28.613,-68.944,-97.322,28.379,13.509,0.3164,26.258,1
142.658,-75.187,-91.079,15.893,8.008,0.02,31.867,0
100.055,-80.65,-92.148,11.498,7.623,0.02,28.334,0
38.475,-74.763,-90.907,16.144,22.159,0.1154,34.015,0
35.279,-74.842,-92.271,17.429,2.533,0.2543,13.179,0
138.962,-81.817,-93.261,11.445,14.12,0.02,39.669,0
93.139,-81.461,-88.938,7.476,12.889,0.02,39.079,0
134.592,-84.061,-90.134,6.073,10.098,0.02,41.235,0
20.983,-70.353,-87.114,16.761,3.6,0.3167,10.2,1
139.182,-80.923,-90.268,9.345,6.951,0.02,42.925,0
80.407,-75.531,-92.692,17.16,9.958,0.02,26.574,0
101.921,-75.156,-89.841,14.685,3.209,0.02,21.867,0
59.067,-73.0,-98.932,25.932,19.239,0.1749,35.754,0
13.575,-60.935,-84.637,23.702,9.136,0.4946,13.377,1
143.906,-83.454,-91.04,7.586,8.61,0.02,39.906,0
149.217,-83.769,-84.354,0.585,14.719,0.02,54.808,0
57.859,-76.515,-95.043,18.528,25.394,0.02,35.408,0
141.861,-78.981,-95.912,16.931,6.802,0.02,28.385,0
29.32,-63.729,-90.72,26.991,2.89,0.4801,12.438,1
27.429,-73.191,-90.731,17.541,27.494,0.0437,31.037,0
15.601,-62.76,-90.816,28.056,10.78,0.4483,16.725,1
61.734,-79.854,-91.35,11.496,34.803,0.02,48.101,0
12.584,-64.955,-94.198,29.244,23.073,0.4628,28.913,1
62.225,-72.268,-97.199,24.93,4.567,0.1862,15.949,0
25.067,-67.829,-91.009,23.18,7.799,0.4324,17.082,1
110.927,-79.572,-96.489,16.917,0.533,0.02,19.205,0
125.838,-77.59,-96.82,19.229,5.035,0.02,19.729,0
104.733,-74.699,-93.332,18.633,2.455,0.02,18.001,0
34.072,-69.099,-90.493,21.394,5.424,0.1483,16.83,0
116.193,-85.468,-85.043,-0.425,1.6,0.02,42.377,0
41.178,-71.02,-88.573,17.552,4.197,0.2294,11.5,0
115.126,-75.814,-86.984,11.17,5.272,0.02,31.632,0
87.273,-79.53,-89.712,10.182,8.602,0.02,32.732,0
58.173,-69.262,-90.716,21.454,2.042,0.168,21.479,0
17.106,-69.352,-83.23,13.878,19.832,0.2407,33.539,0
124.989,-79.341,-96.63,17.289,5.076,0.02,22.935,0
141.25,-79.847,-93.446,13.599,11.246,0.02,33.889,0
101.558,-79.668,-93.173,13.506,4.899,0.02,24.736,0
144.859,-77.458,-88.873,11.414,9.012,0.02,38.805,0
140.446,-76.048,-95.426,19.378,8.322,0.02,28.82,0
33.218,-75.551,-89.328,13.777,20.463,0.241,34.815,0
111.026,-78.555,-89.971,11.416,7.277,0.02,31.379,0
55.649,-67.589,-89.153,21.565,7.624,0.2173,18.43,0
75.69,-71.261,-89.217,17.956,3.391,0.02,15.673,0
27.76,-72.067,-86.616,14.549,1.575,0.4247,15.368,1
146.343,-77.11,-92.172,15.062,10.746,0.02,34.725,0
110.29,-88.947,-90.144,1.198,10.932,0.02,50.926,0
43.702,-70.216,-94.578,24.362,9.978,0.2293,14.897,0
58.863,-78.106,-95.377,17.27,17.01,0.02,28.87,0
66.26,-73.276,-85.823,12.547,8.495,0.02,28.838,0
113.392,-77.183,-94.842,17.659,6.17,0.02,21.316,0
139.226,-79.674,-89.755,10.081,9.8,0.02,39.05,0
51.609,-70.952,-90.141,19.19,7.443,0.0448,18.476,0
73.513,-75.627,-87.888,12.261,2.303,0.0524,18.906,0
91.015,-80.607,-97.804,17.197,18.24,0.02,31.7,0
62.035,-70.694,-88.881,18.187,4.934,0.02,22.594,0
78.106,-75.65,-92.203,16.553,7.84,0.02,25.105,0
20.328,-67.523,-94.1,26.577,5.343,0.3913,14.548,1
29.313,-71.89,-92.878,20.988,20.33,0.1641,34.73,0
63.16,-74.521,-88.371,13.851,5.515,0.02,16.409,0
137.666,-83.585,-89.441,5.856,22.547,0.02,53.26,0
55.657,-71.323,-92.448,21.125,4.537,0.2356,21.648,0
41.22,-75.098,-95.987,20.889,14.145,0.2727,24.403,0
112.715,-73.606,-95.74,22.133,7.602,0.02,25.595,0
142.624,-77.992,-89.364,11.373,1.899,0.02,28.747,0
71.573,-83.407,-96.472,13.065,22.029,0.02,36.547,0
6.248,-56.568,-92.414,35.845,4.228,0.804,14.751,1
104.782,-80.204,-82.616,2.413,6.358,0.02,39.759,0
65.184,-75.038,-90.392,15.354,10.564,0.02,30.748,0
102.679,-77.049,-89.402,12.354,2.955,0.02,21.096,0
45.269,-69.239,-95.714,26.474,4.816,0.4077,21.092,1
5.349,-54.895,-96.296,41.401,7.125,0.7876,17.011,1
54.952,-71.343,-89.215,17.871,1.757,0.1027,13.371,0
107.195,-72.534,-92.988,20.454,9.82,0.02,28.2,0
62.001,-75.197,-87.892,12.695,2.64,0.02,21.915,0
36.78,-67.556,-91.499,23.943,13.935,0.3538,25.785,1
72.281,-73.071,-79.553,6.482,18.45,0.02,39.005,0
114.091,-78.636,-93.653,15.017,14.58,0.02,33.497,0
22.318,-67.216,-90.638,23.422,15.989,0.2318,21.151,0
105.304,-74.695,-94.78,20.084,6.86,0.02,27.325,0
101.765,-77.36,-88.038,10.678,2.371,0.02,29.036,0
58.757,-77.211,-90.108,12.898,17.854,0.02,29.464,0
145.699,-80.776,-95.014,14.238,4.913,0.02,23.118,0
134.732,-78.637,-92.76,14.124,8.13,0.02,29.255,0
50.843,-73.271,-86.849,13.578,3.737,0.106,17.835,0
9.508,-62.288,-87.269,24.981,3.275,0.5081,11.918,1
49.704,-76.138,-96.6,20.462,10.359,0.1685,23.346,0
34.685,-73.194,-93.281,20.087,8.919,0.3044,19.108,0
84.352,-76.914,-85.275,8.361,1.805,0.02,27.614,0
138.218,-80.938,-92.235,11.297,5.111,0.02,29.523,0
131.199,-82.965,-91.008,8.043,27.916,0.02,53.415,0
49.345,-75.789,-88.056,12.267,12.757,0.0885,29.751,0
67.147,-72.505,-96.313,23.808,4.654,0.02,20.203,0
10.299,-55.352,-94.939,39.587,6.173,0.5998,13.691,1
83.904,-72.602,-92.783,20.181,8.77,0.02,21.651,0
14.188,-66.671,-87.434,20.763,6.202,0.5153,18.881,1
141.098,-83.315,-88.081,4.766,21.043,0.02,59.652,0
130.705,-83.93,-89.131,5.2,12.206,0.02,48.624,0
36.057,-71.064,-92.137,21.073,14.604,0.2189,26.332,0
106.408,-78.628,-87.697,9.069,15.693,0.02,38.344,0
87.363,-76.786,-92.184,15.399,12.148,0.02,30.873,0
121.197,-82.983,-89.627,6.644,13.411,0.02,45.334,0
73.97,-79.755,-88.458,8.702,20.428,0.02,40.038,0
32.807,-67.983,-85.711,17.728,13.891,0.3551,25.546,0
97.777,-75.076,-91.847,16.771,3.034,0.02,19.232,0
16.641,-71.071,-92.919,21.848,25.559,0.3064,34.74,0
89.765,-79.189,-87.117,7.928,1.357,0.02,30.959,0
35.842,-71.269,-86.849,15.58,11.818,0.2502,23.52,0
104.316,-78.369,-93.552,15.182,9.458,0.02,24.857,0
125.066,-82.384,-95.518,13.133,5.775,0.02,29.862,0
20.881,-69.006,-87.383,18.377,15.744,0.1631,25.662,0
63.039,-75.579,-97.396,21.817,7.575,0.0293,19.368,0
111.361,-80.79,-97.575,16.785,12.318,0.02,29.37,0
28.737,-68.975,-92.589,23.614,2.699,0.4604,18.065,1
87.146,-77.588,-91.641,14.054,17.752,0.02,38.157,0
102.417,-79.047,-95.71,16.662,16.668,0.02,31.875,0
56.445,-69.799,-91.223,21.425,8.608,0.0492,16.338,0
125.637,-77.586,-91.067,13.481,3.886,0.02,29.893,0
79.045,-75.49,-93.681,18.191,18.612,0.02,37.955,0
95.914,-79.79,-84.883,5.093,1.462,0.02,36.711,0
25.427,-67.637,-90.496,22.859,8.957,0.3281,17.717,1
8.358,-61.039,-88.05,27.011,6.757,0.6427,16.593,1
12.359,-61.427,-97.097,35.67,11.554,0.6338,17.323,1
136.068,-78.525,-97.127,18.602,6.654,0.02,30.298,0
132.983,-76.281,-90.39,14.108,16.047,0.02,35.534,0
122.101,-80.605,-85.508,4.903,3.026,0.02,35.48,0
33.944,-74.186,-95.535,21.349,18.716,0.3147,28.026,0
81.192,-74.897,-91.498,16.601,7.76,0.02,21.702,0
120.437,-78.609,-96.323,17.714,5.555,0.02,26.88,0
102.827,-81.111,-94.515,13.404,11.351,0.02,28.598,0
21.751,-67.179,-91.324,24.145,15.416,0.3622,30.518,1
134.853,-80.825,-93.724,12.899,7.225,0.02,32.305,0
28.299,-67.246,-96.569,29.324,7.762,0.4481,16.941,1
29.91,-73.397,-96.648,23.251,4.338,0.554,12.454,1
135.646,-79.088,-98.601,19.513,1.363,0.02,22.015,0
75.269,-74.431,-90.332,15.901,5.298,0.02,19.775,0
59.069,-73.389,-89.908,16.519,8.696,0.02,21.055,0
85.28,-73.886,-89.926,16.04,6.365,0.02,21.019,0
147.303,-80.519,-95.182,14.664,6.387,0.02,26.892,0
22.346,-64.659,-88.479,23.82,2.992,0.4309,15.195,1
114.758,-77.677,-89.526,11.849,3.48,0.02,30.552,0
53.477,-69.852,-91.974,22.122,2.925,0.2262,13.825,0
21.972,-71.673,-92.549,20.876,8.865,0.2805,18.052,1
66.18,-83.1,-94.272,11.172,11.694,0.02,26.004,0
84.569,-72.72,-91.327,18.608,9.144,0.02,23.322,0
34.864,-72.631,-86.34,13.709,12.154,0.2215,29.157,0
63.764,-78.486,-88.018,9.532,3.43,0.0388,28.118,0
97.173,-77.764,-92.897,15.133,8.321,0.02,26.753,0
88.585,-77.655,-90.115,12.459,5.627,0.02,22.589,0
109.858,-76.831,-95.855,19.024,7.34,0.02,23.85,0
126.279,-76.347,-89.445,13.098,1.929,0.02,23.737,0
64.325,-74.573,-94.908,20.335,2.852,0.0723,19.554,0
66.33,-71.908,-89.584,17.676,8.656,0.02,25.676,0
77.02,-78.499,-81.608,3.11,4.318,0.02,36.256,0
87.121,-82.822,-93.995,11.173,4.559,0.02,28.445,0
20.707,-65.804,-81.77,15.966,6.861,0.2778,14.429,0
50.332,-74.19,-90.283,16.093,11.848,0.1868,24.523,0
29.924,-76.15,-94.624,18.474,15.166,0.2899,27.291,0
60.949,-70.845,-94.784,23.939,1.486,0.3203,19.448,1
146.136,-84.629,-83.723,-0.906,5.405,0.02,46.876,0
89.496,-77.287,-90.275,12.988,9.519,0.02,31.992,0
67.26,-73.052,-93.982,20.929,11.462,0.02,31.103,0
87.061,-76.932,-92.712,15.78,14.244,0.02,26.014,0
102.016,-77.481,-90.492,13.012,10.634,0.02,26.636,0
68.068,-75.508,-92.031,16.523,4.708,0.0409,23.163,0
69.918,-74.696,-90.789,16.093,9.359,0.02,22.532,0
106.703,-76.443,-85.792,9.349,8.509,0.02,33.859,0
13.825,-64.544,-95.948,31.404,2.717,0.4517,14.971,1
83.312,-78.791,-89.744,10.952,4.256,0.02,23.795,0
84.363,-74.3,-92.255,17.955,10.15,0.02,26.432,0
114.729,-74.07,-93.747,19.677,14.268,0.02,29.1,0
147.483,-75.063,-88.247,13.185,5.152,0.02,32.307,0
120.384,-90.568,-97.115,6.547,27.916,0.02,59.365,0
78.049,-70.425,-100.283,29.857,0.424,0.1823,16.839,1
29.571,-70.843,-91.214,20.371,7.951,0.3396,18.37,1
90.298,-71.435,-92.484,21.048,8.649,0.0307,25.004,0
125.973,-83.782,-96.735,12.953,16.228,0.02,37.866,0
140.2,-82.467,-97.987,15.52,4.586,0.02,26.189,0
124.67,-78.555,-85.243,6.688,5.28,0.02,39.261,0
32.4,-70.262,-90.379,20.117,5.361,0.4337,11.826,1
108.324,-80.561,-91.931,11.37,15.664,0.02,42.823,0
132.622,-78.486,-84.317,5.831,17.685,0.02,50.711,0
103.747,-73.574,-88.423,14.848,6.06,0.02,29.897,0
104.434,-79.697,-85.808,6.111,3.735,0.02,35.103,0
77.524,-69.895,-96.13,26.235,3.843,0.0316,19.462,0
97.362,-79.782,-96.261,16.479,2.296,0.02,21.594,0
47.685,-76.282,-89.84,13.558,18.992,0.02,28.981,0
17.877,-57.867,-90.549,32.682,8.07,0.5766,14.605,1
125.019,-79.282,-87.626,8.345,15.113,0.02,43.143,0
141.756,-81.531,-97.708,16.177,6.595,0.02,28.523,0
129.239,-82.958,-89.537,6.579,30.755,0.02,63.195,0
53.417,-72.029,-88.538,16.508,13.434,0.1232,25.849,0
18.562,-65.154,-88.723,23.569,10.258,0.4308,22.942,1
45.62,-68.884,-93.423,24.539,11.813,0.1967,16.725,0
127.211,-80.791,-90.185,9.394,3.533,0.02,36.492,0
100.093,-78.873,-94.715,15.841,5.445,0.02,22.106,0
145.171,-84.07,-93.025,8.955,14.964,0.02,46.376,0
54.689,-75.767,-95.65,19.883,8.262,0.2014,24.126,0
84.963,-77.026,-94.655,17.63,12.344,0.02,24.538,0
119.556,-81.534,-92.843,11.309,6.425,0.02,34.74,0
38.929,-69.866,-93.718,23.852,7.387,0.154,20.647,0
144.793,-80.092,-94.656,14.564,18.01,0.02,43.958,0
90.898,-80.683,-96.549,15.865,9.31,0.02,25.883,0
6.145,-60.247,-85.136,24.889,9.621,0.5979,17.487,1
8.647,-61.879,-93.752,31.873,7.704,0.6632,14.166,1
132.921,-79.628,-90.845,11.217,5.879,0.02,30.338,0
98.566,-77.558,-98.156,20.598,6.742,0.02,23.984,0
115.646,-75.772,-87.248,11.476,8.307,0.02,33.655,0
118.682,-77.799,-91.415,13.616,18.658,0.02,40.697,0
65.967,-77.025,-93.554,16.528,8.372,0.0414,19.826,0
120.799,-78.317,-93.523,15.206,16.313,0.02,34.728,0
140.942,-74.847,-88.957,14.11,3.854,0.02,27.593,0
29.965,-66.071,-102.336,36.265,11.286,0.4587,15.987,1
115.8,-76.48,-94.885,18.405,1.292,0.02,23.111,0
49.63,-71.996,-92.417,20.421,4.424,0.3777,16.508,0
51.616,-76.35,-92.457,16.107,4.59,0.1311,17.537,0
64.849,-75.151,-83.231,8.08,5.524,0.02,32.993,0
130.239,-85.391,-93.182,7.791,16.282,0.02,43.49,0
8.198,-55.304,-88.534,33.23,1.443,0.8775,8.147,1
67.919,-77.462,-85.659,8.198,17.71,0.02,34.736,0
103.607,-76.574,-89.653,13.079,1.259,0.02,22.19,0
21.01,-68.061,-94.358,26.297,6.167,0.4771,18.568,1
119.877,-82.594,-96.496,13.902,6.435,0.02,22.221,0
141.576,-80.434,-89.391,8.957,21.699,0.02,47.735,0
18.186,-65.065,-86.242,21.177,12.997,0.5061,22.096,1
27.177,-69.286,-90.089,20.803,26.617,0.1103,33.687,0
146.244,-89.581,-87.683,-1.898,29.332,0.02,71.718,0
33.689,-67.541,-82.928,15.388,16.203,0.241,26.504,0
16.446,-64.511,-89.069,24.558,4.304,0.5035,18.277,1
143.068,-78.15,-95.852,17.703,10.882,0.02,32.372,0
134.43,-87.533,-91.821,4.288,8.77,0.02,45.101,0
100.08,-75.617,-87.204,11.588,5.126,0.02,28.77,0
84.957,-78.018,-92.871,14.853,15.567,0.02,26.01,0
138.289,-79.188,-86.73,7.542,2.285,0.02,35.306,0
100.05,-76.877,-92.234,15.357,3.812,0.02,17.749,0
100.468,-77.921,-90.83,12.909,1.417,0.02,22.486,0
127.334,-82.413,-93.228,10.814,3.405,0.02,32.561,0
99.721,-80.413,-91.442,11.029,4.115,0.02,26.361,0
78.033,-75.449,-91.256,15.808,7.181,0.02,25.119,0
61.51,-71.792,-97.63,25.838,16.433,0.0383,24.791,0
77.954,-71.841,-93.546,21.704,5.379,0.02,21.495,0
80.759,-76.976,-96.316,19.341,16.675,0.02,31.982,0
57.321,-79.207,-93.425,14.218,28.955,0.02,34.312,0
69.977,-70.801,-94.783,23.982,18.271,0.02,32.89,0
121.271,-75.836,-88.459,12.623,3.609,0.02,19.403,0
65.394,-72.016,-88.418,16.402,4.674,0.2528,19.334,0
8.706,-66.199,-90.039,23.84,16.737,0.5906,25.208,1
46.038,-70.576,-96.437,25.861,4.581,0.3443,15.817,1
38.603,-74.644,-92.343,17.7,8.64,0.4037,20.21,0
120.069,-73.133,-96.715,23.583,11.451,0.02,36.129,0
70.147,-78.607,-92.516,13.908,13.659,0.02,27.62,0
45.645,-74.103,-89.734,15.631,9.577,0.2621,18.411,0
122.552,-79.745,-88.528,8.783,2.837,0.02,36.769,0
7.786,-60.37,-90.345,29.975,5.909,0.6585,14.728,1
30.266,-69.151,-87.595,18.445,18.25,0.2452,30.488,0
124.908,-78.982,-91.091,12.109,8.144,0.02,27.902,0
84.845,-79.514,-92.817,13.303,24.835,0.02,35.148,0
117.179,-76.755,-88.942,12.187,9.971,0.02,30.546,0
126.536,-82.803,-88.827,6.024,3.995,0.02,36.453,0
141.585,-78.473,-93.835,15.361,12.426,0.02,32.113,0
14.197,-65.627,-90.674,25.047,18.896,0.4603,25.193,1
120.889,-81.052,-93.03,11.978,9.046,0.02,27.855,0
107.771,-77.772,-99.03,21.258,9.153,0.02,27.638,0
35.019,-70.352,-90.46,20.108,10.834,0.3022,20.666,0
140.097,-88.379,-96.531,8.152,11.739,0.02,36.724,0
63.609,-69.505,-90.851,21.346,4.785,0.2187,17.957,0
133.704,-74.505,-97.374,22.869,1.48,0.02,22.431,0
92.741,-81.789,-94.519,12.73,12.891,0.02,34.765,0
81.378,-78.292,-93.518,15.225,8.201,0.02,22.235,0
28.131,-65.134,-87.794,22.66,10.959,0.4074,23.166,1
137.578,-77.46,-93.867,16.408,7.1,0.02,30.356,0
85.716,-75.797,-95.762,19.965,11.091,0.02,24.552,0
5.883,-55.56,-90.725,35.165,3.685,0.7604,13.645,1
7.651,-58.05,-92.759,34.709,6.081,0.7454,17.148,1
117.757,-80.855,-89.233,8.378,3.543,0.02,35.02,0
28.481,-70.022,-95.542,25.52,6.194,0.35,17.348,1
91.817,-72.715,-91.262,18.547,2.419,0.02,19.132,0
103.757,-76.863,-83.357,6.493,13.796,0.02,39.322,0
45.508,-73.722,-92.837,19.116,21.138,0.1824,34.577,0
87.551,-77.349,-91.346,13.997,2.564,0.02,16.84,0
39.838,-68.109,-97.814,29.705,8.276,0.3212,19.047,1
142.216,-82.584,-94.985,12.402,7.102,0.02,34.991,0
129.725,-77.526,-90.391,12.864,21.721,0.02,41.036,0
46.766,-74.452,-93.155,18.703,8.701,0.2828,20.509,0
81.678,-80.556,-89.849,9.293,17.656,0.02,36.121,0
77.592,-76.597,-90.513,13.916,13.17,0.02,28.238,0
144.203,-79.746,-96.613,16.867,10.121,0.02,29.047,0
62.134,-73.266,-88.446,15.18,5.239,0.02,16.975,0
86.523,-80.81,-96.349,15.539,10.157,0.02,27.235,0
139.662,-77.57,-94.677,17.107,3.485,0.02,26.768,0
28.608,-65.391,-91.197,25.805,6.047,0.4191,14.881,1
84.82,-75.171,-86.515,11.344,1.276,0.02,23.45,0
20.323,-73.316,-95.514,22.197,19.668,0.2902,26.6,0
94.537,-77.912,-91.483,13.571,9.258,0.02,26.917,0
58.024,-79.291,-91.454,12.163,19.29,0.02,32.263,0
145.307,-86.001,-89.699,3.699,8.962,0.02,45.132,0
65.234,-76.39,-87.856,11.465,9.488,0.02,23.102,0
24.747,-63.765,-93.414,29.649,12.624,0.3929,27.121,1
125.93,-79.224,-88.459,9.235,7.788,0.02,38.697,0
124.026,-79.542,-87.344,7.802,7.05,0.02,42.968,0
105.755,-75.339,-85.756,10.418,6.316,0.02,33.525,0
113.578,-75.61,-90.243,14.634,3.709,0.02,24.0,0
43.384,-75.68,-91.449,15.769,6.343,0.2139,12.603,0
98.098,-73.379,-93.661,20.282,16.518,0.02,35.298,0
10.513,-60.748,-97.106,36.358,5.889,0.6709,17.752,1
33.549,-71.149,-92.973,21.824,28.209,0.1345,33.929,0
140.181,-80.235,-91.607,11.372,1.431,0.02,29.816,0
112.189,-85.884,-92.383,6.499,17.014,0.02,46.848,0
38.448,-70.891,-89.908,19.017,6.831,0.2606,17.852,0
21.151,-70.647,-97.09,26.443,11.591,0.4966,21.956,1
142.593,-75.558,-92.637,17.079,3.945,0.02,27.012,0
21.267,-69.674,-85.018,15.345,1.814,0.5256,9.307,1
42.275,-72.711,-88.515,15.804,14.785,0.07,27.993,0
31.482,-69.844,-89.843,19.999,19.283,0.1228,24.89,0
6.082,-56.766,-90.633,33.866,8.401,0.6375,17.421,1
50.55,-73.757,-93.279,19.522,5.891,0.02,19.127,0
146.256,-85.383,-98.139,12.756,7.924,0.02,31.052,0
54.576,-77.712,-90.4,12.688,7.911,0.0346,26.966,0
78.124,-77.718,-100.569,22.851,6.728,0.0412,17.168,0
113.161,-82.725,-93.139,10.414,9.097,0.02,34.628,0
84.907,-77.314,-92.013,14.699,12.042,0.02,28.269,0
112.821,-81.205,-93.565,12.36,11.315,0.02,37.146,0
100.937,-80.759,-84.4,3.641,4.998,0.02,40.168,0
93.242,-80.966,-85.615,4.649,6.838,0.02,32.437,0
99.199,-81.197,-88.385,7.188,3.301,0.02,30.689,0
120.879,-79.519,-95.239,15.719,11.08,0.02,34.123,0
107.978,-79.397,-85.275,5.878,4.225,0.02,34.986,0
119.807,-77.137,-89.834,12.696,0.711,0.02,21.073,0
26.112,-67.805,-95.297,27.492,5.437,0.4513,15.379,1
103.263,-78.944,-91.885,12.941,11.473,0.02,35.729,0
111.868,-77.041,-88.645,11.604,11.935,0.02,32.562,0
48.495,-78.566,-94.096,15.53,16.794,0.1431,25.344,0
131.814,-82.05,-91.508,9.458,31.363,0.02,56.598,0
49.183,-71.339,-90.892,19.554,8.154,0.1789,18.634,0
40.356,-71.518,-95.853,24.335,7.067,0.1397,20.239,0
130.729,-81.895,-92.945,11.05,8.964,0.02,33.789,0
40.818,-70.684,-95.589,24.905,6.061,0.3685,18.416,1
65.248,-72.099,-88.96,16.861,2.975,0.1516,21.276,0
58.349,-76.825,-95.178,18.353,2.759,0.156,13.948,0
135.219,-77.581,-90.979,13.398,7.487,0.02,33.096,0
71.009,-72.313,-96.866,24.552,20.462,0.02,35.78,0
105.675,-77.542,-95.967,18.425,5.736,0.02,20.626,0
120.136,-75.861,-96.137,20.275,13.4,0.02,35.515,0
96.046,-77.715,-93.014,15.299,18.017,0.02,30.745,0
141.836,-80.109,-91.369,11.26,13.27,0.02,35.723,0
121.364,-82.127,-90.723,8.596,14.316,0.02,39.885,0
63.03,-74.228,-98.203,23.975,2.978,0.3473,14.973,1
142.868,-82.573,-92.59,10.017,6.677,0.02,34.407,0
81.063,-71.934,-94.627,22.693,2.032,0.0249,15.165,0
8.274,-61.718,-90.13,28.412,4.924,0.5187,14.681,1
42.702,-65.161,-92.937,27.776,2.717,0.1171,14.391,1
95.151,-76.464,-92.283,15.818,11.542,0.02,28.363,0
27.738,-66.266,-94.607,28.342,2.71,0.4889,14.909,1
89.69,-79.583,-85.964,6.38,2.762,0.02,35.331,0
57.432,-71.519,-96.493,24.974,7.762,0.0806,19.644,0
82.486,-75.406,-93.399,17.993,1.334,0.1222,15.912,0
5.272,-62.958,-91.623,28.666,29.487,0.4382,37.066,1
128.021,-80.814,-92.88,12.066,6.564,0.02,33.954,0
57.479,-79.237,-94.674,15.437,17.724,0.02,29.899,0
25.323,-66.823,-98.341,31.518,2.9,0.519,13.319,1
68.498,-75.741,-94.42,18.679,10.266,0.0282,23.565,0
75.496,-80.175,-95.358,15.183,11.854,0.02,24.677,0
97.423,-74.792,-86.123,11.331,3.504,0.02,25.047,0
81.062,-70.754,-84.074,13.32,13.909,0.02,30.775,0
11.311,-65.907,-92.178,26.271,4.812,0.5015,15.117,1
131.369,-79.193,-96.917,17.723,5.707,0.02,28.368,0
71.194,-69.176,-89.417,20.241,3.479,0.02,15.96,0
16.163,-68.367,-95.434,27.067,14.408,0.4029,22.742,1
117.06,-77.614,-93.922,16.308,10.112,0.02,27.013,0
100.722,-76.617,-94.201,17.584,9.639,0.02,26.106,0
99.168,-75.671,-93.752,18.081,9.435,0.02,26.733,0
66.903,-69.504,-93.242,23.738,9.891,0.143,25.991,0
64.522,-79.065,-96.597,17.532,4.618,0.1565,18.258,0
82.769,-76.563,-94.457,17.894,13.166,0.02,29.237,0
12.336,-63.585,-88.43,24.846,4.032,0.5876,10.191,1
48.349,-72.797,-92.117,19.321,9.553,0.2239,18.595,0
148.245,-79.87,-91.561,11.692,7.264,0.02,33.347,0
101.018,-77.858,-99.813,21.955,5.442,0.02,31.341,0
65.745,-77.648,-88.683,11.035,7.418,0.02,24.836,0
37.243,-73.937,-94.399,20.463,9.63,0.1434,20.775,0
113.055,-72.918,-88.066,15.148,13.127,0.02,32.141,0
42.742,-75.752,-91.46,15.708,8.487,0.2566,19.994,0
28.544,-66.537,-93.967,27.43,15.561,0.3144,23.364,1
27.405,-70.896,-97.872,26.976,4.846,0.447,16.491,1
110.743,-77.548,-84.388,6.84,6.543,0.02,34.109,0
98.207,-72.132,-89.189,17.057,11.728,0.02,29.326,0
15.122,-60.888,-88.979,28.091,2.913,0.546,10.677,1
21.681,-72.358,-85.634,13.276,14.249,0.2245,27.896,0
96.908,-77.232,-91.216,13.983,3.115,0.02,17.447,0
87.812,-79.96,-87.267,7.307,24.843,0.02,49.635,0
104.47,-74.007,-93.675,19.668,4.894,0.02,20.055,0
30.816,-72.179,-89.418,17.239,23.42,0.2557,34.226,0
110.355,-79.678,-94.205,14.527,13.502,0.02,33.949,0
140.734,-73.507,-93.764,20.257,2.379,0.02,17.648,0
92.152,-71.282,-91.66,20.379,3.872,0.02,17.593,0
33.439,-66.644,-96.436,29.791,2.68,0.3774,16.085,1
103.534,-79.228,-90.847,11.619,6.46,0.02,28.566,0
54.747,-82.674,-93.092,10.418,15.451,0.02,35.322,0
12.147,-69.297,-98.956,29.659,21.461,0.4611,28.486,1
48.839,-76.156,-93.602,17.446,3.437,0.1747,16.378,0
136.31,-78.759,-93.208,14.449,3.031,0.02,27.603,0
64.615,-72.103,-89.015,16.912,10.672,0.02,21.087,0
130.376,-72.224,-91.002,18.778,2.457,0.02,22.143,0
78.756,-73.393,-86.934,13.541,15.284,0.02,29.084,0
79.962,-78.926,-90.18,11.253,12.672,0.02,33.325,0
5.756,-56.936,-93.939,37.003,8.595,0.7286,13.043,1
97.38,-77.398,-92.204,14.806,14.866,0.02,33.697,0
20.633,-72.435,-93.218,20.783,14.538,0.2689,21.81,0
74.419,-77.15,-90.292,13.143,3.826,0.02,22.765,0
42.746,-71.793,-91.791,19.998,2.95,0.2509,13.078,0
61.896,-67.66,-94.2,26.54,7.835,0.1992,23.26,0
82.876,-76.374,-91.97,15.596,15.109,0.02,32.854,0
7.097,-62.108,-90.386,28.278,3.65,0.5866,13.899,1
46.265,-72.358,-95.522,23.164,3.117,0.1432,13.225,0
148.494,-77.872,-90.89,13.019,3.272,0.02,32.218,0
13.323,-63.726,-97.525,33.799,5.815,0.6263,16.294,1
51.312,-72.334,-88.131,15.797,0.427,0.2663,11.927,0
51.606,-69.851,-90.155,20.303,4.139,0.02,17.583,0
60.011,-70.323,-86.298,15.975,11.296,0.02,28.009,0
104.293,-75.47,-95.908,20.438,15.051,0.02,29.736,0
40.923,-76.431,-88.033,11.602,29.61,0.02,41.188,0
71.739,-75.523,-88.725,13.201,7.598,0.02,24.208,0
98.505,-77.665,-92.638,14.973,5.127,0.02,19.001,0
51.737,-73.184,-93.318,20.134,25.573,0.02,36.462,0
142.572,-81.105,-95.798,14.693,8.285,0.02,31.969,0
147.053,-85.959,-96.71,10.751,8.463,0.02,36.696,0
22.353,-67.708,-94.629,26.921,18.748,0.2561,25.295,1
54.854,-70.428,-96.395,25.967,1.859,0.3315,17.429,1
35.156,-71.524,-86.415,14.891,8.776,0.1836,19.139,0
32.084,-62.895,-97.257,34.362,2.687,0.5018,11.651,1
76.192,-75.827,-91.479,15.652,1.368,0.103,17.497,0
86.755,-71.349,-90.475,19.126,3.865,0.1411,23.165,0
66.72,-81.527,-90.749,9.222,22.528,0.02,41.588,0
44.52,-69.739,-90.441,20.703,1.872,0.1428,18.138,0
45.4,-73.915,-88.688,14.772,5.8,0.1536,18.273,0
148.859,-81.625,-93.561,11.936,14.124,0.02,40.205,0
138.933,-76.632,-91.694,15.062,4.074,0.02,25.847,0
16.005,-70.654,-93.027,22.373,29.301,0.3193,34.588,0
100.2,-79.533,-87.441,7.908,8.046,0.02,32.023,0
71.247,-74.465,-84.65,10.186,1.68,0.02,28.266,0
104.878,-65.629,-96.179,30.55,3.8,0.0299,18.958,0
91.559,-74.96,-99.109,24.149,1.813,0.02,21.895,0
133.942,-78.265,-90.008,11.743,4.234,0.02,34.087,0
14.713,-62.486,-88.254,25.768,6.453,0.5124,13.495,1
55.692,-79.763,-85.151,5.388,14.327,0.02,41.468,0
147.897,-82.434,-89.417,6.983,33.306,0.02,65.715,0
31.431,-66.969,-87.115,20.146,6.643,0.2517,18.854,0
23.463,-73.647,-86.19,12.543,12.762,0.442,23.694,0
110.701,-70.787,-86.873,16.086,7.386,0.02,24.749,0
117.728,-77.664,-88.916,11.252,3.611,0.02,30.281,0
102.48,-80.28,-96.488,16.207,4.717,0.02,18.394,0
117.548,-80.23,-92.029,11.799,21.156,0.02,38.274,0
105.59,-80.028,-90.95,10.922,5.535,0.02,29.511,0
24.687,-75.694,-92.349,16.655,23.834,0.2232,31.596,0
93.192,-77.862,-92.133,14.271,8.59,0.02,26.464,0
117.647,-79.46,-86.515,7.054,9.159,0.02,37.326,0
130.5,-86.047,-94.649,8.602,18.286,0.02,48.427,0
40.704,-73.845,-89.203,15.359,9.665,0.1474,22.89,0
23.477,-68.913,-90.892,21.979,0.336,0.3796,11.059,1
118.258,-78.914,-95.001,16.087,4.301,0.02,20.391,0
42.2,-69.695,-95.768,26.073,9.084,0.3216,22.999,1
9.63,-61.11,-97.955,36.845,9.897,0.7465,13.478,1
124.656,-79.389,-90.3,10.911,9.717,0.02,31.78,0
78.369,-81.118,-92.221,11.104,7.597,0.02,30.027,0
52.362,-73.176,-94.89,21.714,8.856,0.0995,18.392,0
6.657,-64.156,-98.566,34.411,19.514,0.3875,24.388,1
10.122,-66.253,-90.486,24.233,5.991,0.4161,14.738,1
119.93,-75.969,-92.608,16.639,7.615,0.02,29.149,0
76.007,-81.012,-94.498,13.486,15.545,0.02,33.163,0
26.71,-69.557,-95.374,25.817,15.982,0.3248,28.358,1
56.983,-73.947,-92.835,18.888,2.883,0.2129,15.168,0
28.969,-70.288,-90.355,20.067,1.101,0.4581,9.722,1
21.368,-64.173,-93.155,28.982,13.7,0.2443,19.261,1
45.065,-74.281,-96.16,21.879,11.01,0.4046,22.695,0
84.679,-77.893,-92.203,14.31,8.175,0.02,25.477,0
35.451,-73.737,-88.341,14.604,14.606,0.1895,31.366,0
54.832,-72.491,-91.859,19.368,6.889,0.1243,21.216,0
74.3,-76.365,-91.761,15.396,10.669,0.02,20.749,0
65.904,-76.135,-93.14,17.005,5.551,0.1253,22.462,0
23.651,-69.409,-95.114,25.705,4.215,0.3978,12.046,1
10.636,-61.715,-95.23,33.515,6.734,0.6573,11.843,1
10.142,-62.253,-97.816,35.564,1.938,0.8264,13.345,1
55.776,-67.37,-87.866,20.496,3.918,0.1848,19.206,0
109.226,-79.595,-90.381,10.787,7.945,0.02,34.696,0
24.032,-67.09,-91.711,24.621,10.918,0.2824,18.669,1
119.112,-80.912,-90.965,10.053,18.039,0.02,48.63,0
108.773,-78.786,-90.812,12.025,7.59,0.02,32.163,0
5.572,-53.877,-94.571,40.694,4.113,0.7632,9.883,1
8.878,-57.791,-93.138,35.348,2.707,0.7631,16.87,1
33.28,-69.91,-93.66,23.75,17.107,0.1587,28.169,0
13.138,-61.894,-83.21,21.316,9.155,0.6106,17.511,1
82.045,-80.748,-88.429,7.681,7.32,0.0286,31.642,0
10.746,-60.869,-91.412,30.543,9.373,0.5276,9.474,1
121.384,-80.85,-87.219,6.369,14.722,0.02,47.383,0
76.479,-79.844,-87.661,7.817,21.761,0.02,43.739,0
110.553,-66.595,-96.832,30.237,2.311,0.02,20.547,0
113.852,-82.509,-92.78,10.271,6.849,0.02,31.924,0
78.481,-77.17,-92.057,14.887,13.829,0.02,26.295,0
139.178,-79.128,-89.86,10.731,2.504,0.02,31.442,0
148.585,-84.26,-92.784,8.524,27.232,0.02,54.33,0
57.086,-76.32,-92.345,16.025,6.787,0.1279,15.81,0
23.25,-70.969,-93.615,22.646,29.824,0.2089,37.33,0
57.67,-75.793,-88.329,12.536,2.148,0.02,17.698,0
37.386,-71.466,-97.052,25.586,16.683,0.1634,21.856,0
81.996,-74.908,-93.496,18.588,4.704,0.02,17.361,0
59.866,-74.651,-98.453,23.802,8.336,0.0954,21.907,0
74.665,-76.559,-95.604,19.044,12.776,0.02,27.314,0
115.662,-75.224,-90.89,15.666,15.743,0.02,37.213,0
44.733,-70.763,-90.823,20.06,11.356,0.1172,25.63,0
82.934,-75.6,-93.096,17.496,8.015,0.02,24.605,0
53.598,-72.055,-88.066,16.011,9.23,0.0967,19.903,0
118.819,-83.894,-87.261,3.367,35.0,0.02,66.303,0
97.733,-77.514,-92.242,14.728,17.566,0.02,35.058,0
6.233,-59.061,-91.123,32.063,3.556,0.6224,14.307,1
100.707,-71.052,-93.584,22.532,9.092,0.02,27.614,0
29.673,-69.177,-89.806,20.629,11.831,0.3952,20.443,1
110.049,-68.129,-96.179,28.05,0.63,0.02,20.092,0
87.264,-72.027,-85.715,13.688,19.037,0.02,35.054,0
63.215,-74.921,-88.01,13.089,3.899,0.02,15.222,0
105.64,-76.49,-96.196,19.706,5.056,0.02,22.583,0
129.206,-77.087,-94.762,17.675,2.932,0.02,22.532,0
117.918,-77.517,-90.526,13.008,16.785,0.02,39.675,0
84.08,-76.864,-93.184,16.32,13.233,0.02,25.558,0
109.791,-76.329,-90.094,13.765,17.419,0.02,33.914,0
65.018,-82.69,-93.258,10.567,22.94,0.02,43.997,0
119.409,-80.881,-86.663,5.782,10.01,0.02,39.553,0
125.213,-79.087,-91.971,12.884,5.678,0.02,26.871,0
24.908,-70.186,-83.528,13.342,10.143,0.1909,23.183,0
39.515,-75.565,-89.891,14.326,5.022,0.2908,19.198,0
44.148,-70.003,-96.723,26.72,12.596,0.1157,27.243,0
29.082,-74.453,-84.697,10.244,19.488,0.0935,34.22,0
61.918,-75.335,-88.155,12.82,4.131,0.02,20.218,0
32.99,-67.888,-90.669,22.782,10.208,0.3577,20.078,1
91.353,-73.087,-89.737,16.65,7.861,0.02,22.703,0
19.734,-67.895,-96.162,28.266,8.293,0.4405,18.522,1
44.138,-76.557,-98.315,21.758,16.568,0.1151,26.502,0
101.5,-80.756,-92.146,11.39,11.981,0.02,30.932,0
62.789,-70.615,-87.174,16.559,6.882,0.02,16.056,0
66.112,-70.942,-90.615,19.673,7.575,0.0274,21.113,0
120.699,-77.951,-86.018,8.067,9.184,0.02,39.593,0
147.754,-79.538,-87.376,7.838,8.75,0.02,38.962,0
86.935,-80.634,-91.928,11.293,9.173,0.02,26.873,0
16.465,-64.82,-87.857,23.037,14.669,0.4899,26.685,1
19.921,-62.824,-86.671,23.847,2.88,0.6154,11.698,1
145.433,-80.341,-92.281,11.94,12.089,0.02,39.957,0
103.489,-78.057,-92.748,14.691,13.041,0.02,33.151,0
114.108,-85.566,-91.508,5.942,28.686,0.02,61.685,0
102.986,-74.113,-100.442,26.329,7.987,0.02,25.345,0
31.045,-74.155,-91.018,16.864,11.943,0.2665,18.28,0
70.013,-76.684,-89.478,12.794,16.475,0.02,28.137,0
120.722,-78.106,-91.494,13.389,11.765,0.02,32.254,0
130.623,-74.49,-90.794,16.304,1.201,0.02,26.385,0
39.414,-66.461,-92.152,25.691,1.376,0.2987,13.365,1
91.414,-73.263,-98.99,25.727,7.439,0.02,27.23,0
27.78,-69.551,-86.181,16.63,8.642,0.3449,16.127,0
143.95,-73.557,-93.287,19.731,10.904,0.02,35.84,0
41.57,-66.988,-94.162,27.175,2.671,0.3264,16.247,1
110.362,-80.229,-87.247,7.018,13.345,0.02,42.548,0
38.511,-70.593,-88.575,17.982,2.71,0.2489,16.637,0
94.328,-75.459,-91.044,15.586,11.646,0.02,26.492,0
100.593,-77.981,-89.307,11.326,3.605,0.02,27.604,0
52.622,-77.759,-96.042,18.283,12.859,0.02,22.722,0
123.731,-80.356,-92.283,11.927,16.537,0.02,38.032,0
133.379,-85.521,-87.468,1.947,4.432,0.02,41.308,0
128.985,-78.812,-94.37,15.558,11.51,0.02,29.023,0
52.966,-71.436,-95.494,24.058,9.746,0.1459,17.725,0
112.929,-78.309,-91.725,13.416,4.248,0.02,31.022,0
86.126,-71.841,-91.643,19.802,2.561,0.02,15.912,0
90.931,-75.307,-89.733,14.426,13.538,0.02,32.664,0
74.227,-82.018,-96.824,14.805,26.081,0.02,34.948,0
92.038,-76.482,-100.923,24.441,6.873,0.02,21.945,0
24.67,-67.896,-88.776,20.88,1.233,0.4923,10.681,1
64.283,-73.841,-95.79,21.95,0.626,0.1274,18.547,0
30.762,-66.01,-94.135,28.125,9.123,0.469,20.114,1
45.615,-68.877,-99.641,30.764,1.956,0.394,11.641,1
23.533,-68.226,-88.42,20.194,1.551,0.4538,11.138,1
35.812,-68.84,-90.774,21.934,4.16,0.3893,18.291,1
118.38,-81.913,-90.914,9.002,13.283,0.02,42.816,0
84.726,-78.62,-90.938,12.318,12.506,0.02,29.812,0
8.428,-56.785,-99.211,42.426,13.871,0.6461,17.651,1
119.336,-70.513,-95.448,24.935,5.547,0.02,23.32,0
136.873,-73.838,-93.581,19.743,5.888,0.02,28.684,0
132.662,-80.409,-94.621,14.211,17.306,0.02,33.558,0
124.337,-78.09,-92.95,14.86,6.559,0.02,26.099,0
148.871,-76.025,-91.138,15.114,2.506,0.02,22.095,0
90.028,-75.654,-88.477,12.823,4.362,0.02,22.76,0
144.575,-85.462,-97.181,11.719,14.031,0.02,40.957,0
142.582,-75.094,-92.031,16.937,11.346,0.02,32.308,0
50.42,-76.091,-89.51,13.419,7.346,0.0774,23.605,0
130.198,-74.388,-95.234,20.846,1.806,0.02,25.707,0
119.909,-77.055,-92.675,15.62,11.28,0.02,39.469,0
117.491,-72.616,-90.367,17.751,6.294,0.02,27.683,0
134.961,-75.807,-91.961,16.154,2.472,0.02,25.226,0
60.708,-76.87,-89.64,12.77,13.792,0.02,27.967,0
63.008,-70.667,-91.669,21.002,6.58,0.0465,22.459,0
97.808,-78.511,-93.092,14.581,8.792,0.02,30.191,0
111.982,-83.36,-96.104,12.744,19.124,0.02,37.879,0
132.562,-85.375,-91.135,5.76,10.527,0.02,42.266,0
131.998,-80.732,-91.65,10.918,13.078,0.02,37.064,0
109.594,-83.189,-95.475,12.286,8.351,0.02,26.968,0
143.749,-77.022,-89.963,12.941,14.966,0.02,38.687,0
30.901,-72.979,-87.562,14.583,3.05,0.3315,11.049,0
142.799,-79.793,-94.31,14.517,1.805,0.02,24.333,0
14.308,-63.866,-94.547,30.681,2.74,0.7493,12.697,1
85.565,-75.403,-94.675,19.272,5.924,0.02,22.595,0
18.079,-69.146,-97.875,28.729,13.067,0.4561,20.328,1
87.36,-72.539,-84.984,12.445,5.331,0.02,21.238,0
61.566,-74.515,-93.571,19.056,12.792,0.02,28.717,0
16.833,-65.317,-95.005,29.688,9.142,0.526,13.492,1
98.977,-83.517,-95.944,12.427,29.104,0.02,47.987,0
111.024,-76.761,-93.358,16.597,9.335,0.02,31.218,0
30.257,-64.291,-94.433,30.143,4.864,0.5483,15.632,1
105.693,-70.493,-86.967,16.474,11.883,0.02,32.461,0
30.962,-72.223,-96.371,24.148,8.649,0.4693,20.155,1
24.922,-67.183,-97.385,30.202,3.056,0.4148,9.76,1
26.368,-73.728,-90.069,16.341,7.263,0.3914,20.453,0
91.866,-74.616,-92.375,17.759,7.144,0.02,22.143,0
117.925,-82.553,-92.78,10.227,7.475,0.02,32.13,0
91.55,-75.028,-90.041,15.014,3.255,0.02,21.794,0
122.356,-78.78,-91.522,12.741,26.332,0.02,44.727,0
90.764,-76.782,-92.164,15.382,2.013,0.02,21.238,0
120.612,-83.788,-96.92,13.131,19.367,0.02,41.162,0
146.596,-76.133,-97.838,21.705,8.064,0.02,34.053,0
61.689,-71.087,-94.451,23.365,3.796,0.0274,20.454,0
26.742,-74.759,-95.795,21.036,23.591,0.2904,31.394,0
24.633,-65.732,-91.058,25.325,0.355,0.6393,9.742,1
91.634,-78.521,-98.296,19.774,3.753,0.02,18.712,0
84.33,-72.828,-93.565,20.737,6.888,0.02,22.007,0
31.714,-68.316,-92.606,24.29,4.24,0.3099,12.733,1
132.905,-74.719,-92.139,17.42,7.545,0.02,27.308,0
143.729,-83.606,-90.604,6.998,12.369,0.02,41.545,0
41.716,-69.57,-93.143,23.573,2.548,0.3962,12.029,1
34.998,-70.501,-94.336,23.836,9.713,0.2479,23.661,1
36.019,-70.602,-87.644,17.043,13.224,0.1941,20.152,0
61.176,-74.666,-93.12,18.454,2.828,0.0514,13.091,0
128.718,-86.151,-87.033,0.882,9.138,0.02,47.048,0
91.414,-74.574,-93.138,18.564,7.094,0.02,26.939,0
14.795,-63.057,-92.057,29.0,3.396,0.5818,10.183,1
73.582,-76.917,-92.486,15.569,3.692,0.02,17.91,0
18.098,-66.19,-91.191,25.001,3.73,0.4722,13.868,1
63.901,-77.311,-93.469,16.158,5.495,0.099,20.649,0
63.51,-79.349,-91.664,12.315,5.558,0.02,22.836,0
99.011,-76.601,-86.642,10.041,19.851,0.02,43.678,0
84.671,-74.993,-88.329,13.336,10.235,0.02,30.413,0
131.839,-83.882,-88.305,4.423,10.456,0.02,42.179,0
7.36,-51.871,-96.697,44.826,8.794,0.8964,14.943,1
117.23,-82.171,-96.13,13.96,9.346,0.02,27.487,0
8.285,-58.562,-91.238,32.676,10.979,0.5926,17.782,1
49.122,-71.463,-89.302,17.839,2.986,0.1898,18.7,0
132.551,-83.032,-93.817,10.785,7.341,0.02,36.194,0
105.11,-75.88,-94.442,18.561,3.833,0.02,21.745,0
29.94,-71.104,-87.122,16.018,15.57,0.2479,27.016,0
76.164,-76.854,-89.599,12.746,5.091,0.02,28.644,0
109.676,-74.717,-88.297,13.58,11.082,0.02,27.812,0
140.915,-78.834,-93.545,14.711,12.531,0.02,32.112,0
96.977,-75.404,-93.82,18.416,9.793,0.02,25.833,0
8.578,-61.205,-88.679,27.474,9.044,0.5979,17.937,1
77.457,-74.59,-92.92,18.329,8.027,0.02,24.259,0
27.179,-69.437,-94.138,24.701,12.96,0.5294,19.727,1
11.928,-60.363,-95.196,34.833,4.097,0.6429,13.327,1
91.784,-80.206,-93.79,13.584,10.351,0.02,30.591,0
117.654,-84.358,-88.937,4.579,1.447,0.02,32.606,0
10.229,-56.884,-97.284,40.4,4.892,0.674,13.8,1
118.62,-78.132,-89.798,11.666,5.424,0.02,27.876,0
107.426,-75.042,-94.479,19.437,2.213,0.02,17.125,0
114.038,-80.594,-92.736,12.142,9.055,0.02,34.008,0
40.486,-71.071,-92.512,21.441,4.334,0.3931,17.113,1
62.071,-71.491,-92.773,21.282,17.744,0.02,27.931,0
22.364,-65.643,-93.005,27.362,6.626,0.5047,18.49,1
39.639,-65.237,-93.555,28.319,12.321,0.2332,28.353,1
48.905,-71.33,-94.0,22.67,15.796,0.0503,27.371,0
51.318,-75.439,-87.381,11.941,11.271,0.02,24.101,0
30.381,-67.394,-91.912,24.518,5.904,0.4171,15.598,1
32.363,-64.53,-92.441,27.911,7.998,0.4404,13.584,1
135.713,-77.723,-94.256,16.533,2.229,0.02,23.277,0
118.665,-77.562,-93.428,15.866,12.464,0.02,30.124,0
54.949,-73.391,-94.244,20.853,29.869,0.02,42.332,0
142.408,-88.294,-89.321,1.027,14.924,0.02,53.74,0
39.644,-68.422,-94.638,26.215,5.694,0.3528,19.327,1
63.989,-69.901,-99.862,29.961,6.135,0.2301,17.92,1
122.961,-82.629,-91.796,9.167,15.366,0.02,41.993,0
69.219,-70.644,-92.978,22.334,2.599,0.0612,13.745,0
39.021,-70.197,-94.05,23.853,4.522,0.3231,13.301,1
58.438,-78.131,-88.81,10.679,4.856,0.0914,26.223,0
77.605,-71.951,-101.567,29.616,1.341,0.0636,19.643,0
94.993,-77.637,-86.483,8.846,10.744,0.02,34.149,0
63.813,-74.071,-88.309,14.238,5.763,0.02,21.933,0
67.539,-72.312,-94.198,21.886,5.803,0.0879,21.926,0
43.272,-74.594,-93.578,18.984,8.752,0.1827,17.534,0
82.625,-72.552,-90.235,17.683,1.886,0.02,19.088,0
36.821,-73.1,-90.141,17.041,7.444,0.4445,18.412,0
130.791,-73.514,-94.219,20.705,1.852,0.02,23.623,0
113.368,-75.416,-97.659,22.242,10.726,0.02,28.687,0
64.49,-71.508,-84.602,13.094,16.766,0.02,26.88,0
113.348,-77.778,-88.654,10.875,12.42,0.02,36.705,0
6.014,-58.539,-91.451,32.912,4.92,0.6383,12.614,1
54.951,-76.115,-91.385,15.27,11.483,0.0457,22.998,0
68.844,-76.856,-89.825,12.97,6.458,0.02,19.434,0
73.121,-75.842,-89.406,13.564,8.415,0.02,27.398,0
113.566,-80.964,-99.302,18.338,11.023,0.02,29.379,0
144.607,-77.462,-93.228,15.766,0.286,0.02,17.661,0
60.1,-74.992,-93.592,18.6,1.485,0.131,18.748,0
55.837,-74.999,-92.565,17.566,6.827,0.0632,20.794,0
93.525,-77.298,-89.302,12.004,4.022,0.02,27.47,0
45.782,-74.239,-98.265,24.026,7.616,0.2493,18.691,0
25.496,-69.07,-96.722,27.652,8.617,0.4567,18.272,1
144.423,-77.61,-94.386,16.776,4.953,0.02,29.562,0
122.382,-81.071,-91.46,10.389,5.998,0.02,33.18,0
143.982,-82.613,-89.088,6.475,3.26,0.02,36.922,0
36.586,-71.246,-86.29,15.045,9.407,0.1321,18.53,0
7.582,-64.008,-93.002,28.994,13.486,0.5341,14.492,1
68.403,-69.559,-89.093,19.535,1.954,0.1902,18.884,0
140.373,-82.872,-89.514,6.643,13.014,0.02,47.811,0
25.057,-68.118,-90.104,21.986,10.314,0.2955,21.654,1
21.992,-66.4,-92.085,25.685,12.346,0.4355,24.165,1
14.998,-69.826,-93.398,23.572,17.034,0.467,22.514,1
115.928,-80.37,-95.729,15.359,4.961,0.02,23.194,0
118.959,-81.982,-95.961,13.979,15.344,0.02,33.946,0
105.83,-77.307,-90.785,13.478,17.224,0.02,31.323,0
12.727,-56.439,-92.19,35.751,2.208,0.6484,9.766,1
109.877,-72.631,-93.454,20.823,8.639,0.02,27.189,0
70.051,-71.201,-89.673,18.473,8.387,0.02,25.173,0
27.895,-74.253,-92.702,18.448,17.943,0.0964,28.236,0
47.793,-80.316,-95.196,14.88,35.0,0.02,42.874,0
77.666,-72.387,-92.933,20.546,12.444,0.02,29.358,0
52.799,-72.149,-89.128,16.979,26.736,0.02,38.11,0
145.614,-76.885,-95.582,18.697,4.224,0.02,22.284,0
73.838,-73.62,-91.268,17.647,11.643,0.02,26.387,0
58.962,-74.93,-92.194,17.264,7.487,0.1565,22.673,0
102.609,-73.024,-94.663,21.639,10.885,0.02,29.468,0
99.329,-80.481,-93.027,12.546,12.591,0.02,29.842,0
5.354,-63.129,-97.501,34.372,14.114,0.4754,18.962,1
94.679,-74.248,-91.616,17.368,6.079,0.02,28.198,0
40.347,-72.655,-96.777,24.121,6.988,0.2886,16.147,1
59.409,-78.763,-88.246,9.483,13.346,0.1773,33.908,0
107.421,-75.644,-92.322,16.678,9.819,0.02,21.361,0
85.821,-81.157,-94.001,12.845,4.59,0.02,27.101,0
58.455,-72.15,-87.938,15.788,7.138,0.02,22.34,0
29.275,-71.841,-95.611,23.77,16.106,0.2857,29.836,0
78.295,-70.022,-94.617,24.595,3.548,0.0988,16.484,0
51.308,-71.351,-98.402,27.051,7.718,0.2261,23.22,1
137.375,-75.303,-87.417,12.113,2.509,0.02,25.53,0
82.48,-81.147,-85.445,4.298,17.078,0.02,50.57,0
130.565,-89.752,-97.858,8.106,35.0,0.02,56.277,0
61.576,-77.574,-94.855,17.281,20.202,0.02,35.042,0
124.978,-76.577,-91.756,15.178,5.233,0.02,25.396,0
13.198,-62.573,-93.805,31.232,5.211,0.5715,15.809,1
48.227,-70.589,-92.11,21.52,16.463,0.0446,29.144,0
16.336,-64.607,-92.412,27.805,15.097,0.4363,24.46,1
9.589,-67.108,-90.574,23.465,22.174,0.2817,35.092,1
138.235,-78.276,-95.363,17.087,8.02,0.02,33.739,0
108.946,-76.517,-91.326,14.809,3.103,0.02,23.512,0
95.641,-73.327,-95.906,22.579,8.164,0.02,25.553,0
82.211,-78.687,-93.442,14.754,7.27,0.02,26.942,0
87.585,-83.184,-98.079,14.894,31.496,0.02,49.268,0
97.61,-77.0,-93.416,16.415,12.714,0.02,29.621,0
124.854,-73.416,-94.005,20.588,1.495,0.02,22.126,0
91.549,-78.413,-88.697,10.284,13.061,0.02,33.258,0
113.544,-78.348,-92.207,13.859,17.192,0.02,37.354,0
45.742,-73.36,-91.571,18.211,15.421,0.0891,27.152,0
146.63,-81.564,-92.079,10.515,14.803,0.02,44.871,0
9.625,-58.033,-99.452,41.419,9.687,0.701,22.356,1
61.054,-73.458,-98.989,25.531,6.999,0.1269,23.641,0
132.897,-79.707,-93.115,13.409,2.931,0.02,28.94,0
31.176,-73.857,-91.025,17.168,23.171,0.1658,31.553,0
25.494,-69.624,-92.822,23.198,11.915,0.5256,20.405,1
57.987,-75.172,-95.024,19.852,5.331,0.1346,20.615,0
67.088,-75.542,-92.841,17.299,8.927,0.0488,24.345,0
140.342,-78.586,-93.145,14.558,2.958,0.02,27.214,0
126.237,-78.349,-89.273,10.925,8.868,0.02,32.0,0
72.293,-80.296,-89.469,9.174,18.889,0.02,38.061,0
146.081,-82.332,-93.937,11.605,13.101,0.02,38.0,0
98.13,-80.159,-92.175,12.016,16.792,0.02,39.021,0
131.681,-83.208,-91.033,7.825,15.946,0.02,45.687,0
40.678,-73.546,-90.514,16.968,11.209,0.1113,26.106,0
75.9,-72.672,-86.216,13.544,7.37,0.02,21.832,0
9.309,-56.462,-92.099,35.637,6.173,0.7198,12.09,1
6.288,-61.951,-87.909,25.958,22.098,0.3487,28.06,1
107.291,-80.882,-96.06,15.178,12.217,0.02,28.428,0
22.153,-67.903,-94.232,26.329,11.58,0.3664,18.669,1
84.432,-76.821,-99.475,22.654,12.166,0.02,27.646,0
105.921,-75.476,-91.47,15.995,6.68,0.02,24.943,0
9.674,-62.992,-89.734,26.741,11.085,0.7153,15.831,1
70.068,-75.953,-100.944,24.991,4.908,0.02,17.975,0
104.202,-69.896,-91.341,21.445,5.743,0.02,25.415,0
134.011,-84.428,-89.885,5.457,13.484,0.02,46.248,0
48.388,-70.451,-90.085,19.633,11.912,0.0777,21.53,0
146.261,-76.746,-96.186,19.439,13.784,0.02,34.153,0
127.459,-81.297,-89.294,7.997,15.164,0.02,41.154,0
99.342,-75.798,-91.967,16.17,6.734,0.02,28.462,0
61.829,-79.185,-89.931,10.746,8.395,0.02,29.921,0
108.111,-78.898,-92.441,13.542,13.071,0.02,38.765,0
123.348,-74.683,-90.666,15.983,4.436,0.02,24.582,0
48.978,-70.566,-88.118,17.551,0.357,0.1608,12.349,0
148.96,-78.854,-92.714,13.86,1.918,0.02,24.068,0
136.75,-73.901,-91.006,17.104,5.564,0.02,27.829,0
75.398,-72.761,-87.626,14.865,6.821,0.02,20.748,0
109.81,-76.497,-92.466,15.969,10.776,0.02,26.28,0
80.981,-80.258,-95.939,15.681,17.378,0.02,35.048,0
115.335,-85.569,-89.634,4.065,7.134,0.02,41.362,0
124.912,-77.286,-86.978,9.692,5.215,0.02,33.271,0
8.367,-59.149,-87.489,28.34,2.941,0.7606,12.034,1
16.474,-61.946,-89.498,27.551,4.742,0.593,14.947,1
53.788,-72.069,-100.205,28.135,4.679,0.1039,13.219,1
138.054,-79.776,-94.225,14.45,9.259,0.02,28.031,0
62.75,-73.426,-94.046,20.62,4.698,0.1058,23.108,0
133.689,-82.474,-91.843,9.369,6.552,0.02,35.032,0
72.053,-80.281,-86.091,5.81,6.033,0.02,34.532,0
46.884,-74.922,-95.782,20.86,8.563,0.1202,22.388,0
135.594,-83.759,-84.152,0.393,12.593,0.02,52.405,0
86.297,-77.144,-93.338,16.194,11.071,0.02,23.92,0
57.27,-77.64,-94.684,17.044,3.99,0.0656,13.902,0
11.439,-63.269,-89.042,25.773,5.451,0.6776,11.529,1
21.085,-62.068,-88.765,26.697,14.28,0.3674,21.24,1
25.2,-69.795,-89.725,19.93,16.661,0.2837,23.611,0
57.901,-72.389,-94.693,22.304,2.57,0.1781,12.883,0
93.063,-75.719,-90.243,14.524,2.243,0.02,22.293,0
49.601,-74.822,-95.617,20.796,22.566,0.1411,36.953,0
14.502,-64.573,-94.79,30.218,2.972,0.7352,9.788,1
43.397,-71.389,-92.332,20.944,4.386,0.3408,12.008,1
64.259,-75.707,-94.87,19.163,6.69,0.02,20.596,0
148.879,-83.909,-88.315,4.406,4.242,0.02,45.323,0
61.983,-69.866,-94.024,24.158,4.459,0.1992,14.886,0
17.933,-67.417,-92.772,25.355,4.475,0.6031,10.564,1
89.262,-72.074,-95.081,23.007,9.243,0.02,19.325,0
138.348,-80.73,-88.368,7.639,1.817,0.02,34.422,0
119.071,-83.962,-94.331,10.369,14.285,0.02,36.747,0
126.252,-72.078,-88.003,15.925,2.247,0.02,24.848,0
139.594,-86.752,-88.26,1.508,20.894,0.02,61.465,0
97.299,-83.546,-93.561,10.015,5.628,0.02,33.511,0
149.264,-83.986,-91.896,7.911,5.233,0.02,40.303,0
9.826,-60.394,-93.658,33.264,1.429,0.6748,6.308,1
126.052,-81.693,-90.09,8.397,1.272,0.02,30.297,0
129.267,-80.855,-92.681,11.825,7.835,0.02,35.271,0
137.922,-84.432,-93.461,9.03,1.403,0.02,27.993,0
74.335,-71.357,-91.838,20.481,4.32,0.1012,18.376,0
119.225,-78.204,-97.538,19.333,12.128,0.02,31.012,0
33.287,-73.783,-92.265,18.482,9.064,0.2427,19.361,0
92.454,-83.463,-89.726,6.264,6.225,0.02,35.818,0
57.004,-76.302,-91.517,15.215,8.4,0.2026,19.561,0
91.445,-75.711,-88.669,12.958,12.332,0.02,28.761,0
102.956,-73.89,-93.321,19.43,5.506,0.02,24.379,0
55.325,-75.212,-93.608,18.396,14.01,0.0934,25.694,0
36.355,-71.855,-95.911,24.056,7.826,0.2963,23.964,1
51.645,-76.2,-93.42,17.22,16.197,0.1088,24.966,0
101.274,-76.66,-85.119,8.46,8.342,0.02,34.647,0
103.147,-73.84,-91.036,17.196,2.262,0.02,17.039,0
112.491,-77.911,-94.049,16.139,4.234,0.02,23.975,0
23.348,-68.344,-95.521,27.177,7.571,0.328,16.63,1
123.685,-81.951,-97.595,15.644,35.0,0.02,53.18,0
104.781,-72.451,-94.906,22.456,3.965,0.02,20.261,0
9.423,-66.233,-89.343,23.11,29.846,0.2946,31.206,0
53.662,-74.232,-93.495,19.263,14.978,0.02,30.037,0
72.673,-78.944,-95.354,16.41,15.454,0.0732,31.425,0
57.29,-74.178,-94.969,20.79,12.369,0.02,27.218,0
22.025,-73.711,-89.727,16.016,28.139,0.1947,37.75,0
35.065,-65.179,-92.284,27.106,4.549,0.3324,15.849,1
8.561,-59.007,-94.195,35.188,14.64,0.6505,23.561,1
18.496,-59.416,-93.079,33.664,2.684,0.6106,9.999,1
43.614,-72.648,-84.279,11.631,4.589,0.1118,20.165,0
123.896,-73.7,-87.731,14.031,13.029,0.02,36.31,0
81.362,-76.788,-86.86,10.071,15.694,0.02,42.235,0
66.552,-75.532,-98.132,22.601,10.717,0.02,25.121,0
101.014,-72.343,-92.529,20.185,1.156,0.02,10.875,0
83.519,-78.401,-94.257,15.856,3.87,0.02,20.723,0
24.07,-66.272,-90.097,23.824,2.265,0.5623,15.992,1
37.28,-70.876,-88.291,17.415,7.232,0.1991,17.477,0
37.266,-68.149,-90.858,22.708,2.223,0.1901,11.217,1
91.993,-77.515,-95.054,17.539,4.737,0.02,23.865,0
71.936,-76.072,-94.314,18.242,4.629,0.0231,18.473,0
61.2,-77.22,-89.828,12.608,18.368,0.02,33.096,0
85.713,-76.628,-89.48,12.852,5.058,0.02,19.956,0
145.667,-84.042,-91.507,7.465,29.239,0.02,55.306,0
50.558,-68.348,-91.546,23.197,5.676,0.2214,20.254,0
80.428,-83.125,-91.825,8.699,11.765,0.02,32.361,0
74.654,-73.4,-91.058,17.658,9.569,0.04,28.5,0
108.913,-79.536,-89.494,9.958,8.548,0.02,38.628,0
110.892,-80.028,-89.794,9.767,14.781,0.02,37.109,0
110.715,-81.314,-91.917,10.604,7.649,0.02,30.384,0
34.22,-69.173,-92.172,22.998,4.735,0.2954,17.446,1
70.119,-77.149,-92.306,15.156,13.127,0.02,30.644,0
122.62,-78.563,-94.731,16.168,3.275,0.02,23.632,0
60.322,-71.733,-94.776,23.042,5.892,0.2226,17.707,0
147.717,-79.572,-90.096,10.524,14.754,0.02,41.351,0
57.894,-69.172,-94.495,25.323,7.065,0.1508,20.428,0
77.162,-77.998,-89.151,11.153,11.031,0.02,29.685,0
73.806,-73.61,-92.18,18.57,9.756,0.02,27.21,0
67.881,-72.224,-89.131,16.908,4.999,0.02,17.553,0
127.617,-78.702,-89.771,11.068,7.273,0.02,33.959,0
27.515,-62.42,-89.05,26.63,3.132,0.4297,15.475,1
87.311,-80.087,-93.667,13.581,16.491,0.02,33.585,0
94.697,-76.196,-90.569,14.373,6.053,0.02,23.23,0
128.427,-80.11,-89.417,9.308,17.348,0.02,44.365,0
93.334,-80.286,-97.43,17.143,6.777,0.02,21.255,0
144.203,-76.892,-86.044,9.152,11.633,0.02,43.014,0
131.464,-78.672,-84.069,5.397,3.175,0.02,37.121,0
55.567,-73.542,-88.684,15.142,15.603,0.1037,26.97,0
129.686,-74.288,-89.179,14.892,7.022,0.02,24.701,0
143.979,-78.768,-89.939,11.171,5.319,0.02,37.415,0
42.294,-70.281,-93.132,22.851,2.828,0.5029,16.918,1
93.48,-82.149,-92.386,10.237,35.0,0.02,51.866,0
45.862,-73.883,-88.625,14.741,2.344,0.1946,16.471,0
99.187,-82.638,-95.406,12.768,28.682,0.02,45.333,0
18.578,-69.156,-95.713,26.556,22.906,0.2982,28.202,1
111.457,-76.715,-93.391,16.676,2.196,0.02,19.292,0
65.874,-70.291,-89.703,19.412,7.554,0.1538,22.683,0
90.16,-73.715,-95.031,21.316,7.027,0.02,22.98,0
8.75,-62.199,-92.789,30.59,7.738,0.8077,15.713,1
105.839,-78.227,-92.373,14.147,9.728,0.02,29.243,0
76.919,-73.301,-95.542,22.241,17.55,0.02,33.834,0
95.661,-81.224,-100.539,19.316,2.717,0.02,25.791,0
50.772,-73.204,-95.593,22.389,7.077,0.1903,18.788,0
26.144,-71.486,-91.087,19.6,5.368,0.419,14.383,1
68.137,-66.796,-90.298,23.502,4.88,0.1618,19.471,0
141.877,-77.531,-90.27,12.739,8.002,0.02,34.317,0
38.03,-71.891,-89.866,17.976,6.517,0.3934,20.412,0
102.997,-76.244,-94.192,17.948,0.575,0.02,16.329,0
12.227,-65.648,-94.942,29.294,9.844,0.505,24.145,1
109.124,-70.681,-90.687,20.007,1.157,0.02,17.008,0
39.573,-79.502,-92.741,13.239,16.235,0.1215,31.262,0
70.47,-74.136,-88.825,14.69,8.667,0.02,25.161,0
58.324,-73.501,-90.665,17.164,6.086,0.0433,15.806,0
21.362,-68.599,-87.507,18.908,2.108,0.438,12.707,1
55.109,-74.443,-93.629,19.186,10.066,0.02,18.205,0
55.768,-78.135,-88.264,10.129,7.571,0.1226,25.137,0
80.705,-71.215,-84.879,13.664,7.986,0.02,24.96,0
145.991,-80.143,-91.812,11.669,8.869,0.02,35.599,0
73.153,-73.367,-90.252,16.885,12.342,0.02,29.536,0
137.592,-81.451,-95.257,13.806,9.814,0.02,30.532,0
71.926,-73.848,-88.871,15.022,21.778,0.02,35.702,0
20.594,-67.195,-88.048,20.853,12.315,0.2842,23.457,1
38.372,-67.869,-93.731,25.862,9.634,0.2312,20.363,1
64.09,-72.672,-89.948,17.276,8.247,0.1042,21.818,0
52.178,-72.099,-91.018,18.919,3.509,0.2695,12.733,0
130.545,-75.032,-90.632,15.6,1.812,0.02,18.64,0
103.404,-63.579,-89.158,25.579,0.432,0.02,16.626,0
88.855,-80.755,-90.184,9.429,11.829,0.02,38.81,0
76.228,-75.827,-92.486,16.659,7.671,0.02,26.017,0
62.604,-78.955,-89.083,10.129,12.559,0.02,35.505,0
93.768,-78.283,-88.109,9.826,20.788,0.02,44.257,0
23.068,-66.368,-93.94,27.572,7.104,0.5058,18.006,1
28.567,-61.734,-92.006,30.273,2.256,0.6095,11.86,1
48.952,-74.674,-98.19,23.516,15.257,0.02,25.695,0
29.822,-65.874,-89.957,24.083,6.604,0.4773,11.846,1
103.179,-83.215,-87.719,4.504,4.711,0.02,37.776,0
8.591,-59.183,-92.901,33.717,4.386,0.7885,13.985,1
28.226,-71.984,-91.533,19.549,11.738,0.3716,19.845,0
135.878,-78.491,-92.771,14.28,11.603,0.02,35.32,0
149.644,-78.736,-93.344,14.608,17.861,0.02,42.66,0
75.701,-76.269,-91.187,14.918,2.937,0.02,15.521,0
76.829,-72.941,-94.745,21.804,2.89,0.1003,24.059,0
117.143,-79.785,-92.823,13.038,8.992,0.02,31.914,0
10.247,-61.8,-95.166,33.366,9.777,0.6351,21.702,1
66.918,-75.034,-89.938,14.905,16.212,0.02,27.696,0
19.475,-70.866,-91.163,20.296,17.032,0.3295,28.903,0
63.134,-77.362,-93.509,16.147,8.72,0.02,23.816,0
147.654,-79.483,-91.87,12.387,17.804,0.02,41.714,0
114.277,-80.264,-92.773,12.509,7.44,0.02,26.862,0
147.832,-76.197,-87.996,11.799,7.518,0.02,34.055,0
113.177,-83.289,-93.544,10.254,6.436,0.02,33.702,0
93.176,-73.072,-89.777,16.706,2.763,0.02,19.996,0
114.362,-77.062,-94.468,17.406,1.691,0.02,21.179,0
100.568,-77.909,-89.15,11.241,8.861,0.02,30.075,0
72.29,-76.212,-88.369,12.157,15.463,0.02,29.818,0
47.419,-75.877,-88.204,12.328,4.536,0.1468,21.009,0
80.426,-74.304,-86.851,12.548,16.835,0.02,32.302,0
42.482,-75.198,-90.976,15.778,20.199,0.0532,32.805,0
75.568,-77.549,-87.667,10.118,5.883,0.02,29.787,0
26.19,-60.27,-86.315,26.045,1.286,0.4792,15.95,1
86.982,-77.175,-95.927,18.752,6.407,0.02,21.521,0
40.566,-72.765,-94.111,21.346,3.134,0.3959,14.771,1
47.573,-71.322,-97.235,25.913,15.533,0.2703,23.058,0
77.359,-75.08,-88.286,13.206,9.187,0.02,25.128,0
28.566,-64.334,-97.28,32.946,1.267,0.4323,11.982,1
144.545,-80.334,-98.229,17.895,11.041,0.02,32.587,0
69.807,-73.706,-95.841,22.135,16.262,0.0496,28.666,0
56.08,-67.309,-98.084,30.775,8.345,0.3022,19.553,1
9.234,-62.615,-91.047,28.433,5.393,0.5154,14.386,1
127.272,-80.959,-95.796,14.837,10.451,0.02,29.614,0
95.746,-84.981,-97.916,12.935,23.296,0.02,44.709,0
65.379,-75.348,-92.147,16.799,18.122,0.0574,31.479,0
40.602,-69.662,-91.94,22.278,2.422,0.3573,12.906,1
113.045,-74.701,-98.544,23.843,9.104,0.02,30.207,0
142.094,-78.995,-94.498,15.503,3.26,0.02,22.627,0
60.217,-73.603,-92.261,18.658,5.294,0.02,17.808,0
24.557,-69.285,-93.249,23.964,19.066,0.2792,24.994,0
20.833,-67.434,-93.153,25.72,9.072,0.549,17.613,1
5.922,-55.78,-87.872,32.093,3.535,0.6566,15.207,1
112.874,-77.241,-84.487,7.246,6.314,0.02,36.295,0
147.302,-79.568,-93.097,13.528,13.387,0.02,32.519,0
148.959,-80.275,-96.627,16.352,5.029,0.02,26.464,0
118.709,-77.247,-92.821,15.574,9.445,0.02,29.038,0
28.517,-66.321,-91.32,24.999,5.37,0.3519,16.411,1
146.768,-80.627,-92.186,11.559,5.829,0.02,32.304,0
52.533,-75.664,-89.863,14.199,20.378,0.02,34.639,0
53.375,-73.75,-84.258,10.508,8.841,0.02,29.047,0
104.664,-82.176,-97.996,15.82,11.81,0.02,28.716,0
12.112,-64.35,-93.775,29.425,8.722,0.5542,17.655,1
124.737,-75.469,-86.606,11.137,1.995,0.02,27.327,0
149.608,-76.672,-93.827,17.155,2.973,0.02,25.777,0
117.385,-79.976,-89.237,9.261,20.305,0.02,46.524,0
118.343,-83.797,-89.792,5.995,18.853,0.02,51.95,0
61.595,-71.213,-87.671,16.458,8.502,0.0361,22.992,0
14.559,-57.678,-85.303,27.625,4.038,0.5144,13.099,1
119.937,-75.617,-90.834,15.217,1.588,0.02,20.412,0
91.588,-81.449,-98.11,16.661,31.176,0.02,46.875,0
136.854,-81.151,-94.451,13.301,2.812,0.02,27.389,0
21.815,-66.145,-84.349,18.204,4.333,0.4046,13.841,1
49.243,-73.374,-96.95,23.576,4.975,0.3262,16.641,1
57.295,-73.337,-90.261,16.925,3.965,0.1463,17.462,0
104.076,-73.817,-100.801,26.984,7.954,0.02,23.898,0
119.223,-80.143,-96.729,16.586,28.773,0.02,42.212,0
144.348,-80.806,-88.896,8.09,7.051,0.02,42.39,0
47.834,-72.425,-91.874,19.449,9.98,0.1473,25.77,0
76.577,-76.462,-93.318,16.856,12.426,0.02,27.218,0
9.199,-63.46,-94.85,31.39,14.618,0.4036,23.425,1
41.683,-75.468,-98.988,23.52,8.509,0.2556,19.292,0
59.231,-70.425,-89.573,19.148,3.658,0.2456,18.524,0
91.102,-74.13,-92.991,18.861,12.532,0.02,28.701,0
73.273,-80.126,-97.327,17.201,23.24,0.02,36.771,0
57.849,-74.926,-91.894,16.969,4.766,0.2232,15.665,0
95.491,-74.851,-89.966,15.115,10.39,0.02,31.409,0
125.149,-81.949,-92.702,10.753,12.879,0.02,35.332,0
40.044,-74.758,-91.594,16.836,5.706,0.26,19.296,0
54.717,-75.865,-91.867,16.001,14.533,0.0446,24.608,0
107.214,-75.789,-94.474,18.685,17.783,0.02,29.862,0
117.801,-80.603,-91.81,11.207,10.391,0.02,36.865,0
124.683,-82.125,-89.427,7.302,14.153,0.02,44.465,0
35.353,-71.418,-88.379,16.961,7.068,0.1789,14.558,0
83.194,-78.525,-89.232,10.708,2.671,0.02,26.465,0
135.502,-82.588,-94.363,11.774,3.541,0.02,28.43,0
61.833,-78.511,-89.773,11.262,26.24,0.02,47.666,0
67.333,-80.859,-90.371,9.512,17.914,0.02,35.102,0
147.799,-80.391,-94.484,14.093,3.324,0.02,25.545,0
21.393,-64.915,-93.625,28.71,3.024,0.4868,14.998,1
107.312,-77.724,-89.621,11.897,12.737,0.02,33.557,0
128.277,-84.969,-87.181,2.212,35.0,0.02,68.274,0
26.865,-72.024,-98.341,26.317,8.726,0.3047,19.194,1
108.596,-78.452,-86.26,7.808,4.143,0.02,35.491,0
73.112,-75.63,-87.925,12.295,15.129,0.02,32.67,0
128.669,-79.656,-91.303,11.647,19.749,0.02,42.885,0
136.581,-81.351,-92.843,11.491,12.747,0.02,36.231,0
131.51,-82.124,-90.633,8.51,11.462,0.02,39.51,0
14.336,-62.723,-94.242,31.519,3.266,0.4922,9.669,1
114.744,-80.9,-92.622,11.722,15.333,0.02,41.002,0
138.621,-83.724,-97.163,13.438,12.915,0.02,37.525,0
95.096,-75.788,-98.095,22.307,6.209,0.02,19.959,0
92.127,-75.672,-83.837,8.165,2.404,0.02,27.599,0
11.526,-65.281,-91.779,26.499,5.773,0.4332,16.298,1
129.125,-81.133,-91.287,10.154,8.232,0.02,36.814,0
11.729,-64.2,-92.108,27.908,13.532,0.4903,21.182,1
50.459,-78.69,-94.897,16.207,15.274,0.02,26.243,0
139.25,-81.819,-93.075,11.256,7.604,0.02,34.075,0
142.713,-77.814,-91.681,13.867,7.108,0.02,29.212,0
148.826,-83.482,-92.688,9.206,17.166,0.02,49.206,0
74.078,-78.262,-94.633,16.371,10.675,0.02,26.841,0
30.727,-66.929,-90.322,23.392,12.803,0.2096,23.388,0
75.752,-74.091,-91.341,17.25,6.263,0.1141,18.557,0
19.835,-65.876,-90.625,24.749,16.931,0.3796,23.76,1
131.518,-81.076,-89.532,8.456,5.002,0.02,33.321,0
86.278,-81.376,-92.597,11.22,28.661,0.02,46.874,0
63.653,-73.295,-92.591,19.296,2.924,0.0222,17.511,0
16.532,-64.365,-86.811,22.446,8.681,0.2061,21.481,1
63.76,-66.37,-95.304,28.934,2.689,0.177,17.302,1
130.598,-79.853,-98.558,18.704,12.171,0.02,28.637,0
106.994,-76.717,-90.056,13.339,18.41,0.02,39.361,0
16.956,-59.191,-94.203,35.012,12.85,0.4326,17.956,1
28.187,-63.067,-95.771,32.704,5.99,0.5291,17.41,1
61.885,-72.547,-88.902,16.355,2.687,0.2563,15.578,0
19.699,-62.272,-92.507,30.234,5.937,0.7615,16.81,1
140.436,-80.414,-96.422,16.008,13.105,0.02,35.217,0
99.582,-76.616,-85.228,8.611,3.56,0.02,30.594,0
18.749,-62.026,-97.637,35.611,1.827,0.5818,8.972,1
119.268,-75.784,-92.303,16.519,6.97,0.02,24.703,0
58.419,-71.114,-98.612,27.498,2.772,0.1564,17.672,1
40.506,-72.103,-91.053,18.949,10.32,0.3309,21.844,0
87.648,-77.873,-94.244,16.371,7.62,0.02,28.231,0
6.939,-62.252,-89.133,26.88,6.774,0.7684,15.192,1
72.483,-79.301,-92.061,12.76,31.039,0.02,48.316,0
127.352,-79.076,-87.273,8.197,11.443,0.02,39.608,0
139.568,-75.75,-93.504,17.754,0.542,0.02,20.354,0
54.67,-81.649,-97.616,15.967,28.254,0.02,41.808,0
98.153,-77.099,-91.169,14.069,8.624,0.02,25.124,0
37.889,-70.932,-92.884,21.952,6.259,0.3011,13.888,1
86.231,-76.92,-98.367,21.447,9.804,0.02,22.131,0
41.834,-66.635,-95.694,29.059,3.048,0.42,15.851,1
87.847,-72.552,-94.58,22.028,7.402,0.02,21.778,0
29.9,-67.698,-86.556,18.858,16.589,0.3,22.145,0
141.479,-79.26,-89.524,10.264,6.567,0.02,39.499,0
133.603,-79.471,-93.217,13.746,5.365,0.02,22.485,0
53.853,-68.797,-90.352,21.555,4.464,0.1503,16.378,0
117.616,-74.788,-99.138,24.35,14.873,0.02,37.202,0
18.848,-61.521,-93.977,32.456,10.484,0.5387,19.469,1
112.352,-80.819,-90.597,9.777,28.305,0.02,58.177,0
45.957,-75.38,-91.421,16.041,25.429,0.02,37.44,0
24.668,-65.401,-93.888,28.487,6.926,0.4032,13.753,1
103.338,-76.291,-92.134,15.843,12.558,0.02,31.512,0
73.122,-76.053,-90.817,14.764,6.055,0.0501,19.677,0
81.87,-76.069,-92.033,15.964,5.328,0.02,20.347,0
80.477,-66.174,-88.986,22.813,5.043,0.0895,18.076,0
13.62,-64.086,-90.885,26.799,4.606,0.6085,11.874,1
12.45,-62.119,-90.211,28.092,16.676,0.3021,26.066,1
92.169,-77.848,-86.003,8.154,5.275,0.02,29.281,0
95.46,-77.103,-89.104,12.0,6.184,0.02,22.473,0
11.84,-65.827,-85.907,20.08,10.356,0.4428,19.529,1
59.874,-76.949,-94.352,17.403,9.691,0.02,22.097,0
93.863,-75.327,-97.573,22.247,9.013,0.02,27.797,0
100.219,-78.072,-92.491,14.419,18.676,0.02,33.726,0
125.1,-72.883,-92.79,19.906,5.16,0.02,27.709,0
66.006,-73.77,-86.892,13.122,4.59,0.02,23.147,0
84.497,-74.234,-95.955,21.722,0.27,0.02,17.983,0
88.891,-77.685,-92.276,14.592,12.788,0.02,25.596,0
50.247,-76.45,-90.582,14.132,12.49,0.02,25.332,0
12.805,-63.269,-91.65,28.381,17.512,0.4004,27.298,1
5.613,-57.685,-92.6,34.916,6.869,0.7113,13.36,1
126.238,-83.293,-90.745,7.452,7.753,0.02,32.923,0
34.034,-68.244,-88.223,19.979,16.194,0.3307,24.286,0
96.387,-78.462,-86.625,8.163,5.887,0.02,30.137,0
88.672,-75.691,-91.885,16.194,8.51,0.02,23.009,0
62.947,-75.191,-94.855,19.665,18.445,0.02,27.283,0
125.857,-79.228,-86.629,7.401,12.219,0.02,44.156,0
106.268,-80.587,-95.772,15.185,6.675,0.02,26.155,0
8.298,-57.521,-85.733,28.212,15.947,0.6426,20.912,1
117.621,-80.718,-87.296,6.578,7.937,0.02,37.614,0
78.515,-84.744,-86.787,2.044,16.196,0.02,46.384,0
55.318,-71.25,-89.601,18.351,10.465,0.2058,24.166,0
110.398,-75.195,-99.394,24.199,5.693,0.02,21.659,0
104.48,-80.364,-95.637,15.273,3.293,0.02,19.272,0
50.035,-73.889,-90.926,17.037,14.334,0.0612,26.154,0
147.541,-78.343,-94.365,16.022,15.318,0.02,34.421,0
99.063,-75.545,-93.103,17.559,20.148,0.02,40.231,0
92.838,-76.079,-89.855,13.776,13.082,0.02,28.971,0
15.133,-61.68,-92.595,30.915,7.326,0.5113,17.938,1
45.501,-70.231,-96.267,26.036,10.182,0.3094,23.92,1
69.811,-75.509,-88.9,13.391,8.892,0.02,21.728,0
96.441,-80.258,-90.198,9.939,7.134,0.02,30.492,0
79.351,-75.582,-92.871,17.289,2.946,0.036,16.41,0
115.64,-74.125,-89.511,15.385,3.359,0.02,24.85,0
43.072,-69.554,-91.667,22.113,14.676,0.0836,25.323,0
106.813,-76.545,-87.34,10.795,4.403,0.02,30.757,0
123.407,-79.647,-91.471,11.824,6.844,0.02,35.026,0
115.932,-72.02,-87.366,15.347,1.9,0.02,25.618,0
116.773,-76.934,-98.558,21.623,2.062,0.02,18.851,0
133.834,-76.826,-90.393,13.566,4.485,0.02,24.478,0
17.206,-70.068,-93.393,23.324,14.306,0.4206,19.643,1
106.093,-79.371,-95.007,15.635,14.879,0.02,34.838,0
145.458,-77.115,-87.945,10.831,9.765,0.02,39.051,0
88.179,-80.048,-88.888,8.84,4.989,0.02,31.631,0
36.511,-73.235,-99.023,25.788,21.516,0.1925,32.388,0
149.819,-78.749,-89.496,10.747,6.752,0.02,33.99,0
30.328,-67.81,-89.92,22.11,22.847,0.1197,31.819,0
53.656,-70.82,-94.531,23.711,11.289,0.3523,24.366,0
29.949,-65.702,-94.924,29.222,16.713,0.3238,26.318,1
72.354,-74.428,-97.567,23.139,16.776,0.02,28.716,0
65.737,-70.513,-93.181,22.668,1.403,0.2305,19.861,0
76.23,-77.45,-92.621,15.171,3.269,0.02,15.565,0
139.558,-82.359,-89.211,6.851,6.371,0.02,38.052,0
74.357,-69.61,-91.057,21.447,4.47,0.057,23.113,0
79.621,-77.95,-95.71,17.759,11.785,0.02,28.892,0
133.569,-81.948,-91.164,9.216,12.472,0.02,37.505,0
123.575,-85.393,-92.889,7.496,5.914,0.02,30.706,0
39.76,-67.307,-95.272,27.965,5.401,0.3368,14.261,1
6.874,-63.747,-97.563,33.816,15.888,0.4781,23.285,1
96.277,-79.11,-89.813,10.703,5.48,0.02,28.727,0
127.503,-77.801,-90.438,12.636,17.897,0.02,40.083,0
85.163,-83.318,-90.051,6.733,9.955,0.02,38.488,0
35.621,-66.565,-94.549,27.984,9.986,0.2254,20.617,1
112.496,-79.867,-91.401,11.534,3.722,0.02,29.836,0
102.083,-79.137,-96.814,17.677,13.683,0.02,32.417,0
86.93,-77.811,-95.453,17.642,3.202,0.02,14.179,0
130.184,-84.372,-91.882,7.51,13.665,0.02,44.024,0
118.715,-81.772,-91.082,9.31,12.435,0.02,38.493,0
101.853,-80.954,-97.701,16.747,12.64,0.02,30.247,0
101.39,-82.087,-95.701,13.615,12.406,0.02,30.641,0
101.019,-74.429,-93.279,18.85,15.847,0.02,28.335,0
81.149,-79.577,-88.645,9.068,11.518,0.02,35.931,0
72.269,-79.513,-94.846,15.333,1.46,0.02,18.278,0
107.892,-84.674,-91.508,6.833,10.684,0.02,35.224,0
93.522,-74.877,-91.141,16.264,4.166,0.02,25.421,0
76.047,-79.599,-92.874,13.275,2.415,0.02,22.542,0
23.366,-66.973,-91.062,24.089,3.621,0.4713,11.348,1
106.78,-71.373,-96.707,25.334,5.048,0.02,20.474,0
98.67,-77.754,-94.295,16.541,12.882,0.02,29.966,0
54.626,-72.007,-86.98,14.972,6.824,0.02,19.966,0
56.667,-76.589,-86.733,10.145,15.65,0.02,36.099,0
40.775,-70.563,-89.05,18.486,4.702,0.2828,17.538,0
144.478,-80.421,-88.149,7.727,7.004,0.02,40.399,0
129.729,-77.677,-98.391,20.714,4.888,0.02,22.595,0
86.352,-70.026,-95.32,25.294,1.005,0.02,17.189,0
63.24,-75.64,-93.089,17.449,8.632,0.0741,22.951,0
111.84,-85.958,-83.545,-2.412,35.0,0.02,74.469,0
81.521,-75.124,-93.096,17.972,2.501,0.02,20.02,0
146.498,-78.338,-89.393,11.055,13.744,0.02,43.236,0
12.993,-65.836,-90.676,24.84,15.924,0.4884,21.559,1
9.971,-60.79,-90.754,29.964,8.964,0.5968,16.977,1
87.449,-73.908,-92.082,18.175,2.786,0.02,17.931,0
34.475,-68.052,-96.2,28.149,30.464,0.2417,37.804,0
92.624,-74.972,-101.454,26.482,12.277,0.02,24.204,0
118.306,-84.165,-87.514,3.348,22.812,0.02,57.707,0
25.026,-73.117,-94.158,21.041,1.762,0.3641,19.254,1
68.888,-73.825,-98.535,24.71,5.247,0.0506,20.656,0
104.857,-78.771,-90.467,11.696,2.548,0.02,31.127,0
125.91,-82.289,-90.534,8.246,17.069,0.02,48.637,0
76.97,-77.338,-89.312,11.975,1.761,0.02,19.636,0
34.892,-71.528,-88.095,16.567,7.559,0.0504,19.353,0
89.941,-78.043,-95.216,17.173,6.939,0.02,25.203,0
70.905,-74.028,-95.062,21.034,1.27,0.0732,18.067,0
116.929,-81.536,-93.115,11.579,13.073,0.02,34.445,0
85.559,-79.169,-89.124,9.955,11.426,0.02,34.429,0
45.516,-69.756,-99.359,29.603,4.997,0.4084,21.229,1
114.387,-81.316,-91.551,10.236,22.787,0.02,42.732,0
80.073,-74.57,-88.738,14.168,1.553,0.027,21.155,0
30.744,-67.933,-88.882,20.949,0.821,0.3607,14.766,1
86.645,-79.364,-89.52,10.156,9.291,0.02,27.523,0
142.506,-74.692,-88.279,13.588,3.621,0.02,25.916,0
107.3,-71.771,-101.615,29.844,7.809,0.02,25.067,0
48.326,-70.802,-86.353,15.551,18.77,0.02,31.916,0
108.077,-82.127,-90.844,8.716,2.392,0.02,29.776,0
45.978,-75.845,-87.329,11.484,17.215,0.0917,31.637,0
83.69,-72.972,-96.111,23.14,2.581,0.089,18.89,0
81.356,-77.796,-98.138,20.342,5.816,0.02,22.455,0
40.872,-75.662,-85.748,10.085,19.799,0.02,36.384,0
55.443,-78.487,-95.243,16.756,13.274,0.0335,29.555,0
141.616,-80.096,-93.088,12.992,3.874,0.02,28.544,0
41.337,-74.262,-90.154,15.892,10.596,0.3021,23.523,0
121.149,-85.413,-89.295,3.882,5.453,0.02,37.944,0
101.769,-73.701,-88.226,14.524,6.087,0.02,25.23,0
82.231,-74.604,-91.218,16.614,6.986,0.02,21.243,0
24.94,-72.561,-95.69,23.129,11.935,0.3683,19.972,1
34.663,-67.618,-89.527,21.909,8.838,0.326,23.274,1
30.952,-68.715,-89.471,20.756,7.143,0.4233,15.877,1
90.085,-73.078,-98.353,25.275,7.324,0.02,22.317,0
146.141,-78.204,-87.035,8.83,9.771,0.02,35.723,0
132.2,-81.784,-100.705,18.921,8.511,0.02,26.667,0
8.662,-57.863,-88.38,30.516,5.261,0.7451,9.358,1
44.69,-70.083,-94.219,24.136,9.984,0.1941,24.401,0
27.802,-66.019,-89.531,23.511,11.321,0.4385,21.889,1
146.473,-77.515,-90.214,12.7,10.192,0.02,37.055,0
39.163,-66.19,-92.13,25.94,15.61,0.1973,27.127,0
34.19,-66.48,-90.421,23.941,4.896,0.2074,13.427,1
95.027,-78.756,-92.303,13.547,4.702,0.02,25.812,0
85.647,-78.385,-89.501,11.116,20.885,0.02,40.317,0
37.748,-72.999,-84.352,11.352,4.026,0.1474,21.956,0
102.203,-73.66,-96.694,23.034,6.602,0.02,17.334,0
19.066,-67.064,-103.159,36.095,0.972,0.5272,7.797,1
7.809,-51.923,-93.455,41.531,2.597,0.8753,9.356,1
16.95,-65.531,-93.694,28.164,5.85,0.7392,15.725,1
57.906,-73.272,-93.321,20.049,5.601,0.0926,14.894,0
146.377,-81.218,-95.243,14.024,6.801,0.02,35.809,0
84.351,-81.656,-88.946,7.29,24.358,0.02,52.308,0
114.435,-78.623,-96.835,18.212,1.392,0.02,23.95,0
51.617,-72.142,-90.422,18.281,8.078,0.1675,24.025,0
109.304,-77.855,-89.765,11.91,7.366,0.02,31.248,0
145.096,-85.098,-90.892,5.794,27.071,0.02,56.941,0
56.875,-73.899,-90.295,16.396,14.616,0.0498,27.988,0
149.864,-81.356,-88.678,7.321,5.5,0.02,37.456,0
97.569,-79.768,-91.813,12.045,20.536,0.02,39.797,0
113.546,-72.426,-93.213,20.787,5.122,0.02,26.103,0
41.564,-74.535,-90.298,15.763,15.497,0.105,24.696,0
98.248,-81.153,-89.899,8.746,22.746,0.02,45.513,0
79.096,-79.423,-88.886,9.464,8.856,0.02,34.033,0
143.678,-79.985,-97.993,18.008,3.178,0.02,23.181,0
136.178,-77.09,-92.642,15.553,1.257,0.02,21.975,0
62.518,-75.961,-95.729,19.768,9.113,0.2101,22.243,0
142.296,-84.68,-90.037,5.357,15.047,0.02,50.724,0
133.298,-83.729,-89.457,5.727,35.0,0.02,67.64,0
90.606,-77.536,-92.96,15.424,19.037,0.02,32.533,0
16.907,-63.297,-94.552,31.255,8.368,0.6051,13.039,1
28.315,-71.37,-89.911,18.541,3.018,0.3647,16.746,1
16.147,-60.495,-92.466,31.971,7.306,0.3606,10.564,1
20.659,-71.15,-87.007,15.858,24.139,0.1994,32.806,0
146.658,-87.592,-85.795,-1.797,30.456,0.02,73.473,0
35.764,-66.613,-88.498,21.885,5.073,0.308,16.796,1
105.174,-73.515,-91.186,17.671,6.769,0.02,25.381,0
97.297,-80.87,-85.61,4.74,21.491,0.02,50.841,0
96.516,-82.19,-91.157,8.968,20.608,0.02,44.435,0
34.972,-68.243,-93.677,25.434,5.268,0.3528,17.072,1
89.005,-81.744,-94.364,12.62,13.696,0.02,33.226,0
95.703,-68.966,-94.462,25.496,5.549,0.02,15.614,0
87.709,-81.554,-92.022,10.468,17.764,0.02,38.931,0
31.994,-68.488,-90.379,21.891,8.297,0.3751,20.666,1
109.844,-78.202,-96.953,18.751,6.254,0.02,22.808,0
15.62,-68.593,-93.571,24.978,14.593,0.413,23.852,1
90.724,-79.703,-91.255,11.552,8.778,0.02,32.352,0
68.258,-72.644,-89.747,17.103,14.323,0.02,27.95,0
41.292,-69.244,-92.091,22.846,3.379,0.267,15.481,1
122.071,-80.102,-91.144,11.042,4.058,0.02,26.009,0
30.504,-70.793,-96.335,25.542,7.735,0.3367,17.779,1
140.282,-81.5,-95.191,13.691,4.453,0.02,29.113,0
133.262,-76.338,-92.213,15.875,5.848,0.02,25.497,0
57.285,-70.758,-90.213,19.455,7.899,0.1038,19.873,0
49.247,-70.299,-91.19,20.891,4.934,0.3252,18.663,0
24.936,-70.119,-94.971,24.851,23.576,0.2947,32.601,0
137.868,-77.009,-92.828,15.819,4.203,0.02,26.735,0
95.992,-81.99,-86.709,4.719,7.553,0.02,34.866,0
9.609,-60.251,-90.095,29.844,7.685,0.5546,16.934,1
79.095,-72.796,-92.569,19.773,9.074,0.0512,20.071,0
17.441,-64.238,-95.59,31.352,6.249,0.5556,14.695,1
88.194,-77.884,-94.497,16.613,15.497,0.02,35.614,0
78.799,-79.307,-91.977,12.67,16.19,0.02,35.13,0
17.013,-66.23,-91.034,24.804,5.067,0.4874,15.078,1
123.3,-82.261,-90.021,7.76,17.096,0.02,43.761,0
43.036,-70.262,-90.642,20.38,4.865,0.2465,20.538,0
83.515,-77.536,-93.296,15.76,7.578,0.02,23.948,0
97.661,-82.776,-93.789,11.013,8.269,0.02,24.99,0
144.534,-76.913,-84.836,7.922,4.651,0.02,34.849,0
76.603,-72.819,-93.948,21.129,2.107,0.0773,18.241,0
138.011,-78.797,-96.521,17.724,9.039,0.02,29.373,0
56.454,-75.273,-97.736,22.463,3.092,0.1291,19.135,0
129.328,-83.538,-93.236,9.698,22.288,0.02,45.593,0
39.195,-68.873,-88.71,19.837,5.607,0.3251,17.401,0
107.585,-79.052,-94.016,14.964,14.033,0.02,29.869,0
17.849,-68.615,-86.829,18.214,13.395,0.3855,22.235,0
147.977,-75.564,-92.025,16.462,4.614,0.02,25.576,0
143.321,-82.006,-88.117,6.111,5.734,0.02,40.085,0
69.121,-83.343,-94.652,11.309,5.688,0.0603,28.973,0
80.971,-76.085,-94.598,18.512,9.988,0.02,21.137,0
91.677,-81.823,-91.681,9.858,35.0,0.02,61.013,0
44.88,-72.004,-90.311,18.307,9.641,0.2676,29.861,0
102.798,-75.879,-92.626,16.747,5.383,0.02,21.868,0
106.291,-79.963,-90.976,11.013,10.26,0.02,36.941,0
81.136,-71.907,-89.94,18.033,3.106,0.02,21.151,0
26.422,-71.513,-96.972,25.459,4.23,0.5509,16.373,1
138.282,-82.639,-93.193,10.554,22.531,0.02,46.426,0
21.682,-68.418,-93.815,25.397,6.735,0.4039,13.866,1
96.23,-73.344,-93.645,20.302,4.073,0.02,20.094,0
19.948,-67.528,-90.576,23.048,2.648,0.456,11.314,1
26.185,-67.858,-93.767,25.909,7.828,0.331,14.589,1
7.978,-58.556,-99.018,40.461,2.825,0.7438,9.371,1
57.688,-75.003,-92.828,17.825,17.983,0.02,32.471,0
97.739,-80.519,-95.725,15.207,13.358,0.02,33.657,0
80.624,-74.256,-90.263,16.007,5.167,0.02,18.443,0
102.808,-81.111,-89.18,8.069,25.94,0.02,57.432,0
102.878,-76.122,-99.612,23.49,5.693,0.02,19.823,0
25.325,-62.896,-94.71,31.814,6.728,0.6485,13.625,1
13.314,-62.32,-90.763,28.444,4.312,0.586,8.494,1
95.677,-81.008,-96.931,15.923,12.565,0.02,24.359,0
99.718,-70.535,-89.261,18.726,3.104,0.02,23.619,0
85.722,-72.884,-88.327,15.444,5.374,0.02,20.206,0
40.636,-68.543,-92.567,24.024,4.729,0.2706,16.201,1
122.561,-79.698,-94.709,15.011,9.599,0.02,27.985,0
15.974,-61.324,-100.087,38.763,2.36,0.5784,8.362,1
96.685,-83.199,-89.151,5.952,7.224,0.02,32.376,0
22.46,-64.39,-84.991,20.602,17.947,0.3569,20.686,0
99.895,-73.671,-85.715,12.044,2.755,0.02,23.67,0
65.57,-76.03,-92.682,16.652,13.076,0.02,27.116,0
109.125,-76.813,-95.824,19.011,15.012,0.02,29.749,0
12.568,-60.939,-89.068,28.129,6.954,0.4514,9.511,1
85.487,-77.938,-92.444,14.507,0.913,0.02,20.021,0
26.007,-68.461,-90.327,21.865,12.701,0.275,24.328,0
103.945,-78.469,-90.94,12.471,17.543,0.02,33.819,0
22.394,-70.734,-91.674,20.941,24.57,0.252,28.955,0
15.67,-65.296,-88.4,23.104,8.504,0.4115,18.766,1
108.403,-73.98,-88.27,14.29,1.533,0.02,15.964,0
14.212,-64.241,-93.829,29.589,12.548,0.3884,16.871,1
37.557,-63.742,-95.231,31.489,1.818,0.4933,16.642,1
124.587,-81.551,-100.747,19.195,11.239,0.02,28.849,0
122.405,-78.813,-93.212,14.399,14.101,0.02,33.477,0
128.848,-84.003,-95.827,11.823,18.321,0.02,38.47,0
52.284,-70.37,-90.533,20.163,5.461,0.1723,20.617,0
81.567,-78.448,-93.176,14.727,3.522,0.02,19.102,0
117.135,-77.773,-92.796,15.023,8.609,0.02,29.6,0
24.863,-63.075,-89.158,26.083,2.356,0.4258,10.875,1
110.037,-77.517,-90.61,13.092,5.96,0.02,23.755,0
19.136,-68.227,-92.408,24.181,4.646,0.5548,13.372,1
137.421,-78.39,-86.098,7.707,16.001,0.02,43.808,0
97.41,-78.802,-89.416,10.614,21.245,0.02,41.27,0
76.529,-76.595,-93.456,16.86,11.91,0.02,23.809,0
75.286,-79.675,-93.299,13.625,14.638,0.02,27.015,0
31.297,-74.307,-89.241,14.934,8.656,0.2352,20.516,0
55.158,-66.556,-91.29,24.735,8.14,0.0577,21.59,0
110.433,-78.602,-95.924,17.322,1.88,0.02,17.781,0
83.437,-79.621,-88.869,9.248,10.419,0.02,37.792,0
81.749,-76.263,-87.6,11.336,13.955,0.02,31.569,0
33.311,-72.538,-87.865,15.327,6.528,0.3483,18.869,0
105.103,-76.021,-86.6,10.58,6.765,0.02,23.789,0
61.845,-68.626,-84.758,16.132,1.007,0.1562,13.915,0
31.499,-72.344,-85.945,13.601,6.905,0.1713,14.233,0
141.849,-82.361,-90.808,8.447,16.095,0.02,43.232,0
78.486,-74.846,-92.729,17.883,10.028,0.02,25.459,0
81.565,-79.562,-98.404,18.842,7.536,0.02,23.234,0
147.299,-81.833,-91.962,10.129,2.964,0.02,29.859,0
58.129,-73.465,-90.183,16.718,5.34,0.234,18.289,0
141.738,-73.265,-91.848,18.583,4.535,0.02,26.575,0
105.764,-79.426,-98.609,19.183,3.307,0.02,19.516,0
96.799,-78.438,-93.003,14.565,9.995,0.02,28.535,0
38.991,-62.936,-89.741,26.805,5.515,0.4026,16.768,1
12.505,-61.986,-95.591,33.605,15.009,0.5729,20.965,1
68.479,-79.788,-91.42,11.632,7.597,0.02,30.531,0
6.475,-62.825,-90.489,27.664,26.643,0.1895,31.189,1
15.295,-62.1,-88.087,25.987,5.429,0.4565,11.295,1
91.322,-74.382,-86.006,11.624,17.682,0.02,39.8,0
110.048,-76.353,-93.322,16.969,20.249,0.02,38.354,0
29.353,-66.627,-91.357,24.73,5.042,0.4584,9.957,1
111.213,-75.831,-91.247,15.416,7.133,0.02,20.157,0
142.71,-83.359,-89.727,6.368,5.872,0.02,40.395,0
112.761,-79.694,-90.119,10.425,4.826,0.02,27.82,0
118.784,-83.364,-87.012,3.648,12.299,0.02,47.16,0
106.603,-75.833,-100.16,24.327,13.318,0.02,29.213,0
37.587,-68.78,-90.537,21.757,4.465,0.2303,16.661,1
57.329,-72.511,-90.294,17.783,4.395,0.2291,19.14,0
142.644,-75.21,-92.823,17.614,7.778,0.02,24.129,0
100.876,-75.781,-99.924,24.143,7.592,0.02,21.964,0
119.409,-74.009,-92.213,18.204,1.872,0.02,25.177,0
145.461,-78.652,-94.487,15.835,12.504,0.02,34.463,0
38.558,-66.954,-86.127,19.173,1.607,0.4826,14.604,1
51.645,-75.161,-90.686,15.526,4.039,0.0727,22.169,0
98.496,-74.568,-94.784,20.216,8.896,0.02,28.391,0
8.532,-59.77,-99.184,39.414,12.38,0.7835,19.857,1
87.827,-76.907,-89.933,13.026,3.829,0.02,19.746,0
122.26,-76.553,-89.563,13.011,6.966,0.02,32.277,0
93.514,-72.597,-92.755,20.158,5.519,0.02,25.383,0
47.832,-71.063,-89.887,18.825,0.38,0.3602,13.457,0
109.995,-79.872,-93.219,13.347,5.726,0.02,31.109,0
26.175,-69.25,-88.265,19.015,3.184,0.4867,14.191,1
134.742,-83.602,-88.526,4.923,7.641,0.02,42.623,0
19.633,-65.562,-97.736,32.174,2.762,0.7383,15.451,1
130.206,-76.957,-96.883,19.926,5.387,0.02,27.105,0
77.182,-70.207,-84.891,14.684,6.956,0.02,24.329,0
67.154,-77.09,-88.737,11.647,8.116,0.02,21.338,0
77.596,-74.259,-96.418,22.159,6.413,0.02,22.429,0
34.03,-71.692,-97.496,25.804,17.171,0.1988,25.606,0
71.364,-75.364,-91.273,15.909,9.33,0.02,22.119,0
128.209,-84.472,-95.998,11.526,11.698,0.02,35.618,0
121.139,-81.601,-93.108,11.508,7.096,0.02,29.647,0
28.642,-61.701,-92.165,30.465,0.081,0.6877,12.729,1
102.646,-73.475,-92.317,18.841,2.525,0.02,17.508,0
129.241,-77.184,-88.057,10.873,2.169,0.02,24.118,0
123.866,-77.183,-85.578,8.395,6.324,0.02,34.941,0
66.717,-74.72,-93.676,18.956,19.731,0.02,35.752,0
11.973,-64.215,-95.957,31.742,9.011,0.6736,15.977,1
140.02,-82.266,-90.639,8.373,14.446,0.02,43.602,0
62.403,-75.092,-86.29,11.198,3.524,0.1447,21.997,0
57.342,-73.069,-93.411,20.343,8.117,0.0446,27.319,0
115.13,-83.706,-89.024,5.318,17.292,0.02,50.975,0
43.276,-74.913,-94.93,20.017,14.62,0.1402,23.977,0
126.038,-76.853,-91.926,15.072,4.735,0.02,24.338,0
16.027,-65.572,-96.067,30.495,7.092,0.5484,14.008,1
112.403,-84.941,-91.962,7.021,15.301,0.02,48.83,0
145.039,-80.419,-92.408,11.989,4.405,0.02,26.831,0
149.386,-78.316,-89.872,11.556,6.734,0.02,31.365,0
138.952,-77.98,-85.777,7.797,1.127,0.02,35.204,0
131.261,-85.503,-93.361,7.858,13.635,0.02,47.642,0
45.438,-69.849,-98.999,29.15,13.054,0.0912,24.242,0
145.164,-79.411,-92.707,13.296,1.328,0.02,25.4,0
139.545,-78.462,-90.952,12.49,6.737,0.02,31.617,0
82.484,-74.577,-91.293,16.717,16.162,0.02,30.978,0
63.301,-73.591,-92.551,18.96,2.903,0.0796,22.19,0
20.844,-72.59,-86.793,14.203,9.716,0.3389,21.035,0
90.642,-70.953,-91.523,20.57,5.428,0.02,21.023,0
106.579,-86.078,-92.367,6.289,15.978,0.02,46.227,0
63.58,-73.878,-94.722,20.844,1.056,0.0981,17.648,0
63.874,-69.05,-98.113,29.064,1.175,0.2236,13.077,1
88.13,-77.9,-90.848,12.948,4.347,0.02,24.236,0
9.029,-62.604,-91.141,28.537,7.917,0.6142,16.087,1
143.891,-80.6,-95.708,15.108,8.024,0.02,26.733,0
47.036,-71.421,-92.155,20.734,1.52,0.2074,13.01,0
25.429,-71.011,-92.503,21.492,10.643,0.367,18.915,1
5.796,-60.389,-94.186,33.797,12.276,0.5018,18.383,1
129.249,-75.987,-94.777,18.79,8.057,0.02,32.854,0
130.165,-82.488,-90.582,8.094,16.231,0.02,45.341,0
18.819,-64.947,-92.79,27.844,11.219,0.3872,20.847,1
27.075,-70.546,-94.068,23.522,5.352,0.3925,17.165,1
69.946,-73.136,-95.016,21.88,19.781,0.02,32.633,0
31.927,-69.469,-92.455,22.986,21.993,0.165,29.875,0
111.694,-78.823,-88.764,9.941,9.845,0.02,38.838,0
13.416,-60.655,-91.277,30.622,3.603,0.6499,16.329,1
84.708,-73.261,-92.83,19.569,15.818,0.02,32.974,0
60.505,-75.805,-90.92,15.116,2.371,0.2597,15.907,0
72.417,-77.509,-87.225,9.715,3.838,0.02,26.971,0
66.59,-74.751,-90.284,15.533,14.407,0.02,25.592,0
27.208,-71.329,-91.089,19.76,3.397,0.3435,14.026,1
36.941,-77.271,-89.765,12.494,18.59,0.2009,28.99,0
14.397,-67.874,-92.553,24.679,3.579,0.5142,14.653,1
21.716,-65.984,-91.356,25.371,6.123,0.4318,19.797,1
146.795,-85.72,-93.711,7.991,5.65,0.02,34.757,0
45.569,-74.009,-97.427,23.418,12.22,0.1746,27.941,0
49.519,-83.635,-90.8,7.165,12.057,0.1417,36.338,0
23.43,-65.522,-90.787,25.265,5.513,0.4472,13.36,1
114.499,-77.456,-93.007,15.551,11.069,0.02,30.051,0
139.001,-80.517,-88.375,7.858,8.874,0.02,43.732,0
119.514,-76.078,-94.526,18.448,12.837,0.02,34.602,0
93.829,-75.308,-98.2,22.892,11.603,0.02,30.846,0
122.919,-80.331,-94.44,14.109,3.53,0.02,23.785,0
63.613,-79.038,-97.393,18.355,18.664,0.02,28.815,0
129.627,-75.233,-90.817,15.584,1.319,0.02,22.145,0
120.785,-76.292,-94.632,18.341,6.086,0.02,25.857,0
5.25,-58.366,-88.554,30.187,11.1,0.6404,17.977,1
75.73,-80.654,-88.627,7.972,7.454,0.02,30.594,0
43.369,-68.599,-95.237,26.639,6.876,0.1829,16.002,1
17.504,-64.702,-94.828,30.126,5.981,0.5473,16.912,1
127.698,-78.766,-90.129,11.364,5.381,0.02,28.936,0
6.153,-68.409,-88.571,20.162,17.248,0.403,26.152,1
110.874,-76.329,-99.044,22.715,6.968,0.02,24.61,0
148.288,-80.131,-91.014,10.883,6.97,0.02,34.624,0
74.893,-76.278,-99.692,23.414,4.248,0.1636,16.366,0
58.83,-77.005,-93.92,16.915,11.825,0.1031,25.528,0
92.846,-75.415,-88.172,12.757,2.236,0.02,21.746,0
121.681,-80.716,-81.466,0.75,24.699,0.02,59.656,0
39.837,-71.278,-92.836,21.558,3.554,0.1542,14.61,0
41.352,-69.378,-96.365,26.987,6.878,0.3946,16.169,1
93.041,-80.801,-93.797,12.997,10.142,0.02,25.297,0
141.283,-83.173,-91.769,8.596,14.991,0.02,46.472,0
48.274,-69.859,-94.346,24.487,5.809,0.2272,15.185,1
59.629,-74.421,-95.237,20.816,4.92,0.0218,19.526,0
149.033,-75.117,-93.494,18.377,8.391,0.02,36.17,0
30.552,-67.626,-90.615,22.99,4.396,0.4213,12.663,1
16.16,-67.931,-92.593,24.661,6.378,0.4637,16.522,1
90.515,-83.864,-95.086,11.222,20.163,0.02,39.471,0
8.519,-57.054,-94.345,37.291,3.524,0.7789,12.646,1
31.163,-69.697,-93.449,23.751,0.805,0.3622,7.412,1
95.22,-73.539,-95.498,21.959,4.067,0.02,22.204,0
100.629,-77.922,-94.475,16.553,2.207,0.02,20.311,0
79.012,-75.752,-89.747,13.995,11.494,0.02,33.679,0
60.643,-74.329,-92.806,18.477,4.91,0.2185,13.375,0
88.549,-77.429,-98.137,20.708,16.119,0.02,30.154,0
98.291,-74.761,-88.413,13.651,6.263,0.02,26.495,0
121.505,-77.563,-90.541,12.978,2.252,0.02,27.209,0
119.949,-78.049,-96.841,18.792,14.756,0.02,32.966,0
101.396,-81.744,-93.279,11.535,3.675,0.02,29.459,0
134.664,-76.797,-94.772,17.976,0.795,0.02,22.343,0
126.514,-79.344,-89.631,10.287,9.812,0.02,36.42,0
24.321,-67.622,-93.301,25.679,4.216,0.4619,9.897,1
143.719,-87.585,-92.255,4.67,10.374,0.02,47.633,0
134.303,-85.527,-92.662,7.136,13.274,0.02,48.179,0
51.534,-72.326,-97.18,24.855,8.989,0.1726,18.767,0
7.927,-58.021,-87.081,29.06,4.4,0.5195,11.649,1
92.577,-77.075,-89.682,12.607,15.113,0.02,30.668,0
68.571,-73.89,-94.616,20.726,3.367,0.02,19.048,0
113.687,-82.381,-91.328,8.948,10.386,0.02,36.782,0
81.067,-79.825,-88.591,8.765,11.916,0.02,37.587,0
16.091,-71.005,-91.805,20.8,7.778,0.427,16.416,1
40.48,-71.771,-86.551,14.78,13.064,0.02,23.872,0
132.966,-73.888,-81.788,7.899,9.045,0.02,39.224,0
10.465,-62.403,-92.441,30.039,9.974,0.4726,18.446,1
111.817,-81.493,-94.039,12.546,13.097,0.02,34.461,0
47.332,-72.282,-95.463,23.181,8.698,0.2315,21.624,0
70.633,-76.641,-99.748,23.107,14.166,0.02,31.382,0
81.996,-83.261,-87.631,4.371,18.075,0.02,49.785,0
41.262,-71.031,-93.237,22.206,10.642,0.0976,26.094,0
99.534,-78.771,-88.936,10.166,13.304,0.02,33.772,0
105.549,-78.264,-88.232,9.968,7.804,0.02,30.733,0
17.334,-61.332,-95.783,34.452,18.29,0.4375,28.967,1
59.219,-74.39,-95.258,20.868,9.551,0.0891,19.99,0
112.935,-73.697,-85.894,12.196,12.517,0.02,38.534,0
109.637,-79.4,-92.245,12.845,2.315,0.02,22.788,0
83.967,-81.491,-94.311,12.82,11.79,0.02,29.697,0
117.763,-81.041,-95.658,14.617,8.294,0.02,26.847,0
20.609,-63.618,-92.495,28.877,11.484,0.5181,20.427,1
22.141,-70.077,-86.722,16.646,12.308,0.3004,25.436,0
100.336,-82.749,-89.601,6.852,13.157,0.02,44.578,0
105.533,-77.548,-91.364,13.815,11.892,0.02,35.808,0
123.106,-79.721,-86.44,6.719,6.549,0.02,43.503,0
31.25,-70.568,-87.115,16.547,22.785,0.1805,30.485,0
79.932,-79.502,-90.831,11.329,16.135,0.02,33.125,0
100.821,-80.056,-82.284,2.227,7.066,0.02,42.733,0
37.436,-65.37,-92.866,27.496,6.796,0.4633,18.674,1
79.955,-76.802,-88.157,11.355,0.209,0.02,17.604,0
97.575,-78.756,-93.375,14.62,3.018,0.02,22.991,0
36.095,-68.172,-88.84,20.668,4.106,0.3226,12.703,1
59.457,-81.952,-92.869,10.918,6.94,0.02,24.885,0
36.369,-70.161,-90.385,20.224,17.857,0.02,29.567,0
135.927,-73.856,-83.635,9.779,6.36,0.02,35.813,0
39.336,-67.332,-88.669,21.337,2.973,0.5266,14.796,1
22.521,-70.849,-90.331,19.482,11.341,0.1624,21.065,0
10.098,-64.44,-94.711,30.271,11.932,0.4603,21.389,1
11.518,-61.887,-91.341,29.454,6.409,0.3937,13.413,1
32.78,-70.253,-95.528,25.275,16.409,0.1498,26.866,0
93.19,-73.915,-88.896,14.981,17.153,0.02,32.773,0
7.559,-53.452,-88.983,35.531,1.433,0.6357,10.392,1
46.578,-73.551,-92.629,19.078,11.99,0.2855,26.343,0
13.434,-63.605,-86.178,22.573,0.715,0.6336,10.706,1
63.531,-76.409,-86.67,10.261,7.0,0.02,30.848,0
12.044,-65.194,-91.476,26.282,30.095,0.4494,35.052,1
93.094,-74.397,-90.021,15.624,11.587,0.02,27.507,0
104.822,-76.852,-94.06,17.207,4.568,0.02,18.79,0
111.044,-79.035,-92.953,13.918,12.434,0.02,29.404,0
37.53,-63.519,-95.773,32.254,4.257,0.3031,14.649,1
130.933,-77.571,-93.674,16.104,9.606,0.02,30.924,0
105.092,-83.034,-92.365,9.331,3.569,0.02,28.407,0
13.214,-62.995,-97.811,34.816,5.695,0.662,11.722,1
68.911,-75.869,-89.981,14.112,16.224,0.02,31.598,0
116.325,-82.151,-88.423,6.271,22.379,0.02,47.829,0
50.08,-69.142,-92.028,22.886,9.58,0.223,17.556,0
60.326,-75.976,-101.44,25.465,13.408,0.0396,24.051,0
96.293,-79.52,-92.885,13.365,5.062,0.02,25.462,0
13.045,-64.426,-96.877,32.451,3.161,0.7019,9.971,1
145.206,-78.157,-94.134,15.977,8.862,0.02,30.739,0
30.3,-73.276,-86.918,13.643,8.457,0.3987,22.416,0
8.867,-66.68,-100.521,33.84,31.101,0.4413,38.056,1
5.772,-54.821,-94.857,40.036,6.827,0.5941,19.043,1
62.935,-77.999,-89.097,11.097,6.598,0.02,26.105,0
133.217,-83.232,-94.457,11.224,11.556,0.02,40.57,0
123.866,-83.38,-94.725,11.345,4.953,0.02,31.523,0
137.247,-81.51,-84.887,3.377,4.033,0.02,40.647,0
82.398,-78.112,-90.676,12.563,10.369,0.02,26.582,0
70.068,-74.457,-88.73,14.273,2.002,0.02,18.232,0
60.95,-77.345,-90.269,12.924,11.094,0.0982,23.74,0
11.731,-63.167,-91.434,28.267,5.472,0.6978,13.557,1
136.881,-77.651,-87.576,9.925,12.958,0.02,40.09,0
76.946,-76.708,-85.331,8.623,18.573,0.02,44.289,0
70.985,-67.839,-97.892,30.053,4.036,0.1627,16.956,1
79.699,-77.555,-92.124,14.569,6.481,0.02,23.512,0
120.152,-81.545,-92.151,10.606,15.527,0.02,37.712,0
37.548,-70.462,-93.502,23.04,9.573,0.3983,22.538,1
107.936,-82.427,-88.566,6.139,22.685,0.02,55.402,0
108.062,-78.402,-91.101,12.699,9.834,0.02,28.803,0
128.185,-86.887,-85.261,-1.626,17.961,0.02,60.62,0
6.259,-58.218,-88.149,29.931,2.728,0.6545,17.557,1
29.707,-65.532,-87.224,21.692,3.914,0.6085,12.647,1
73.302,-72.102,-96.197,24.095,20.774,0.02,30.392,0
128.328,-73.972,-94.821,20.85,3.842,0.02,24.856,0
144.942,-82.204,-94.533,12.329,20.932,0.02,42.409,0
91.256,-74.614,-87.369,12.755,4.384,0.02,25.147,0
35.759,-68.121,-95.385,27.264,2.21,0.4527,15.742,1
31.765,-70.865,-95.283,24.418,6.773,0.3193,14.713,1
97.719,-79.08,-95.925,16.844,2.733,0.02,16.554,0
35.46,-70.302,-82.364,12.062,12.175,0.2127,29.18,0
85.198,-75.178,-92.498,17.319,0.723,0.02,21.505,0
126.048,-80.186,-90.145,9.959,26.395,0.02,50.656,0
61.524,-81.27,-95.992,14.722,8.435,0.0663,25.593,0
59.878,-75.302,-88.643,13.341,12.641,0.0792,32.103,0
10.24,-59.111,-98.208,39.097,13.784,0.6596,23.212,1
41.842,-69.861,-95.427,25.565,9.141,0.2031,20.761,1
106.238,-81.38,-94.56,13.18,10.969,0.02,32.742,0
57.257,-77.078,-91.234,14.156,6.047,0.1663,22.525,0
27.953,-69.848,-94.776,24.928,13.751,0.4096,17.559,1
20.336,-67.056,-86.666,19.61,23.312,0.3089,30.721,0
18.783,-63.823,-90.239,26.416,5.876,0.3869,11.894,1
100.574,-78.5,-94.414,15.913,14.952,0.02,29.256,0
93.83,-76.797,-88.508,11.711,16.748,0.02,37.864,0
80.186,-74.631,-93.376,18.746,5.606,0.02,20.824,0
77.547,-73.809,-94.067,20.257,7.789,0.02,22.848,0
27.205,-65.462,-88.865,23.402,7.519,0.2657,17.163,1
77.588,-76.761,-100.585,23.824,6.868,0.02,21.473,0
13.691,-65.553,-89.428,23.875,4.481,0.5319,13.371,1
139.249,-77.535,-94.496,16.961,8.023,0.02,33.053,0
13.414,-64.715,-94.501,29.786,6.625,0.6707,16.923,1
66.412,-82.624,-85.147,2.523,19.061,0.02,46.923,0
5.083,-52.767,-93.859,41.092,9.677,0.7865,16.113,1
118.992,-77.231,-88.654,11.423,4.844,0.02,30.981,0
29.095,-70.579,-91.023,20.444,19.849,0.2144,28.101,0
139.113,-82.138,-90.66,8.522,17.364,0.02,47.892,0
11.377,-59.56,-92.877,33.317,6.794,0.6122,15.197,1
124.014,-83.011,-93.06,10.048,9.248,0.02,36.184,0
100.212,-79.664,-86.652,6.988,19.216,0.02,49.721,0
41.212,-71.714,-88.743,17.03,14.518,0.0479,26.192,0
34.351,-67.097,-93.749,26.652,1.794,0.3911,17.889,1
56.863,-77.746,-95.661,17.915,3.631,0.2,15.301,0
125.118,-76.642,-94.046,17.403,5.251,0.02,22.948,0
129.984,-80.046,-88.565,8.519,5.756,0.02,36.248,0
30.416,-71.031,-87.875,16.843,7.652,0.3798,17.391,0
56.25,-78.639,-90.058,11.419,10.678,0.02,28.582,0
39.436,-64.183,-97.659,33.476,7.647,0.4275,19.724,1
22.783,-69.32,-89.362,20.041,16.988,0.3103,22.34,0
98.735,-76.16,-87.437,11.277,5.847,0.02,22.902,0
55.151,-78.236,-91.393,13.157,16.994,0.02,33.193,0
37.681,-75.564,-85.071,9.507,9.706,0.0833,24.608,0
130.57,-77.081,-96.623,19.542,9.275,0.02,28.13,0
113.506,-83.452,-89.603,6.151,13.526,0.02,43.478,0
117.195,-75.43,-95.571,20.141,12.11,0.02,30.411,0
10.683,-56.4,-88.295,31.895,7.627,0.5593,17.888,1
137.694,-81.25,-89.855,8.605,4.425,0.02,36.37,0
88.337,-80.211,-85.695,5.484,19.365,0.02,48.181,0
78.051,-83.497,-90.251,6.754,8.866,0.02,36.751,0
6.535,-63.876,-93.414,29.539,8.931,0.649,14.121,1
135.161,-82.963,-93.719,10.756,34.742,0.02,56.85,0
83.864,-74.251,-92.876,18.625,17.102,0.02,40.771,0
124.647,-81.12,-93.788,12.667,7.138,0.02,30.535,0
100.049,-79.379,-87.285,7.906,8.336,0.02,37.638,0
120.521,-82.665,-87.535,4.87,4.041,0.02,34.999,0
105.475,-80.164,-97.238,17.074,2.933,0.02,23.024,0
138.54,-75.523,-91.866,16.343,7.134,0.02,27.64,0
37.695,-70.415,-91.781,21.367,11.538,0.2304,20.823,0
34.305,-74.625,-94.735,20.109,4.289,0.3454,19.688,1
108.319,-77.583,-90.466,12.883,14.553,0.02,38.746,0
77.702,-67.643,-86.887,19.244,3.464,0.02,18.817,0
91.878,-77.853,-88.879,11.026,7.215,0.02,29.864,0
107.739,-81.066,-87.285,6.219,13.662,0.02,42.417,0
84.377,-78.413,-94.515,16.102,27.608,0.02,38.434,0
119.216,-78.258,-91.872,13.615,21.196,0.02,41.175,0
51.236,-72.342,-94.68,22.338,18.186,0.1351,30.113,0
129.554,-80.389,-91.162,10.773,9.11,0.02,37.704,0
20.613,-69.127,-90.847,21.72,15.114,0.3521,25.16,1
96.931,-82.122,-88.641,6.518,6.749,0.02,33.182,0
134.069,-84.151,-87.403,3.252,13.04,0.02,44.493,0
41.641,-69.182,-89.589,20.407,2.675,0.3465,13.794,1
52.391,-75.064,-95.011,19.946,10.679,0.0624,19.659,0
49.289,-70.694,-96.733,26.039,2.662,0.3195,15.086,1
86.818,-79.031,-90.18,11.149,17.402,0.02,38.878,0
64.866,-75.543,-86.748,11.205,14.597,0.02,33.782,0
20.654,-69.312,-92.087,22.775,22.566,0.4327,29.285,0
134.237,-76.233,-97.346,21.112,3.047,0.02,25.224,0
34.678,-72.815,-84.703,11.889,34.518,0.02,50.427,0
82.442,-76.185,-90.287,14.102,8.294,0.02,26.016,0
91.247,-79.24,-91.401,12.161,17.236,0.02,37.576,0
10.909,-61.308,-96.088,34.78,3.898,0.6174,11.301,1
18.878,-68.845,-91.943,23.099,11.304,0.3311,20.527,1
145.895,-76.699,-89.596,12.897,7.583,0.02,36.232,0
101.354,-80.515,-90.239,9.725,14.593,0.02,38.567,0
9.867,-60.497,-94.38,33.882,1.472,0.645,9.575,1
120.159,-77.283,-92.2,14.917,3.596,0.02,26.485,0
78.739,-76.928,-94.156,17.228,18.511,0.02,32.212,0
15.904,-62.938,-86.175,23.238,3.52,0.6025,14.342,1
103.709,-78.017,-88.868,10.851,7.688,0.02,31.73,0
77.406,-70.476,-93.835,23.36,6.866,0.055,23.325,0
34.713,-70.33,-96.09,25.76,10.457,0.404,23.087,1
132.267,-79.362,-91.028,11.666,4.241,0.02,33.015,0
47.25,-69.141,-93.725,24.584,19.633,0.1993,33.163,0
46.261,-74.917,-93.464,18.548,10.617,0.0885,25.945,0
44.552,-69.029,-95.973,26.944,21.077,0.221,30.92,0
116.281,-85.75,-95.54,9.789,14.498,0.02,37.082,0
107.387,-79.548,-91.431,11.883,10.155,0.02,31.972,0
135.956,-83.057,-92.934,9.877,0.486,0.02,36.519,0
38.254,-75.816,-83.262,7.446,12.952,0.1805,33.949,0
119.023,-78.239,-89.92,11.681,12.854,0.02,31.585,0
88.092,-78.24,-96.031,17.791,20.807,0.02,42.324,0
49.759,-74.698,-97.375,22.677,9.533,0.2366,22.194,0
10.141,-56.793,-90.606,33.813,8.903,0.5928,15.086,1
123.747,-76.591,-93.389,16.798,13.487,0.02,29.744,0
39.955,-71.369,-87.34,15.971,8.862,0.08,20.492,0
96.603,-82.193,-91.013,8.821,5.953,0.02,33.719,0
84.586,-74.828,-98.939,24.111,15.258,0.02,32.055,0
5.645,-57.531,-95.568,38.037,1.199,0.8176,12.068,1
149.18,-79.47,-94.363,14.894,8.753,0.02,27.385,0
123.078,-76.128,-90.453,14.325,6.308,0.02,24.161,0
75.538,-75.769,-95.685,19.915,3.492,0.02,18.842,0
103.649,-74.298,-91.465,17.167,10.343,0.02,30.68,0
74.106,-79.413,-96.677,17.263,22.703,0.02,34.933,0
112.965,-75.864,-91.978,16.115,4.082,0.02,17.415,0
24.478,-66.364,-90.705,24.341,12.962,0.4426,24.406,1
69.721,-72.899,-86.885,13.986,11.628,0.1183,20.095,0
53.653,-66.852,-91.14,24.288,2.975,0.2374,14.958,1
71.65,-78.275,-94.859,16.583,11.544,0.02,27.682,0
70.319,-78.082,-86.774,8.692,6.571,0.02,31.825,0
25.749,-68.354,-92.641,24.287,5.006,0.3931,11.098,1
146.591,-70.326,-89.293,18.967,4.913,0.02,29.5,0
7.246,-60.527,-94.145,33.618,35.0,0.3694,43.821,1
6.461,-58.784,-91.682,32.898,1.765,0.7275,12.046,1
59.149,-76.802,-94.804,18.003,17.955,0.0606,29.637,0
94.955,-76.951,-90.872,13.921,7.244,0.02,26.863,0
31.05,-67.63,-89.187,21.557,3.797,0.4861,12.85,1
82.313,-73.777,-93.732,19.955,6.183,0.0375,24.657,0
109.802,-78.197,-93.929,15.731,18.897,0.02,39.956,0
18.639,-64.449,-90.751,26.302,19.479,0.3608,26.5,1
147.741,-73.258,-94.888,21.629,3.691,0.02,28.217,0
53.822,-74.174,-97.313,23.139,11.309,0.0943,26.275,0
98.15,-78.484,-90.764,12.28,10.779,0.02,30.918,0
21.054,-67.483,-92.377,24.894,7.002,0.3992,10.847,1
107.876,-79.603,-92.451,12.848,12.144,0.02,33.266,0
126.866,-79.218,-90.176,10.958,14.274,0.02,31.599,0
20.266,-63.521,-89.687,26.167,3.513,0.5376,17.391,1
23.25,-60.821,-92.564,31.742,1.601,0.6445,13.439,1
45.752,-73.103,-95.929,22.826,2.966,0.3134,14.766,1
6.731,-57.195,-94.235,37.04,6.028,0.659,16.635,1
147.977,-82.471,-89.953,7.482,7.045,0.02,36.87,0
91.766,-77.058,-91.523,14.465,15.266,0.02,34.674,0
93.1,-68.884,-93.924,25.04,7.91,0.02,25.14,0
144.05,-79.97,-94.745,14.775,6.037,0.02,28.91,0
125.644,-70.35,-89.838,19.488,1.523,0.02,21.012,0
123.065,-83.464,-92.776,9.312,18.472,0.02,44.254,0
54.228,-73.682,-89.365,15.684,3.684,0.1114,18.233,0
53.555,-76.413,-88.922,12.509,19.54,0.0452,32.227,0
47.302,-71.2,-93.095,21.895,5.548,0.3121,14.657,0
55.271,-72.789,-88.676,15.887,3.15,0.0563,19.098,0
58.579,-71.502,-91.516,20.013,8.469,0.2187,22.832,0
25.301,-75.347,-91.063,15.716,4.187,0.2121,11.92,0
56.612,-76.135,-99.661,23.526,6.66,0.2029,19.939,0
69.778,-69.286,-95.398,26.112,8.269,0.1842,22.547,0
49.855,-78.031,-95.208,17.177,14.144,0.02,23.925,0
28.975,-73.635,-93.115,19.48,26.781,0.3141,35.554,0
59.145,-71.336,-91.6,20.264,5.032,0.1421,18.376,0
74.732,-75.738,-91.457,15.718,9.047,0.02,25.877,0
109.506,-79.499,-91.0,11.5,2.512,0.02,27.162,0
108.129,-77.534,-94.397,16.863,12.551,0.02,28.768,0
34.391,-67.806,-89.58,21.775,9.568,0.191,18.642,0
10.315,-62.121,-85.667,23.547,1.489,0.3307,11.465,1
49.051,-71.641,-93.237,21.596,9.98,0.0957,17.398,0
27.785,-65.144,-94.323,29.179,4.044,0.4081,11.603,1
62.389,-70.613,-94.399,23.786,6.579,0.0471,19.701,0
147.005,-81.902,-91.701,9.799,22.59,0.02,49.983,0
31.255,-62.962,-93.84,30.879,1.773,0.2632,15.197,1
51.237,-73.695,-98.056,24.361,13.338,0.055,21.593,0
110.142,-80.141,-97.099,16.958,3.521,0.02,21.067,0
78.832,-75.41,-88.429,13.019,2.954,0.02,21.297,0
11.37,-58.039,-87.514,29.475,4.832,0.5472,12.679,1
28.445,-70.302,-86.4,16.099,2.703,0.4117,11.411,1
140.611,-91.131,-91.208,0.077,31.103,0.02,69.357,0
19.959,-63.561,-95.468,31.907,1.607,0.6149,12.074,1
97.088,-77.435,-93.533,16.098,2.459,0.02,19.241,0
119.887,-70.558,-97.22,26.662,1.127,0.02,20.059,0
43.489,-70.02,-97.355,27.335,3.944,0.3339,12.953,1
110.136,-74.493,-91.107,16.613,8.586,0.02,32.459,0
29.635,-70.704,-90.113,19.41,9.335,0.4649,19.73,1
46.289,-70.728,-85.146,14.417,10.229,0.2768,26.593,0
50.214,-72.063,-92.291,20.228,10.739,0.1992,21.984,0
149.483,-77.694,-96.752,19.058,16.113,0.02,37.754,0
36.113,-72.745,-92.427,19.682,22.9,0.1291,33.493,0
23.735,-69.887,-92.989,23.102,12.467,0.4274,21.291,1
139.225,-76.664,-93.719,17.055,8.321,0.02,29.714,0
28.48,-69.954,-90.797,20.843,3.613,0.3894,14.692,1
132.496,-82.027,-96.251,14.223,9.018,0.02,29.913,0
99.316,-78.328,-91.542,13.215,12.133,0.02,31.101,0
88.645,-77.234,-89.72,12.486,6.383,0.02,28.716,0
113.944,-79.481,-87.031,7.549,14.04,0.02,40.037,0
110.27,-80.618,-90.914,10.296,10.592,0.02,39.508,0
21.026,-62.468,-88.349,25.881,4.235,0.5194,15.376,1
149.923,-76.288,-93.554,17.266,4.871,0.02,26.661,0
141.574,-79.323,-93.065,13.742,17.915,0.02,42.321,0
135.006,-75.928,-87.283,11.355,1.107,0.02,29.714,0
95.232,-81.298,-96.801,15.503,1.383,0.02,19.605,0
80.805,-74.601,-93.411,18.81,3.073,0.02,18.603,0
82.76,-78.431,-88.05,9.62,32.512,0.02,49.023,0
7.166,-55.655,-92.739,37.084,10.879,0.6773,16.796,1
77.423,-75.613,-93.0,17.386,4.817,0.02,20.288,0
95.447,-73.783,-92.929,19.146,11.004,0.02,28.702,0
100.512,-75.825,-91.59,15.765,4.476,0.02,22.301,0
53.16,-80.83,-88.199,7.369,8.276,0.02,32.529,0
73.336,-75.021,-88.765,13.744,5.309,0.02,21.302,0
97.265,-80.288,-91.96,11.672,10.717,0.02,33.68,0
67.104,-76.254,-88.177,11.923,6.866,0.02,30.663,0
144.51,-76.198,-90.804,14.605,4.898,0.02,27.878,0
107.289,-77.064,-88.993,11.929,8.257,0.02,30.197,0
5.185,-57.975,-95.599,37.625,5.838,0.856,13.808,1
8.376,-61.781,-85.915,24.134,5.832,0.5823,16.173,1
105.094,-75.258,-91.229,15.971,2.051,0.02,20.314,0
64.834,-75.463,-101.619,26.156,10.521,0.2216,25.999,0
126.723,-82.372,-86.192,3.819,35.0,0.02,70.179,0
30.087,-71.66,-91.982,20.322,8.552,0.3162,23.231,1
7.005,-59.712,-93.384,33.672,6.139,0.6867,15.439,1
61.272,-77.031,-94.12,17.089,6.3,0.0254,20.128,0
111.729,-81.737,-90.462,8.725,17.445,0.02,44.599,0
145.901,-71.96,-95.109,23.149,0.26,0.02,22.89,0
133.13,-81.763,-94.019,12.256,8.746,0.02,33.562,0
75.191,-76.696,-93.935,17.239,7.205,0.02,25.517,0
122.859,-81.089,-93.023,11.934,6.849,0.02,29.644,0
15.198,-64.888,-93.803,28.915,8.065,0.4189,13.582,1
87.979,-75.8,-89.015,13.215,3.283,0.02,22.665,0
139.023,-75.131,-91.051,15.92,3.399,0.02,25.515,0
62.476,-74.122,-90.624,16.502,1.785,0.0993,18.406,0
144.215,-80.164,-89.863,9.698,10.732,0.02,39.194,0
36.999,-74.632,-92.326,17.694,0.512,0.2833,11.104,0
20.317,-69.159,-95.571,26.412,9.112,0.4992,16.77,1
81.091,-72.07,-85.682,13.612,4.834,0.02,20.903,0
136.551,-81.192,-88.754,7.562,3.217,0.02,32.933,0
50.135,-70.383,-86.355,15.973,8.333,0.1776,17.574,0
121.023,-81.015,-88.379,7.365,5.476,0.02,30.303,0
29.534,-69.497,-93.611,24.115,8.181,0.4423,20.421,1
113.108,-72.221,-100.218,27.997,3.466,0.02,22.971,0
85.769,-74.483,-96.302,21.819,9.841,0.02,30.73,0
30.377,-74.8,-89.772,14.972,7.031,0.3536,13.761,0
109.123,-69.476,-92.356,22.88,13.586,0.02,36.065,0
108.495,-79.925,-93.469,13.544,2.132,0.02,22.453,0
79.738,-69.736,-100.734,30.999,5.456,0.02,16.94,0
37.693,-71.357,-92.046,20.689,4.908,0.1678,11.186,0
24.183,-71.968,-95.786,23.819,11.643,0.3595,19.582,1
143.802,-82.882,-94.535,11.653,15.94,0.02,43.692,0
100.093,-79.522,-89.025,9.502,8.698,0.02,34.22,0
122.34,-80.229,-95.602,15.373,6.835,0.02,25.481,0
106.061,-78.766,-95.268,16.502,13.599,0.02,33.693,0
125.274,-77.121,-91.35,14.23,5.862,0.02,27.194,0
28.561,-67.399,-88.947,21.548,22.755,0.4118,27.398,0
77.058,-74.189,-93.409,19.221,4.131,0.02,22.658,0
101.733,-75.891,-86.865,10.974,0.939,0.02,22.061,0
19.992,-67.215,-96.475,29.261,2.084,0.5604,9.22,1
26.744,-68.617,-97.089,28.472,5.622,0.4493,15.195,1
96.927,-83.174,-97.388,14.214,30.309,0.02,46.915,0
130.962,-82.49,-97.783,15.292,3.4,0.02,22.552,0
100.76,-72.73,-90.822,18.092,22.566,0.02,33.988,0
10.25,-60.986,-95.422,34.437,8.625,0.5271,15.275,1
145.713,-78.344,-96.936,18.591,3.385,0.02,28.098,0
25.229,-63.803,-90.671,26.868,6.046,0.5615,15.959,1
38.722,-79.892,-89.116,9.224,14.619,0.0565,35.911,0
146.37,-73.075,-88.322,15.247,6.636,0.02,29.909,0
116.8,-80.166,-88.937,8.771,3.468,0.02,30.149,0
140.804,-81.983,-95.213,13.23,5.693,0.02,27.887,0
121.96,-82.221,-91.034,8.813,16.981,0.02,44.62,0
99.501,-79.829,-90.261,10.432,35.0,0.02,56.337,0
46.26,-66.844,-93.662,26.819,14.084,0.2196,25.592,0
52.398,-71.138,-91.423,20.285,23.657,0.02,35.045,0
142.354,-82.48,-96.381,13.9,13.822,0.02,35.87,0
129.791,-85.771,-94.197,8.426,13.738,0.02,42.251,0
57.126,-75.492,-90.699,15.206,11.618,0.1112,22.13,0
59.124,-76.123,-86.724,10.6,10.2,0.02,26.606,0
48.166,-76.525,-87.97,11.445,4.252,0.1967,23.484,0
52.289,-71.164,-89.687,18.523,8.007,0.0722,17.957,0
129.797,-80.426,-91.721,11.295,14.055,0.02,34.126,0
6.523,-57.395,-92.263,34.868,10.242,0.5551,17.003,1
68.228,-71.321,-97.067,25.746,1.779,0.1567,17.112,0
141.712,-79.559,-94.924,15.365,16.87,0.02,36.933,0
83.682,-77.19,-94.81,17.62,12.091,0.02,24.262,0
70.315,-71.692,-89.988,18.296,16.214,0.02,32.382,0
50.294,-73.177,-88.693,15.515,3.333,0.2273,16.609,0
15.717,-65.237,-89.422,24.185,1.815,0.7147,14.097,1
37.551,-71.034,-87.861,16.827,6.64,0.3101,17.618,0
18.116,-64.453,-91.747,27.294,10.605,0.3141,20.583,1
23.371,-67.917,-95.44,27.524,21.24,0.306,26.609,1
28.71,-70.088,-92.175,22.086,9.613,0.3422,11.847,1
48.794,-77.299,-94.537,17.238,27.552,0.02,37.764,0
6.597,-54.101,-89.697,35.596,5.446,0.7651,10.217,1
142.771,-84.533,-93.257,8.724,11.594,0.02,43.669,0
22.954,-57.624,-92.345,34.721,1.374,0.5305,13.847,1
60.557,-76.19,-89.572,13.383,14.783,0.0526,30.402,0
132.531,-82.461,-94.594,12.133,20.369,0.02,41.499,0
20.452,-65.705,-88.626,22.921,10.131,0.4362,19.138,1
75.123,-72.772,-96.717,23.945,2.693,0.128,19.32,0
127.494,-81.06,-90.927,9.867,7.956,0.02,36.111,0
85.76,-74.797,-92.318,17.521,5.318,0.02,19.07,0
35.5,-72.591,-89.104,16.513,5.85,0.3739,12.095,0
111.649,-79.959,-96.81,16.851,7.9,0.02,27.218,0
103.794,-81.405,-97.358,15.953,2.578,0.02,20.651,0
57.517,-73.447,-89.375,15.928,9.479,0.02,23.712,0
11.713,-62.574,-93.368,30.794,5.649,0.6835,14.206,1
6.14,-64.659,-92.318,27.659,10.949,0.5691,18.068,1
124.682,-81.584,-94.309,12.725,10.96,0.02,33.071,0
51.626,-71.972,-88.805,16.833,3.316,0.2477,15.355,0
24.977,-64.868,-90.953,26.085,6.345,0.4245,22.209,1
80.19,-79.357,-91.158,11.8,6.146,0.02,25.445,0
138.521,-80.517,-96.094,15.576,7.669,0.02,27.94,0
6.23,-63.566,-90.245,26.679,18.687,0.3593,27.251,1
13.141,-60.466,-95.473,35.006,4.637,0.7068,14.613,1
65.472,-76.139,-94.305,18.166,6.303,0.02,20.437,0
103.015,-76.677,-96.779,20.102,11.054,0.02,26.104,0
74.035,-76.469,-92.548,16.079,8.331,0.02,19.624,0
135.145,-85.923,-88.274,2.351,14.511,0.02,52.146,0
11.392,-63.091,-91.207,28.115,10.796,0.4815,18.372,1
54.32,-76.381,-93.546,17.165,6.26,0.032,17.813,0
55.945,-70.199,-91.618,21.419,8.884,0.1549,23.585,0
54.318,-69.545,-91.637,22.092,17.121,0.0277,31.152,0
75.714,-72.537,-91.769,19.232,2.834,0.0715,21.002,0
119.634,-79.607,-91.379,11.772,3.114,0.02,24.721,0
51.093,-71.786,-95.64,23.854,3.511,0.2107,18.865,0
112.95,-77.084,-91.627,14.543,6.46,0.02,21.013,0
26.237,-64.679,-98.143,33.464,7.068,0.4218,16.846,1
86.305,-79.137,-89.985,10.849,18.893,0.02,41.603,0
59.388,-72.029,-95.86,23.831,5.29,0.0855,16.127,0
83.186,-79.974,-87.878,7.904,1.997,0.02,24.704,0
20.624,-67.539,-100.558,33.02,17.088,0.5972,25.308,1
143.252,-81.916,-86.14,4.224,5.102,0.02,46.133,0
136.401,-80.442,-97.737,17.296,12.982,0.02,37.583,0
124.827,-83.517,-96.2,12.682,15.227,0.02,40.368,0
134.454,-78.512,-90.953,12.441,9.365,0.02,30.963,0
26.27,-66.146,-89.834,23.689,7.66,0.2615,17.532,1
78.04,-75.624,-92.992,17.367,4.16,0.02,25.143,0
51.097,-74.559,-88.876,14.317,4.052,0.1596,19.971,0
133.671,-79.239,-94.788,15.549,15.636,0.02,31.572,0
32.468,-65.42,-93.399,27.979,10.46,0.4382,22.675,1
36.892,-66.263,-93.057,26.794,15.703,0.2935,23.986,1
104.574,-76.02,-93.884,17.865,5.4,0.02,22.6,0
17.89,-66.592,-98.77,32.178,17.839,0.4352,27.713,1
111.193,-84.973,-92.086,7.113,22.369,0.02,49.39,0
43.878,-66.673,-92.403,25.729,2.612,0.326,13.445,1
100.836,-83.397,-88.226,4.829,2.772,0.02,37.518,0
131.59,-76.863,-96.501,19.637,13.571,0.02,35.261,0
93.394,-77.059,-94.238,17.179,8.987,0.02,26.266,0
35.839,-77.335,-87.788,10.453,6.765,0.2145,29.311,0
12.129,-63.153,-90.973,27.82,15.028,0.6199,23.279,1
11.469,-62.197,-90.077,27.88,4.794,0.6335,14.275,1
17.878,-66.211,-90.413,24.202,5.056,0.3641,13.561,1
89.074,-76.414,-90.397,13.984,2.959,0.02,18.584,0
55.492,-75.06,-85.626,10.566,16.394,0.02,30.974,0
40.251,-70.042,-91.68,21.638,2.417,0.0932,16.363,0
36.799,-76.317,-95.54,19.223,15.101,0.1643,24.164,0
142.544,-79.479,-89.764,10.286,12.038,0.02,46.161,0
22.228,-69.593,-93.983,24.39,15.435,0.3238,21.911,1
49.198,-66.762,-92.385,25.623,3.176,0.2781,13.893,1
73.364,-72.577,-90.704,18.128,7.464,0.0275,22.894,0
5.065,-53.007,-94.875,41.868,4.172,0.8878,9.704,1
138.538,-76.698,-93.786,17.088,21.005,0.02,37.033,0
19.369,-63.908,-90.335,26.427,8.527,0.6023,19.316,1
103.958,-77.572,-93.92,16.349,5.233,0.02,17.644,0
96.185,-84.016,-88.593,4.578,3.969,0.02,36.292,0
122.314,-78.349,-95.452,17.103,9.277,0.02,29.143,0
99.451,-71.641,-95.463,23.823,5.273,0.02,25.029,0
116.561,-75.353,-85.329,9.976,5.778,0.02,33.101,0
66.081,-75.894,-97.356,21.462,7.167,0.1841,28.036,0
75.862,-79.611,-92.094,12.483,29.468,0.02,44.7,0
106.741,-79.583,-85.52,5.936,8.23,0.02,35.459,0
87.422,-74.984,-92.1,17.116,5.094,0.02,28.221,0
79.173,-77.368,-87.286,9.919,8.214,0.02,30.684,0
34.806,-65.041,-89.716,24.675,4.383,0.2854,13.245,1
42.426,-73.668,-92.025,18.357,20.851,0.2061,27.059,0
56.982,-73.788,-92.457,18.669,13.262,0.02,24.852,0
6.346,-59.651,-99.418,39.766,2.549,0.7457,8.982,1
65.518,-76.767,-93.117,16.35,13.177,0.02,24.487,0
5.401,-60.894,-91.187,30.294,9.452,0.7782,11.863,1
86.927,-72.901,-91.189,18.288,11.547,0.02,26.163,0
107.084,-81.171,-83.369,2.198,16.695,0.02,52.731,0
86.512,-75.018,-91.017,15.999,3.435,0.02,17.234,0
105.56,-82.323,-89.794,7.472,7.416,0.02,34.684,0
5.002,-60.922,-87.923,27.001,11.118,0.5934,17.294,1
13.619,-65.811,-90.108,24.297,15.487,0.4638,23.528,1
106.277,-79.682,-92.301,12.619,12.543,0.02,37.437,0
121.421,-77.877,-92.284,14.407,7.232,0.02,28.008,0
109.067,-73.645,-93.227,19.582,16.294,0.02,30.68,0
101.137,-83.298,-90.445,7.147,6.755,0.02,34.877,0
107.57,-74.56,-92.596,18.036,5.86,0.02,24.925,0
112.241,-75.353,-89.813,14.46,1.142,0.02,17.948,0
110.035,-78.922,-95.532,16.61,2.934,0.02,19.355,0
112.011,-79.269,-91.486,12.217,6.817,0.02,26.899,0
15.733,-60.227,-86.568,26.341,3.108,0.5906,11.902,1
14.174,-62.765,-92.786,30.022,1.686,0.6521,9.995,1
57.362,-73.641,-85.549,11.909,3.603,0.1272,17.095,0
81.502,-82.001,-91.427,9.426,22.3,0.02,42.57,0
115.58,-79.822,-92.198,12.375,2.458,0.02,25.356,0
53.533,-75.669,-91.592,15.923,2.73,0.02,18.492,0
44.892,-70.584,-93.09,22.506,14.931,0.1456,22.614,0
118.31,-81.528,-98.932,17.404,10.953,0.02,27.39,0
41.154,-74.726,-88.919,14.194,7.483,0.3032,17.136,0
124.022,-79.604,-84.326,4.722,14.078,0.02,43.362,0
30.684,-71.749,-90.318,18.57,8.465,0.2828,12.069,0
57.124,-67.293,-90.105,22.813,0.037,0.2417,14.854,0
63.156,-73.454,-92.639,19.186,4.769,0.1786,18.899,0
48.429,-76.778,-87.948,11.17,33.075,0.02,48.999,0
5.487,-56.716,-92.137,35.421,8.471,0.6299,16.827,1
39.149,-71.099,-91.065,19.965,17.561,0.1685,26.606,0
53.96,-73.09,-97.478,24.388,18.458,0.1672,28.388,0
50.476,-73.449,-93.853,20.403,12.357,0.1935,26.808,0
118.906,-81.619,-90.714,9.095,7.759,0.02,36.736,0
11.868,-62.241,-88.825,26.584,3.867,0.6492,12.336,1
61.398,-72.745,-88.728,15.983,2.481,0.0927,13.863,0
10.44,-68.622,-97.527,28.905,18.051,0.5259,25.513,1
139.944,-86.563,-97.172,10.61,10.483,0.02,38.051,0
119.58,-82.812,-89.956,7.143,10.575,0.02,38.899,0
147.413,-86.827,-94.614,7.787,12.306,0.02,44.507,0
136.973,-80.655,-88.869,8.214,5.963,0.02,38.002,0
50.793,-76.583,-97.706,21.122,15.776,0.0364,28.36,0
105.28,-77.69,-92.344,14.654,8.91,0.02,29.415,0
49.45,-70.095,-92.12,22.025,6.499,0.1061,20.922,0
133.791,-79.11,-90.318,11.209,10.692,0.02,38.889,0
64.559,-74.704,-95.609,20.905,16.156,0.02,27.651,0
59.504,-70.629,-98.884,28.255,6.287,0.2766,21.559,1
137.54,-85.588,-91.401,5.813,32.89,0.02,65.418,0
126.327,-85.738,-90.157,4.419,2.388,0.02,39.623,0
145.13,-85.985,-88.474,2.489,11.737,0.02,50.89,0
14.641,-61.834,-93.255,31.421,4.319,0.5834,14.563,1
40.284,-70.723,-89.285,18.562,9.063,0.3214,17.634,0
48.624,-71.442,-90.3,18.857,13.608,0.1355,26.281,0
66.531,-71.457,-87.372,15.914,35.0,0.02,49.194,0
73.604,-73.331,-92.194,18.863,1.512,0.02,20.846,0
47.264,-71.553,-98.055,26.502,3.288,0.3596,15.375,1
119.615,-78.443,-92.237,13.794,12.102,0.02,37.009,0
37.37,-75.831,-91.69,15.859,16.418,0.1184,26.103,0
105.995,-75.1,-90.186,15.086,5.72,0.02,25.485,0
128.506,-78.69,-97.364,18.675,3.083,0.02,23.783,0
92.536,-72.711,-93.092,20.381,12.408,0.02,31.595,0
56.353,-77.616,-88.962,11.346,4.915,0.1101,23.684,0
32.244,-71.953,-92.364,20.412,20.073,0.2065,27.79,0
24.48,-70.2,-93.07,22.87,11.398,0.4208,23.304,1
112.905,-82.294,-85.328,3.034,12.172,0.02,45.759,0
73.024,-75.441,-95.745,20.304,18.385,0.02,32.633,0
11.716,-67.481,-87.684,20.203,28.054,0.2379,30.189,0
147.657,-75.267,-88.426,13.159,3.67,0.02,30.715,0
102.339,-78.907,-92.788,13.881,6.688,0.02,21.13,0
127.406,-82.69,-92.115,9.426,20.061,0.02,45.35,0
68.537,-68.891,-92.128,23.237,8.716,0.02,19.284,0
143.539,-83.465,-91.363,7.898,5.422,0.02,34.376,0
33.931,-72.256,-94.081,21.825,7.993,0.2749,18.498,1
31.845,-82.439,-93.499,11.06,26.521,0.0365,38.892,0
134.099,-80.856,-93.243,12.387,8.301,0.02,34.383,0
134.299,-78.436,-93.132,14.695,13.214,0.02,33.133,0
77.358,-74.113,-93.088,18.975,6.549,0.0575,22.049,0
23.239,-65.641,-99.843,34.201,1.991,0.5929,10.073,1
49.256,-76.739,-91.658,14.92,16.069,0.2142,29.37,0
114.352,-78.628,-93.846,15.218,6.541,0.02,25.779,0
127.669,-82.181,-98.534,16.353,17.37,0.02,37.715,0
55.41,-74.289,-93.225,18.936,12.795,0.0518,26.957,0
13.879,-63.702,-93.333,29.632,10.65,0.524,21.135,1
101.53,-81.193,-87.537,6.344,21.092,0.02,50.292,0
112.227,-77.859,-93.887,16.029,6.561,0.02,25.563,0
66.482,-76.436,-89.663,13.227,15.813,0.02,34.123,0
89.549,-78.746,-87.16,8.414,8.358,0.02,34.105,0
148.169,-79.54,-94.198,14.658,6.15,0.02,27.797,0
40.525,-75.755,-92.166,16.411,11.917,0.1883,25.071,0
88.082,-75.502,-85.95,10.448,5.555,0.02,30.796,0
93.589,-80.046,-91.199,11.152,6.79,0.02,28.729,0
84.621,-76.643,-90.692,14.049,9.553,0.02,27.942,0
131.024,-80.363,-93.425,13.063,20.324,0.02,43.245,0
92.726,-82.43,-89.595,7.166,21.801,0.02,48.086,0
78.644,-71.688,-92.139,20.451,3.196,0.02,15.067,0
22.837,-61.374,-98.412,37.038,5.92,0.5556,12.857,1
106.965,-81.026,-93.243,12.217,13.957,0.02,34.229,0
24.156,-67.431,-96.141,28.71,5.259,0.4466,15.252,1
8.853,-56.496,-91.607,35.111,5.812,0.7622,11.174,1
75.837,-80.908,-95.209,14.301,8.096,0.02,18.615,0
88.005,-77.525,-90.327,12.802,13.483,0.02,31.757,0
149.863,-81.626,-91.843,10.217,10.461,0.02,39.119,0
108.287,-78.069,-96.368,18.299,22.003,0.02,40.794,0
128.046,-80.166,-93.724,13.558,9.482,0.02,36.19,0
55.226,-72.453,-89.828,17.375,10.591,0.1739,19.659,0
78.793,-78.299,-87.982,9.683,8.345,0.02,31.688,0
146.269,-77.909,-95.158,17.249,11.524,0.02,38.945,0
65.521,-77.485,-95.841,18.356,6.208,0.0476,16.845,0
122.057,-76.983,-85.172,8.189,11.968,0.02,38.07,0
81.268,-75.175,-92.034,16.859,5.143,0.02,23.185,0
37.474,-79.895,-91.68,11.785,19.178,0.1399,33.981,0
89.161,-76.582,-94.588,18.006,8.758,0.02,25.487,0
36.619,-71.969,-91.247,19.278,24.771,0.0207,35.506,0
5.439,-63.062,-85.997,22.935,18.946,0.4193,27.445,1
39.205,-74.014,-91.11,17.096,10.815,0.1344,22.713,0
33.006,-70.722,-88.273,17.551,14.372,0.1646,25.6,0
58.784,-76.089,-91.899,15.809,12.151,0.02,21.819,0
133.847,-77.506,-95.59,18.084,3.262,0.02,26.776,0
61.239,-75.133,-94.391,19.258,10.482,0.02,27.468,0
127.552,-83.482,-95.912,12.43,10.077,0.02,36.195,0
85.564,-69.406,-91.238,21.832,8.291,0.02,25.266,0
6.104,-59.977,-87.716,27.739,12.857,0.4815,24.899,1
32.367,-69.739,-91.436,21.698,10.668,0.2292,21.305,0
140.035,-75.082,-93.077,17.995,11.214,0.02,34.579,0
92.605,-77.479,-94.764,17.284,23.927,0.02,43.028,0
139.784,-78.407,-90.756,12.349,9.53,0.02,33.358,0
49.967,-71.022,-96.333,25.311,16.0,0.0442,30.673,0
108.902,-76.495,-95.969,19.474,8.702,0.02,23.893,0
116.944,-80.097,-88.849,8.752,24.236,0.02,48.093,0
146.476,-79.562,-92.972,13.41,13.971,0.02,34.989,0
7.636,-60.614,-93.041,32.427,10.831,0.5216,13.138,1
143.074,-76.206,-92.592,16.385,5.626,0.02,25.58,0
61.781,-75.365,-89.459,14.094,24.593,0.02,37.785,0
126.509,-87.967,-91.421,3.453,18.09,0.02,52.332,0
83.983,-73.107,-94.601,21.493,5.282,0.0709,17.963,0
86.874,-77.708,-94.475,16.766,2.447,0.02,12.725,0
57.11,-72.692,-92.683,19.991,7.485,0.024,18.571,0
125.129,-83.252,-90.942,7.69,4.304,0.02,32.498,0
43.282,-73.37,-92.124,18.754,8.114,0.1524,24.367,0
76.375,-78.103,-92.436,14.332,15.334,0.02,30.325,0
86.225,-76.778,-91.838,15.06,18.009,0.02,37.215,0
112.666,-78.851,-92.127,13.276,2.212,0.02,21.879,0
73.387,-80.779,-94.731,13.952,3.075,0.02,22.202,0
103.641,-78.374,-88.125,9.752,4.189,0.02,30.092,0
75.368,-77.066,-93.688,16.622,10.365,0.02,22.84,0
100.601,-77.725,-91.548,13.823,18.829,0.02,37.296,0
102.751,-77.308,-99.211,21.903,8.736,0.02,25.622,0
107.869,-79.073,-92.753,13.68,2.15,0.02,21.807,0
124.378,-78.756,-95.849,17.092,11.275,0.02,26.434,0
83.405,-70.356,-95.427,25.07,6.509,0.02,27.123,0
33.025,-65.925,-83.522,17.597,6.591,0.3268,18.592,0
103.548,-83.846,-91.127,7.28,10.296,0.02,35.646,0
16.182,-58.38,-87.709,29.329,13.223,0.4519,22.495,1
36.748,-68.804,-89.006,20.202,17.478,0.2129,26.536,0
119.863,-76.155,-88.559,12.404,19.179,0.02,44.385,0
68.085,-80.898,-92.697,11.799,15.967,0.0956,32.932,0
77.216,-78.219,-86.378,8.159,14.779,0.02,38.486,0
148.173,-77.367,-89.037,11.67,2.917,0.02,28.541,0
39.1,-75.455,-91.855,16.4,13.996,0.2024,25.71,0
7.835,-58.185,-91.078,32.894,8.234,0.6923,16.153,1
21.149,-63.92,-92.479,28.559,18.992,0.3089,30.332,1
40.453,-71.762,-91.817,20.055,6.174,0.2132,18.372,0
110.258,-72.936,-92.153,19.217,7.754,0.02,32.114,0
117.494,-75.941,-90.665,14.724,5.558,0.02,24.788,0
86.996,-81.699,-85.91,4.211,6.372,0.02,35.556,0
41.982,-76.72,-96.218,19.499,21.637,0.1629,29.859,0
80.653,-72.15,-88.002,15.852,5.762,0.02,19.45,0
7.169,-62.537,-93.289,30.752,9.682,0.6043,15.397,1
103.861,-74.077,-87.556,13.479,6.175,0.02,29.872,0
94.073,-75.491,-93.167,17.676,9.67,0.02,25.47,0
8.16,-59.723,-90.555,30.833,11.282,0.5183,19.728,1
123.467,-81.787,-92.556,10.769,13.868,0.02,35.567,0
115.697,-77.731,-98.057,20.326,9.023,0.02,27.703,0
49.692,-70.503,-85.914,15.411,22.965,0.02,27.796,0
97.13,-77.267,-95.3,18.033,2.413,0.02,20.785,0
92.216,-74.541,-91.706,17.166,5.589,0.02,20.939,0
25.761,-61.452,-95.683,34.231,5.396,0.6362,19.453,1
33.023,-68.218,-96.68,28.462,4.436,0.3496,17.38,1
104.065,-80.193,-92.717,12.524,13.138,0.02,35.726,0
140.365,-80.764,-94.077,13.313,5.435,0.02,27.12,0
88.561,-81.317,-96.091,14.774,0.466,0.02,18.517,0
87.333,-80.618,-92.124,11.506,10.54,0.02,36.025,0
98.769,-79.385,-97.187,17.801,23.348,0.02,37.01,0
68.884,-70.472,-91.561,21.089,0.773,0.0609,13.505,0
12.855,-65.378,-92.446,27.068,12.69,0.4695,20.86,1
62.493,-73.055,-100.681,27.626,16.881,0.02,30.086,0
135.537,-76.445,-93.831,17.386,5.988,0.02,28.653,0
121.717,-81.792,-90.361,8.568,11.488,0.02,40.892,0
139.476,-81.904,-95.722,13.819,9.939,0.02,33.151,0
27.161,-73.535,-90.209,16.674,13.686,0.0962,21.29,0
78.364,-73.186,-90.486,17.3,6.477,0.02,26.665,0
89.786,-76.387,-95.562,19.175,6.652,0.02,26.787,0
35.439,-68.285,-92.043,23.758,11.699,0.4316,23.298,1
34.141,-70.336,-89.113,18.776,9.041,0.3095,22.739,0
118.395,-83.47,-95.067,11.597,18.294,0.02,41.037,0
102.419,-75.561,-92.72,17.159,9.589,0.02,23.92,0
98.842,-84.081,-87.974,3.893,12.003,0.02,46.569,0
43.713,-72.431,-95.002,22.571,6.765,0.2418,15.392,0
78.482,-77.805,-90.393,12.588,6.744,0.02,30.57,0
8.345,-56.988,-95.777,38.789,15.027,0.7193,19.648,1
23.842,-63.842,-92.563,28.722,16.185,0.3557,28.596,1
80.146,-73.574,-90.436,16.863,2.822,0.02,23.366,0
49.902,-74.291,-100.416,26.125,7.842,0.2013,16.796,1
145.022,-75.654,-93.87,18.216,12.09,0.02,29.889,0
73.365,-75.943,-90.497,14.554,0.92,0.0893,18.203,0
17.117,-69.255,-91.21,21.955,7.757,0.49,20.701,1
7.587,-69.955,-93.828,23.873,30.481,0.3479,38.114,0
110.162,-77.09,-95.866,18.776,4.54,0.02,21.195,0
29.868,-73.442,-89.8,16.358,4.388,0.2609,18.974,0
32.233,-65.419,-93.128,27.709,8.633,0.4378,24.773,1
66.452,-76.543,-90.091,13.548,9.128,0.0289,22.698,0
43.289,-75.284,-90.669,15.386,7.13,0.256,19.886,0
94.404,-75.354,-93.566,18.212,16.426,0.02,33.983,0
75.425,-71.568,-88.246,16.678,1.695,0.02,16.557,0
21.16,-60.885,-94.08,33.195,4.252,0.6207,11.888,1
118.787,-83.67,-87.833,4.163,7.793,0.02,39.593,0
66.75,-82.503,-87.375,4.872,18.825,0.02,41.542,0
93.571,-71.803,-88.325,16.521,5.653,0.02,24.792,0
5.572,-64.947,-92.632,27.685,3.882,0.673,10.955,1
95.828,-79.409,-83.085,3.676,1.21,0.02,38.864,0
46.013,-70.958,-91.469,20.51,3.509,0.3585,17.305,1
76.684,-78.232,-91.156,12.924,1.359,0.02,19.77,0
48.169,-71.175,-92.077,20.902,5.341,0.2356,21.435,0
149.458,-84.647,-95.954,11.308,12.96,0.02,39.768,0
38.472,-67.592,-87.467,19.876,11.415,0.1794,20.886,0
137.365,-78.553,-94.003,15.451,13.418,0.02,35.819,0
138.105,-77.833,-88.781,10.948,2.992,0.02,28.954,0
66.045,-74.422,-87.942,13.52,2.114,0.02,19.148,0
49.08,-76.168,-89.888,13.721,10.982,0.107,25.615,0
60.25,-75.803,-94.422,18.619,15.516,0.02,28.26,0
148.454,-83.984,-93.194,9.21,8.632,0.02,39.789,0
94.725,-72.008,-101.37,29.362,11.592,0.02,28.978,0
83.993,-75.286,-92.408,17.121,8.199,0.02,24.34,0
10.208,-63.763,-89.191,25.428,5.965,0.6231,13.166,1
127.937,-74.188,-92.831,18.643,6.786,0.02,24.403,0
17.152,-66.771,-94.065,27.294,15.337,0.516,21.754,1
11.811,-58.396,-93.042,34.647,8.094,0.7139,14.859,1
44.854,-69.185,-87.746,18.561,15.224,0.1405,27.912,0
73.989,-74.337,-92.19,17.853,9.618,0.02,28.444,0
134.817,-82.754,-85.497,2.744,5.266,0.02,43.439,0
119.561,-81.219,-93.998,12.778,12.099,0.02,37.105,0
33.657,-59.145,-91.24,32.095,8.311,0.348,17.162,1
58.952,-77.343,-93.517,16.174,17.723,0.02,29.554,0
118.135,-78.619,-84.739,6.12,4.362,0.02,35.814,0
81.428,-76.082,-91.371,15.289,1.385,0.02,18.94,0
30.301,-72.94,-84.552,11.612,13.005,0.0311,26.004,0
62.428,-74.491,-93.47,18.98,20.3,0.02,34.435,0
95.761,-82.631,-86.653,4.023,15.493,0.02,47.829,0
146.118,-85.231,-91.587,6.356,21.437,0.02,54.483,0
100.963,-79.865,-89.072,9.207,24.541,0.02,46.933,0
7.348,-59.92,-96.269,36.349,7.463,0.7563,11.363,1
107.226,-76.542,-90.781,14.239,3.648,0.02,22.007,0
41.375,-69.87,-95.742,25.872,0.461,0.307,14.483,1
130.013,-81.464,-91.1,9.636,1.537,0.02,25.531,0
60.664,-70.469,-97.314,26.845,12.598,0.0682,21.515,0
33.944,-65.212,-92.329,27.117,1.663,0.4101,12.213,1
72.852,-78.556,-88.165,9.609,10.369,0.02,30.095,0
42.004,-71.002,-90.084,19.082,13.215,0.2442,32.158,0
39.194,-72.559,-96.319,23.76,8.898,0.3388,20.557,1
88.123,-73.023,-98.644,25.621,6.677,0.02,21.84,0
116.265,-75.119,-90.261,15.141,4.162,0.02,26.239,0
126.068,-78.143,-86.466,8.323,22.424,0.02,49.995,0
62.662,-76.24,-95.374,19.134,4.147,0.0345,17.805,0
14.687,-67.894,-84.659,16.765,6.712,0.3559,20.091,1
75.176,-80.628,-92.023,11.395,6.094,0.109,20.863,0
67.898,-67.863,-98.855,30.992,13.812,0.2382,24.826,0
33.562,-67.433,-97.463,30.03,9.605,0.2851,21.346,1
134.941,-74.706,-89.305,14.599,2.713,0.02,22.127,0
146.251,-85.727,-91.547,5.819,14.839,0.02,46.431,0
12.503,-60.291,-86.812,26.522,4.141,0.5917,15.06,1
120.383,-84.371,-96.193,11.823,10.502,0.02,32.264,0
98.629,-78.58,-91.585,13.006,21.122,0.02,40.603,0
42.908,-70.884,-91.976,21.093,5.04,0.3514,16.21,1
97.098,-77.562,-92.501,14.938,5.279,0.02,23.439,0
23.653,-68.918,-93.339,24.421,7.466,0.4999,16.856,1
15.064,-60.672,-93.269,32.598,7.679,0.6189,18.525,1
149.056,-82.136,-91.389,9.253,9.883,0.02,42.24,0
97.274,-74.014,-90.941,16.927,12.249,0.02,27.02,0
41.717,-70.67,-91.116,20.446,3.933,0.2574,11.689,0
70.255,-73.907,-87.779,13.872,8.323,0.02,23.762,0
142.763,-77.315,-96.204,18.89,3.376,0.02,23.867,0
68.615,-74.502,-98.341,23.839,13.407,0.02,25.15,0
135.564,-80.687,-88.441,7.753,17.209,0.02,42.861,0
130.977,-72.445,-95.302,22.857,6.055,0.02,25.531,0
54.903,-70.117,-93.328,23.211,9.266,0.02,21.936,0
105.921,-87.955,-94.142,6.188,20.342,0.02,47.761,0
100.772,-78.69,-94.217,15.528,10.976,0.02,27.832,0
116.826,-73.118,-97.104,23.986,3.396,0.02,24.366,0
58.06,-74.874,-93.993,19.12,1.979,0.0415,19.133,0
12.574,-62.289,-89.727,27.438,4.473,0.7483,17.122,1
29.801,-68.569,-92.014,23.445,7.014,0.4209,15.671,1
94.4,-73.545,-90.234,16.69,14.524,0.02,28.638,0
117.39,-81.377,-93.736,12.359,6.531,0.02,25.859,0
114.627,-80.108,-88.84,8.732,3.164,0.02,33.124,0
89.634,-74.904,-93.779,18.876,6.82,0.02,23.561,0
17.29,-64.013,-99.38,35.367,7.13,0.6657,19.695,1
7.507,-57.185,-90.892,33.707,4.637,0.5065,13.376,1
118.411,-77.338,-89.314,11.976,6.57,0.02,28.594,0
84.66,-76.885,-93.957,17.072,9.352,0.02,24.761,0
118.493,-75.658,-87.803,12.145,1.717,0.02,24.85,0
28.604,-67.932,-94.977,27.045,7.144,0.3088,15.492,1
64.076,-80.293,-89.652,9.36,34.108,0.02,53.215,0
138.28,-80.4,-85.893,5.493,10.706,0.02,42.586,0
29.882,-71.977,-91.871,19.894,14.676,0.171,27.671,0
13.921,-68.286,-92.793,24.506,20.235,0.3648,23.3,1
99.753,-78.68,-92.37,13.69,22.768,0.02,43.308,0
91.208,-80.172,-86.301,6.129,5.373,0.02,33.12,0
143.044,-76.612,-90.59,13.978,1.875,0.02,18.161,0
136.438,-82.04,-84.495,2.456,16.363,0.02,49.434,0
113.667,-78.434,-91.023,12.589,7.089,0.02,28.958,0
7.778,-60.076,-94.288,34.212,7.371,0.6244,14.356,1
74.656,-74.703,-94.042,19.339,12.138,0.02,27.409,0
134.935,-75.144,-91.784,16.64,8.432,0.02,28.019,0
67.879,-69.711,-99.145,29.433,9.988,0.1789,25.221,0
144.511,-77.349,-93.662,16.313,10.587,0.02,32.005,0
99.611,-78.856,-93.585,14.729,16.511,0.02,34.828,0
20.871,-64.805,-91.161,26.355,11.371,0.4164,22.488,1
78.844,-80.892,-85.204,4.311,3.308,0.02,35.094,0
105.864,-75.038,-91.808,16.77,3.247,0.02,20.765,0
14.479,-62.216,-98.729,36.513,4.987,0.7506,17.491,1
54.974,-78.479,-95.199,16.72,10.929,0.0748,23.165,0
108.977,-78.87,-91.082,12.212,3.565,0.02,24.193,0
27.775,-66.795,-91.675,24.88,3.563,0.4941,12.92,1
55.509,-72.657,-86.314,13.657,10.38,0.1541,25.737,0
105.037,-74.356,-88.64,14.284,5.347,0.02,26.811,0
117.453,-76.243,-88.745,12.502,21.589,0.02,44.339,0
80.184,-75.846,-92.76,16.914,5.581,0.02,22.715,0
143.744,-84.495,-88.153,3.658,13.716,0.02,49.675,0
139.173,-77.155,-95.136,17.98,7.539,0.02,31.418,0
73.648,-70.418,-88.611,18.193,2.951,0.0444,18.037,0
28.24,-64.315,-92.988,28.673,5.437,0.5153,14.357,1
117.075,-77.088,-97.068,19.98,7.94,0.02,22.078,0
40.255,-64.597,-89.924,25.326,5.517,0.3545,18.504,1
127.209,-82.314,-87.109,4.795,20.016,0.02,51.558,0
90.136,-71.091,-93.423,22.332,3.973,0.02,17.872,0
62.143,-77.203,-86.53,9.327,6.058,0.0752,24.409,0
85.676,-83.796,-97.796,14.0,11.275,0.02,30.352,0
82.257,-83.186,-96.189,13.003,25.981,0.02,42.831,0
139.086,-82.318,-92.514,10.196,12.425,0.02,41.099,0
36.083,-70.888,-93.298,22.41,10.783,0.2972,20.768,0
139.583,-83.93,-94.335,10.405,14.993,0.02,41.984,0
9.544,-62.667,-91.532,28.865,17.788,0.4252,24.855,1
116.534,-78.998,-93.85,14.852,20.295,0.02,35.221,0
138.352,-79.495,-93.256,13.761,12.406,0.02,36.773,0
62.138,-74.873,-91.026,16.152,9.75,0.0366,20.842,0
15.595,-60.114,-94.336,34.222,4.091,0.6461,11.887,1
121.677,-81.636,-92.371,10.735,10.273,0.02,36.307,0
127.215,-82.785,-94.259,11.474,22.862,0.02,48.822,0
53.757,-73.318,-96.22,22.902,0.821,0.3013,12.566,1
80.196,-76.105,-89.327,13.222,18.903,0.02,37.425,0
122.373,-80.439,-86.023,5.583,9.717,0.02,42.987,0
32.846,-70.097,-88.274,18.177,16.085,0.0815,25.208,0
96.201,-75.654,-90.839,15.185,12.776,0.02,28.906,0
67.441,-76.338,-94.245,17.908,8.688,0.02,22.325,0
30.29,-74.253,-93.004,18.751,9.704,0.2296,20.334,0
125.559,-80.776,-88.3,7.525,13.509,0.02,46.058,0
52.079,-74.532,-99.985,25.453,4.311,0.0782,17.817,0
140.492,-81.855,-93.271,11.416,8.745,0.02,34.255,0
87.495,-84.753,-89.431,4.678,12.256,0.02,41.104,0
79.604,-81.984,-95.984,14.0,14.456,0.02,30.723,0
66.379,-73.266,-90.518,17.252,13.484,0.02,25.586,0
63.097,-76.822,-90.681,13.859,6.963,0.0594,17.728,0
123.605,-75.666,-97.09,21.424,9.223,0.02,31.526,0
103.238,-78.833,-91.696,12.863,3.239,0.02,23.913,0
117.185,-79.11,-94.161,15.051,18.252,0.02,35.696,0
66.057,-75.802,-90.544,14.741,10.537,0.02,27.825,0
42.908,-69.827,-89.656,19.829,9.194,0.205,19.283,0
17.595,-66.336,-90.604,24.268,9.162,0.5121,19.07,1
117.615,-77.835,-91.746,13.911,7.655,0.02,28.165,0
65.215,-72.08,-90.989,18.909,14.633,0.02,28.553,0
78.837,-74.619,-96.116,21.497,9.339,0.1079,22.796,0
73.055,-76.506,-92.108,15.602,4.033,0.02,21.194,0
67.515,-79.727,-94.788,15.06,5.105,0.02,23.786,0
104.165,-76.986,-88.39,11.404,2.796,0.02,23.625,0
93.266,-78.496,-89.609,11.112,22.276,0.02,44.716,0
145.948,-79.605,-89.619,10.013,8.118,0.02,37.184,0
25.141,-73.621,-86.003,12.382,23.823,0.02,36.54,0
88.16,-76.493,-93.155,16.662,10.036,0.02,27.009,0
14.17,-61.601,-93.922,32.32,6.713,0.6689,12.326,1
122.148,-74.585,-93.238,18.653,7.792,0.02,25.251,0
94.365,-78.053,-97.608,19.555,9.81,0.02,25.656,0
67.115,-66.502,-97.333,30.831,4.135,0.1732,21.491,1
121.324,-73.428,-89.826,16.398,3.142,0.02,22.201,0
70.975,-76.338,-96.883,20.545,17.045,0.0817,31.609,0
38.029,-69.604,-95.762,26.158,6.453,0.3918,17.751,1
73.513,-74.351,-92.356,18.005,24.196,0.02,37.297,0
15.271,-68.158,-93.443,25.285,12.551,0.4293,21.204,1
135.19,-81.533,-88.9,7.367,6.071,0.02,35.633,0
110.989,-86.436,-91.788,5.352,30.158,0.02,59.363,0
115.246,-81.088,-94.795,13.707,17.6,0.02,36.152,0
131.802,-80.792,-88.599,7.807,2.384,0.02,33.253,0
119.778,-79.089,-89.449,10.36,4.768,0.02,29.068,0
67.619,-74.652,-96.938,22.287,7.25,0.02,25.827,0
22.202,-75.033,-91.117,16.084,27.693,0.02,30.877,0
59.138,-68.397,-94.503,26.106,1.648,0.1582,11.21,1
140.442,-76.811,-94.595,17.784,11.052,0.02,33.058,0
142.618,-86.581,-85.457,-1.124,34.59,0.02,78.026,0
116.341,-73.946,-91.565,17.619,7.619,0.02,30.508,0
34.642,-69.404,-92.761,23.357,10.598,0.3955,20.348,1
33.195,-66.131,-91.703,25.571,6.375,0.4497,17.067,1
132.567,-82.774,-88.94,6.166,4.644,0.02,39.057,0
25.578,-70.215,-94.456,24.241,14.318,0.2457,26.946,1
89.7,-76.095,-93.858,17.763,14.593,0.02,26.827,0
59.846,-75.108,-89.702,14.594,11.833,0.1047,25.686,0
48.792,-72.478,-97.307,24.829,5.604,0.1884,19.524,0
103.22,-78.761,-88.532,9.771,11.962,0.02,35.574,0
144.138,-77.685,-97.618,19.933,2.242,0.02,25.515,0
117.757,-79.183,-92.86,13.677,12.824,0.02,31.638,0
75.494,-70.067,-97.596,27.529,4.39,0.0674,22.553,0
68.903,-77.019,-95.697,18.677,4.115,0.0253,14.184,0
136.611,-82.315,-87.458,5.143,23.072,0.02,55.576,0
88.826,-72.991,-88.344,15.353,0.55,0.02,18.799,0
77.013,-79.223,-87.97,8.748,7.451,0.02,30.44,0
104.011,-77.615,-97.071,19.456,2.471,0.02,22.761,0
39.387,-70.739,-95.679,24.94,9.59,0.1763,20.745,0
14.242,-58.725,-90.81,32.085,4.802,0.5793,14.499,1
128.991,-77.706,-89.496,11.79,2.649,0.02,29.189,0
93.053,-74.331,-94.798,20.467,6.446,0.02,22.976,0
28.907,-65.49,-94.026,28.536,3.839,0.3804,10.208,1
48.217,-79.812,-95.96,16.148,3.985,0.0345,20.789,0
148.54,-80.953,-86.196,5.243,13.141,0.02,51.758,0
96.991,-77.335,-93.662,16.327,2.12,0.02,21.416,0
97.236,-73.113,-91.89,18.777,10.004,0.02,25.821,0
15.464,-62.228,-91.707,29.479,7.392,0.6066,17.317,1
145.504,-76.725,-88.13,11.405,4.634,0.02,27.438,0
134.454,-78.924,-95.334,16.41,13.046,0.02,29.28,0
84.428,-79.212,-87.911,8.699,24.431,0.02,53.277,0
49.861,-70.112,-96.476,26.363,8.192,0.3064,17.26,1
106.218,-77.967,-87.92,9.953,8.337,0.02,32.432,0
125.839,-74.166,-98.004,23.838,3.025,0.02,23.667,0
118.988,-80.679,-92.366,11.687,2.239,0.02,27.414,0
146.672,-76.888,-86.311,9.423,7.618,0.02,37.329,0
97.344,-77.025,-89.56,12.534,1.538,0.02,21.647,0
51.578,-69.429,-90.526,21.096,1.26,0.2596,14.038,0
77.2,-80.968,-95.669,14.702,11.171,0.02,29.033,0
123.366,-76.918,-94.572,17.654,2.256,0.02,23.963,0
43.475,-72.784,-87.295,14.511,11.511,0.0673,25.098,0
38.554,-73.047,-90.347,17.3,18.585,0.0747,23.735,0
110.101,-83.9,-88.884,4.985,10.559,0.02,43.85,0
69.442,-73.559,-91.742,18.182,1.878,0.0275,16.952,0
123.403,-82.95,-92.986,10.036,30.307,0.02,52.978,0
25.834,-73.509,-89.317,15.808,8.761,0.2647,23.072,0
53.676,-76.585,-91.092,14.507,8.2,0.0797,17.766,0
43.874,-71.068,-92.595,21.527,7.245,0.2201,18.822,0
106.191,-75.916,-96.949,21.033,4.514,0.02,25.637,0
115.103,-77.598,-88.661,11.063,3.262,0.02,28.348,0
71.12,-73.424,-90.46,17.035,0.554,0.0422,10.706,0
74.314,-74.163,-94.122,19.959,2.449,0.2406,21.238,0
24.145,-68.915,-87.873,18.958,6.694,0.4963,12.184,1
106.765,-79.021,-91.147,12.126,11.073,0.02,29.674,0
148.886,-83.508,-91.078,7.57,3.604,0.02,38.951,0
117.799,-80.726,-88.906,8.18,10.086,0.02,35.996,0
37.351,-70.359,-89.66,19.3,6.293,0.1737,16.759,0
95.353,-73.29,-90.972,17.682,7.559,0.02,21.902,0
47.769,-74.108,-92.66,18.552,15.301,0.1153,26.727,0
9.376,-55.212,-85.057,29.845,10.142,0.5592,21.057,1
31.074,-64.251,-94.568,30.317,11.73,0.1868,17.718,1
19.876,-70.859,-89.389,18.53,32.391,0.1605,39.747,0
33.41,-70.168,-92.294,22.125,3.643,0.3692,10.316,1
120.363,-73.188,-90.409,17.221,14.407,0.02,38.252,0
47.461,-70.709,-87.683,16.974,11.548,0.2487,20.835,0
114.771,-77.761,-93.091,15.33,11.513,0.02,31.245,0
142.585,-82.292,-89.894,7.601,9.23,0.02,41.656,0
88.27,-78.379,-91.071,12.691,10.737,0.02,30.061,0
75.384,-78.147,-94.245,16.097,6.463,0.02,20.257,0
113.768,-73.911,-87.597,13.686,8.31,0.02,25.273,0
19.078,-66.17,-89.511,23.341,16.849,0.1348,28.756,0
67.091,-74.969,-93.521,18.552,4.977,0.0779,16.829,0
77.33,-76.54,-88.137,11.598,5.465,0.02,25.119,0
125.502,-82.567,-94.91,12.343,10.993,0.02,33.298,0
123.062,-79.523,-92.101,12.579,10.274,0.02,35.4,0
127.998,-78.272,-93.502,15.23,6.262,0.02,32.122,0
106.192,-85.305,-89.37,4.065,11.225,0.02,42.327,0
81.931,-79.552,-93.679,14.127,11.14,0.02,27.79,0
125.043,-85.249,-89.345,4.096,29.251,0.02,64.784,0
131.626,-81.469,-89.919,8.45,35.0,0.02,65.161,0
74.67,-82.448,-93.313,10.865,35.0,0.02,52.368,0
147.921,-86.131,-85.596,-0.535,11.054,0.02,54.196,0
131.849,-84.128,-94.608,10.48,15.437,0.02,44.614,0
79.018,-71.179,-96.932,25.752,10.862,0.02,21.063,0
15.047,-65.306,-89.004,23.697,7.663,0.4721,18.68,1
37.551,-74.449,-99.523,25.074,11.615,0.381,20.21,1
117.578,-83.472,-86.779,3.306,7.549,0.02,43.295,0
21.117,-66.677,-91.644,24.966,8.7,0.4668,18.097,1
73.121,-74.876,-96.994,22.118,8.122,0.02,21.104,0
92.704,-75.609,-95.32,19.711,8.209,0.02,25.436,0
132.36,-70.594,-97.719,27.125,5.049,0.02,24.885,0
127.832,-84.125,-90.66,6.535,14.466,0.02,48.182,0
115.82,-80.221,-96.644,16.423,11.38,0.02,27.908,0
64.116,-72.829,-90.243,17.413,4.894,0.02,16.2,0
25.626,-69.26,-93.067,23.807,7.957,0.3657,18.001,1
102.099,-82.85,-93.664,10.814,3.462,0.02,27.005,0
31.287,-68.157,-90.217,22.06,9.745,0.3392,23.677,1
86.391,-80.046,-89.818,9.772,16.759,0.02,38.977,0
147.198,-83.006,-87.99,4.983,6.558,0.02,42.642,0
84.795,-80.201,-94.218,14.017,14.252,0.02,27.66,0
98.606,-72.715,-92.104,19.39,8.246,0.02,25.763,0
103.248,-73.5,-94.224,20.724,6.79,0.02,21.581,0
125.406,-81.592,-91.43,9.838,4.645,0.02,31.479,0
68.072,-79.808,-94.724,14.916,7.343,0.02,19.24,0
77.139,-74.229,-93.484,19.256,14.554,0.02,30.097,0
30.516,-63.536,-93.467,29.931,10.707,0.3344,20.415,1
94.129,-69.192,-90.973,21.781,3.971,0.02,23.862,0
47.885,-77.299,-91.99,14.691,11.757,0.088,21.293,0
78.606,-71.964,-90.228,18.264,9.47,0.02,24.478,0
116.151,-77.575,-92.374,14.8,3.509,0.02,23.362,0
7.548,-64.191,-94.029,29.839,2.699,0.6126,10.8,1
86.768,-77.926,-91.331,13.404,2.586,0.02,23.929,0
30.15,-72.887,-95.21,22.323,15.222,0.3261,24.513,0
45.511,-69.632,-90.008,20.375,3.563,0.3084,13.12,0
10.033,-65.323,-92.999,27.676,6.911,0.4795,16.197,1
29.572,-66.755,-91.284,24.53,11.18,0.3773,25.463,1
148.061,-79.266,-91.23,11.964,10.744,0.02,34.989,0
149.786,-77.713,-86.395,8.682,10.745,0.02,41.287,0
109.378,-79.056,-90.664,11.608,3.181,0.02,27.026,0
93.719,-76.44,-91.744,15.304,11.317,0.02,29.875,0
117.666,-81.391,-94.423,13.032,6.683,0.02,30.379,0
135.0,-77.643,-89.192,11.548,8.858,0.02,34.582,0
80.299,-76.713,-92.946,16.232,8.547,0.02,22.646,0
10.116,-61.837,-97.339,35.503,7.612,0.57,14.659,1
107.862,-79.72,-92.683,12.963,16.397,0.02,37.569,0
147.767,-86.739,-91.33,4.591,14.925,0.02,48.975,0
42.418,-73.288,-94.865,21.577,35.0,0.02,40.267,0
72.203,-77.545,-92.414,14.868,21.203,0.02,33.898,0
57.385,-68.754,-92.25,23.496,1.89,0.1971,14.127,0
61.618,-70.726,-92.196,21.47,8.172,0.1084,20.545,0
109.603,-82.907,-87.679,4.771,20.069,0.02,52.662,0
59.869,-74.548,-96.59,22.043,7.432,0.255,20.896,0
141.457,-84.135,-84.882,0.747,6.278,0.02,47.154,0
119.5,-73.993,-92.115,18.122,3.084,0.02,19.746,0
9.009,-58.678,-89.969,31.292,2.801,0.5443,10.404,1
123.69,-79.509,-91.553,12.043,14.095,0.02,33.136,0
117.064,-79.538,-98.041,18.503,8.995,0.02,25.854,0
79.892,-77.344,-95.698,18.354,0.893,0.02,14.771,0
77.039,-73.584,-93.835,20.251,17.141,0.02,31.149,0
126.151,-75.164,-88.522,13.358,18.75,0.02,39.925,0
66.594,-70.427,-96.845,26.418,7.001,0.143,20.322,0
28.122,-69.161,-94.995,25.834,8.288,0.2724,15.414,1
50.37,-74.203,-91.423,17.22,21.612,0.02,28.174,0
43.454,-68.171,-90.345,22.174,6.778,0.3026,21.812,0
103.754,-76.097,-90.45,14.354,1.532,0.02,18.538,0
30.937,-64.664,-95.444,30.78,14.169,0.5015,23.12,1
98.492,-75.627,-97.593,21.966,18.304,0.02,33.114,0
72.565,-67.095,-90.113,23.018,9.318,0.0609,25.795,0
126.751,-77.592,-86.984,9.392,3.554,0.02,32.452,0
75.325,-85.093,-93.209,8.115,20.006,0.02,41.384,0
139.822,-79.127,-96.006,16.879,5.985,0.02,28.657,0
135.568,-79.899,-93.505,13.606,4.145,0.02,23.857,0
31.867,-69.194,-90.621,21.427,9.211,0.3389,19.224,1
104.494,-72.156,-92.816,20.66,6.916,0.02,17.165,0
36.121,-73.026,-87.075,14.049,13.298,0.1668,25.695,0
124.379,-86.243,-88.763,2.52,32.079,0.02,65.72,0
97.18,-78.345,-91.355,13.01,3.932,0.02,23.476,0
47.647,-67.172,-98.84,31.668,14.848,0.1733,29.148,1
41.123,-72.363,-94.423,22.06,6.694,0.3242,16.262,1
67.289,-74.933,-93.918,18.985,13.238,0.1008,24.876,0
121.105,-73.503,-94.613,21.11,9.476,0.02,24.917,0
120.443,-76.267,-91.332,15.065,5.746,0.02,25.334,0
9.84,-69.499,-91.26,21.761,15.158,0.4351,22.455,1
48.832,-73.537,-97.859,24.323,6.257,0.318,20.334,1
66.313,-75.769,-89.184,13.415,4.241,0.0376,20.577,0
89.909,-83.195,-91.944,8.749,14.446,0.02,39.58,0
26.681,-68.908,-90.748,21.84,4.217,0.569,15.766,1
53.616,-82.453,-89.393,6.94,14.007,0.0271,38.155,0
133.412,-78.588,-94.684,16.096,8.718,0.02,28.859,0
74.099,-75.539,-87.594,12.055,9.14,0.02,29.103,0
112.901,-79.542,-92.496,12.955,3.787,0.02,27.175,0
75.293,-81.167,-86.706,5.539,9.471,0.02,39.805,0
72.422,-70.573,-95.129,24.555,5.912,0.0619,26.262,0
95.179,-81.633,-86.966,5.334,22.272,0.02,48.598,0
42.608,-67.143,-95.164,28.021,2.738,0.1532,16.019,1
41.221,-73.545,-83.079,9.534,17.546,0.02,35.526,0
148.456,-77.886,-95.331,17.445,18.51,0.02,40.007,0
131.004,-78.268,-88.302,10.034,11.641,0.02,40.422,0
111.974,-80.564,-93.268,12.704,21.483,0.02,42.302,0
24.886,-70.072,-89.497,19.426,7.004,0.4762,14.129,1
9.383,-57.019,-92.142,35.122,7.714,0.4831,14.578,1
30.435,-70.606,-95.819,25.213,12.197,0.4654,23.453,1
140.971,-82.085,-101.789,19.704,7.189,0.02,26.629,0
123.362,-77.963,-83.223,5.26,1.081,0.02,32.19,0
80.846,-75.034,-91.744,16.71,2.784,0.0975,17.831,0
145.473,-76.409,-102.302,25.893,3.052,0.02,21.681,0
26.254,-75.089,-90.941,15.852,14.596,0.2382,21.857,0
86.077,-69.286,-89.586,20.3,8.305,0.02,28.929,0
31.567,-69.174,-94.503,25.329,13.799,0.2768,22.208,1
49.432,-74.03,-94.479,20.449,15.31,0.0607,27.679,0
141.32,-78.301,-92.069,13.768,7.068,0.02,28.155,0
130.9,-84.355,-87.791,3.436,10.363,0.02,48.179,0
19.761,-64.713,-91.65,26.937,2.678,0.5513,11.73,1
41.184,-68.711,-86.879,18.168,5.049,0.2342,18.638,0
91.204,-77.426,-88.041,10.615,6.826,0.02,28.596,0
13.896,-62.232,-92.801,30.569,8.501,0.4087,15.87,1
84.762,-72.738,-97.497,24.759,2.248,0.146,18.12,0
89.751,-78.629,-92.793,14.164,6.895,0.02,24.362,0
47.19,-67.703,-90.157,22.454,4.256,0.1783,17.121,0
47.503,-76.832,-91.79,14.958,30.038,0.02,38.106,0
38.216,-65.192,-89.78,24.588,8.893,0.3911,17.579,1
140.673,-77.006,-88.978,11.972,13.734,0.02,35.134,0
61.386,-73.956,-90.142,16.186,13.75,0.0895,25.045,0
89.864,-79.383,-92.964,13.581,9.368,0.02,23.174,0
48.728,-73.409,-90.18,16.772,11.265,0.1456,19.812,0
106.886,-75.358,-84.176,8.818,10.513,0.02,36.199,0
19.709,-68.314,-97.215,28.901,10.519,0.4863,20.898,1
15.388,-65.54,-90.294,24.754,20.146,0.3737,26.824,1
112.921,-76.752,-85.588,8.836,8.653,0.02,40.689,0
110.367,-77.658,-96.111,18.453,4.095,0.02,23.481,0
43.425,-75.303,-88.496,13.193,14.088,0.1538,28.061,0
56.482,-67.727,-88.028,20.302,3.362,0.0679,13.844,0
143.803,-78.447,-97.169,18.722,7.657,0.02,30.726,0
20.128,-66.726,-89.507,22.78,5.719,0.4556,16.6,1
31.556,-71.591,-92.95,21.358,7.095,0.2728,15.172,1
67.356,-72.754,-92.212,19.457,11.898,0.02,25.542,0
45.904,-72.856,-93.137,20.282,11.207,0.1894,26.502,0
99.106,-74.249,-87.406,13.156,7.137,0.02,27.568,0
105.137,-79.964,-92.392,12.428,5.166,0.02,28.888,0
81.326,-76.622,-93.622,16.999,15.751,0.02,29.463,0
93.624,-79.279,-93.562,14.284,12.402,0.02,25.139,0
67.846,-68.339,-93.193,24.855,2.212,0.1167,17.978,0
115.256,-76.198,-95.778,19.58,2.498,0.02,21.38,0
11.104,-64.666,-93.652,28.987,5.67,0.5833,14.817,1
50.369,-68.536,-91.588,23.052,1.451,0.2192,14.461,1
104.242,-72.975,-90.585,17.609,2.871,0.02,19.044,0
52.799,-74.308,-87.786,13.478,9.592,0.0901,24.203,0
16.388,-67.908,-91.157,23.249,11.148,0.3532,18.085,1
55.027,-79.771,-93.661,13.89,7.481,0.0885,19.216,0
108.167,-74.556,-95.539,20.982,7.484,0.02,27.508,0
22.688,-71.932,-90.969,19.038,5.817,0.448,13.392,1
110.072,-77.58,-92.411,14.831,4.76,0.02,23.158,0
117.441,-84.808,-92.295,7.487,13.495,0.02,40.186,0
97.119,-73.054,-91.081,18.027,14.217,0.02,34.123,0
40.414,-66.973,-90.182,23.209,7.277,0.2749,19.815,1
121.768,-76.875,-91.056,14.18,2.954,0.02,21.497,0
36.094,-66.548,-92.597,26.049,4.777,0.2645,15.923,1
136.344,-79.935,-94.805,14.87,7.838,0.02,28.931,0
107.464,-80.243,-94.145,13.901,7.263,0.02,27.089,0
12.934,-69.153,-89.031,19.878,12.596,0.484,19.083,1
120.897,-75.669,-93.483,17.813,4.551,0.02,22.502,0
78.433,-79.467,-96.711,17.244,11.553,0.02,29.939,0
70.634,-67.425,-87.941,20.517,8.018,0.1437,20.039,0
65.974,-82.119,-95.298,13.179,29.279,0.02,40.889,0
92.961,-73.814,-91.877,18.063,7.704,0.02,19.665,0
110.064,-73.651,-90.281,16.63,4.979,0.02,22.854,0
134.917,-85.823,-91.989,6.166,19.531,0.02,48.213,0
44.577,-73.008,-100.673,27.665,7.285,0.2464,24.509,1
96.463,-78.483,-90.633,12.15,11.138,0.02,28.256,0
104.52,-66.012,-87.357,21.345,1.682,0.02,18.044,0
102.846,-80.086,-89.247,9.161,16.692,0.02,46.913,0
76.485,-78.324,-99.434,21.11,4.778,0.0273,22.647,0
61.698,-71.639,-84.555,12.915,3.269,0.0718,15.461,0
115.545,-82.895,-96.64,13.746,14.657,0.02,34.529,0
48.501,-71.853,-95.774,23.921,4.4,0.3374,17.402,1
35.168,-70.69,-89.263,18.573,3.854,0.4269,12.518,1
84.145,-73.633,-90.415,16.782,2.851,0.02,20.513,0
43.804,-72.9,-91.719,18.819,5.678,0.3019,13.927,0
9.819,-62.657,-93.993,31.336,4.398,0.6373,8.659,1
12.478,-60.801,-87.342,26.541,13.413,0.3786,23.684,1
105.777,-76.274,-92.138,15.864,4.671,0.02,24.195,0
146.106,-79.443,-97.48,18.037,5.382,0.02,32.04,0
70.93,-80.213,-87.687,7.474,5.042,0.02,29.881,0
26.324,-67.051,-91.233,24.182,11.87,0.2798,25.192,1
123.622,-81.548,-88.097,6.549,14.231,0.02,43.577,0
42.908,-70.69,-89.996,19.306,7.941,0.1992,22.286,0
149.366,-85.67,-83.629,-2.04,7.662,0.02,58.33,0
86.673,-75.736,-93.085,17.349,8.727,0.02,22.21,0
38.732,-70.499,-91.944,21.445,9.261,0.2825,15.71,0
76.921,-77.204,-89.481,12.277,12.609,0.02,31.382,0
53.63,-76.56,-93.063,16.504,12.073,0.0338,24.696,0
118.023,-74.195,-89.191,14.996,3.623,0.02,22.649,0
20.343,-67.224,-102.316,35.092,1.164,0.7315,13.477,1
129.265,-76.818,-92.255,15.437,9.741,0.02,26.861,0
116.264,-74.266,-92.36,18.095,2.719,0.02,21.746,0
129.898,-82.32,-92.487,10.167,10.947,0.02,35.653,0
134.774,-77.484,-95.069,17.585,9.189,0.02,33.8,0
38.318,-71.97,-88.829,16.859,7.649,0.2597,20.63,0
80.546,-73.714,-93.766,20.052,6.581,0.02,20.183,0
128.239,-83.151,-91.299,8.148,13.991,0.02,43.099,0
59.721,-74.883,-92.13,17.247,11.516,0.02,23.883,0
13.759,-62.477,-90.249,27.772,3.37,0.4476,9.092,1
47.287,-72.585,-86.992,14.407,9.421,0.1447,25.99,0
40.078,-70.021,-91.317,21.296,8.508,0.3489,18.573,0
131.159,-83.526,-89.055,5.529,16.992,0.02,57.368,0
72.258,-78.939,-91.493,12.554,18.615,0.02,35.476,0
104.114,-75.579,-93.771,18.192,8.119,0.02,28.826,0
144.507,-85.196,-92.495,7.299,27.923,0.02,58.424,0
48.382,-73.145,-92.992,19.847,4.411,0.1948,17.567,0
115.374,-79.758,-90.011,10.254,2.109,0.02,27.03,0
8.301,-63.89,-91.627,27.737,19.936,0.4742,22.272,1
20.097,-68.534,-94.78,26.246,3.931,0.5415,17.714,1
28.47,-65.342,-92.777,27.435,2.217,0.4883,11.307,1
50.301,-73.224,-97.341,24.116,4.177,0.2074,20.445,1
63.433,-76.975,-92.646,15.671,5.355,0.0725,24.387,0
74.167,-74.602,-91.995,17.394,1.262,0.02,14.905,0
40.573,-74.999,-85.67,10.672,6.304,0.1341,21.674,0
14.601,-66.003,-87.28,21.277,4.947,0.4736,12.452,1
103.241,-73.647,-95.619,21.972,8.364,0.02,21.073,0
8.431,-62.023,-91.294,29.271,0.639,0.6913,10.278,1
122.373,-78.99,-91.232,12.243,6.7,0.02,33.361,0
139.727,-77.776,-92.807,15.031,31.271,0.02,47.746,0
108.003,-78.645,-92.583,13.938,15.207,0.02,35.144,0
91.414,-77.206,-93.239,16.033,2.406,0.02,18.737,0
100.268,-82.685,-85.446,2.761,4.435,0.02,38.6,0
99.572,-76.393,-93.457,17.064,5.533,0.02,22.886,0
140.097,-84.358,-90.807,6.449,19.479,0.02,52.339,0
144.824,-77.992,-100.852,22.859,6.379,0.02,26.625,0
66.873,-76.174,-89.118,12.943,5.626,0.0707,22.656,0
94.476,-75.142,-87.855,12.713,2.758,0.02,21.624,0
121.407,-73.957,-95.682,21.725,5.659,0.02,25.55,0
5.151,-54.436,-93.792,39.356,6.217,0.8007,11.81,1
81.417,-80.124,-90.42,10.296,8.903,0.02,33.009,0
99.667,-76.326,-91.932,15.606,3.998,0.02,20.689,0
108.995,-74.085,-90.368,16.283,2.801,0.02,18.294,0
58.474,-77.192,-93.005,15.814,2.724,0.02,15.759,0
47.868,-68.737,-85.479,16.741,15.508,0.057,26.556,0
31.411,-70.788,-94.344,23.556,17.204,0.2192,25.398,0
85.883,-76.167,-82.579,6.413,15.685,0.02,38.695,0
138.299,-80.243,-87.653,7.41,5.711,0.02,37.268,0
134.917,-80.781,-89.088,8.307,15.112,0.02,44.867,0
57.195,-77.352,-95.642,18.289,13.674,0.02,27.08,0
42.389,-67.352,-88.816,21.464,10.703,0.3836,24.403,0
119.375,-72.886,-89.886,17.001,6.089,0.02,26.667,0
110.122,-72.188,-99.419,27.231,10.707,0.02,29.47,0
78.274,-79.905,-96.916,17.011,2.466,0.02,19.467,0
61.409,-74.266,-90.748,16.482,14.134,0.02,25.443,0
22.951,-64.478,-92.467,27.988,0.928,0.4872,13.463,1
118.845,-80.359,-93.808,13.449,6.128,0.02,27.377,0
94.532,-75.717,-88.224,12.507,7.048,0.02,26.81,0
59.648,-77.712,-95.093,17.382,5.879,0.02,16.137,0
138.224,-76.517,-93.593,17.076,14.332,0.02,35.825,0
100.653,-80.968,-94.265,13.297,2.533,0.02,23.571,0
139.74,-78.089,-90.214,12.126,3.492,0.02,30.999,0
73.79,-73.018,-98.018,25.001,8.403,0.02,19.479,0
70.92,-75.603,-93.742,18.139,1.879,0.02,18.579,0
140.9,-75.187,-98.03,22.842,5.53,0.02,26.621,0
144.17,-87.967,-93.095,5.128,20.669,0.02,52.599,0
144.311,-81.263,-89.469,8.206,14.031,0.02,43.414,0
123.74,-86.979,-89.407,2.427,23.114,0.02,56.737,0
72.049,-77.414,-94.547,17.133,7.778,0.02,23.028,0
35.493,-73.049,-90.133,17.084,14.745,0.2419,23.731,0
60.599,-77.067,-92.648,15.581,15.332,0.02,27.652,0
141.053,-74.782,-87.236,12.454,1.942,0.02,26.25,0
57.715,-76.45,-92.455,16.005,4.68,0.0983,17.667,0
114.724,-82.608,-102.406,19.798,5.871,0.02,21.915,0
138.836,-82.867,-88.869,6.002,17.387,0.02,45.105,0
145.707,-78.704,-93.607,14.903,3.057,0.02,32.107,0
142.413,-81.194,-92.96,11.766,22.152,0.02,46.798,0
85.483,-72.349,-90.824,18.475,5.419,0.02,28.803,0
76.323,-82.758,-96.986,14.229,11.843,0.02,27.181,0
148.208,-74.719,-91.739,17.019,6.175,0.02,28.3,0
36.636,-71.496,-90.129,18.633,1.009,0.3263,11.835,1
32.192,-73.244,-90.726,17.482,22.341,0.2251,32.723,0
144.661,-81.484,-94.096,12.612,15.857,0.02,40.318,0
104.933,-84.001,-88.528,4.528,6.692,0.02,35.804,0
82.764,-77.921,-95.491,17.571,10.606,0.02,23.167,0
24.147,-63.906,-94.189,30.283,4.701,0.4298,11.593,1
79.42,-73.159,-92.476,19.317,4.19,0.02,19.965,0
141.912,-82.909,-90.966,8.057,15.796,0.02,46.494,0
92.419,-77.493,-93.136,15.643,14.315,0.02,30.373,0
63.671,-76.682,-87.7,11.018,26.936,0.02,42.365,0
84.91,-78.389,-90.966,12.578,14.663,0.02,30.018,0
133.491,-78.422,-91.735,13.314,10.377,0.02,35.863,0
137.363,-83.413,-91.09,7.677,14.946,0.02,45.914,0
63.013,-77.712,-89.435,11.723,11.343,0.02,30.508,0
93.169,-78.631,-91.157,12.526,12.077,0.02,34.002,0
45.484,-80.328,-98.333,18.005,13.716,0.2093,19.733,0
70.407,-74.423,-88.187,13.764,15.622,0.02,30.944,0
36.883,-70.139,-91.581,21.443,7.512,0.3374,21.201,1
82.063,-75.272,-89.603,14.331,0.815,0.02,14.746,0
88.845,-74.171,-93.421,19.249,7.832,0.02,21.061,0
53.986,-71.074,-98.394,27.32,3.51,0.2279,13.632,1
44.457,-70.657,-99.976,29.319,18.327,0.1417,25.067,0
26.899,-66.179,-95.305,29.126,21.134,0.4299,31.099,1
25.234,-66.007,-90.189,24.183,3.75,0.4458,14.314,1
108.162,-79.742,-87.457,7.715,6.105,0.02,31.324,0
37.138,-68.203,-90.943,22.74,7.222,0.2875,13.562,1
22.107,-68.28,-95.683,27.403,4.011,0.4456,11.605,1
149.836,-83.177,-94.744,11.567,11.322,0.02,40.589,0
42.688,-71.302,-87.237,15.935,2.612,0.2116,11.592,0
134.927,-76.37,-96.588,20.218,9.732,0.02,25.773,0
93.332,-75.923,-84.644,8.721,14.182,0.02,38.375,0
108.685,-76.196,-85.434,9.238,12.29,0.02,34.775,0
86.333,-76.753,-84.528,7.775,11.634,0.02,41.232,0
31.218,-66.91,-90.668,23.758,4.455,0.329,15.268,1
127.822,-79.812,-93.195,13.383,20.463,0.02,40.262,0
125.056,-82.862,-90.753,7.891,17.133,0.02,44.716,0
55.704,-71.182,-88.82,17.638,5.98,0.224,17.207,0
115.758,-79.493,-94.278,14.785,13.24,0.02,30.295,0
83.741,-76.847,-95.854,19.007,5.243,0.02,26.868,0
136.812,-81.749,-92.994,11.245,13.416,0.02,41.148,0
121.41,-79.368,-94.703,15.335,2.733,0.02,21.786,0
10.944,-64.546,-87.657,23.111,16.3,0.3533,24.034,1
132.495,-78.895,-94.158,15.262,5.497,0.02,24.051,0
145.442,-77.159,-91.665,14.506,3.674,0.02,28.774,0
112.613,-72.756,-88.559,15.804,3.207,0.02,13.429,0
22.387,-65.729,-87.521,21.791,10.091,0.4236,17.518,1
122.07,-79.319,-91.27,11.951,12.339,0.02,32.518,0
98.886,-83.136,-90.655,7.519,6.985,0.02,36.477,0
54.13,-67.145,-95.559,28.414,14.252,0.2923,25.777,0
133.184,-80.154,-88.419,8.265,1.111,0.02,26.903,0
87.007,-78.616,-87.578,8.962,8.697,0.02,32.201,0
128.675,-75.148,-98.546,23.399,6.859,0.02,26.484,0
102.166,-80.08,-85.83,5.75,4.052,0.02,37.97,0
46.835,-70.118,-94.452,24.334,3.439,0.2534,15.927,1
146.378,-82.447,-89.919,7.472,12.972,0.02,44.182,0
87.796,-76.228,-91.729,15.5,2.79,0.02,18.859,0
79.93,-75.761,-92.211,16.451,8.25,0.02,17.117,0
63.509,-76.659,-92.723,16.064,2.079,0.1952,13.59,0
24.77,-66.816,-95.474,28.658,1.632,0.4894,6.43,1
104.501,-74.608,-90.167,15.558,7.819,0.02,29.949,0
67.466,-75.222,-93.001,17.779,9.583,0.0808,21.578,0
140.519,-68.504,-96.583,28.079,4.099,0.02,26.776,0
144.939,-80.443,-95.623,15.18,11.61,0.02,29.798,0
116.308,-83.882,-96.524,12.642,17.128,0.02,36.772,0
40.162,-73.699,-93.836,20.137,13.286,0.2678,22.539,0
108.817,-83.776,-90.302,6.527,7.842,0.02,38.511,0
7.961,-58.269,-94.489,36.22,16.348,0.6367,22.521,1
124.828,-74.327,-88.586,14.259,8.932,0.02,27.308,0
76.575,-72.154,-92.417,20.263,3.607,0.02,13.14,0
140.827,-83.196,-93.013,9.817,12.401,0.02,45.449,0
59.775,-77.889,-91.941,14.052,15.156,0.02,27.009,0
43.16,-68.218,-87.117,18.899,2.252,0.1956,12.731,0
149.283,-81.446,-96.8,15.354,6.412,0.02,26.612,0
81.948,-77.741,-86.203,8.461,3.631,0.02,31.487,0
130.161,-82.392,-88.639,6.248,9.13,0.02,39.189,0
137.103,-73.805,-92.076,18.271,7.016,0.02,26.171,0
80.178,-76.373,-87.859,11.487,3.496,0.02,23.964,0
71.079,-72.519,-93.129,20.61,7.848,0.02,24.579,0
85.168,-75.024,-91.0,15.976,9.859,0.02,24.719,0
127.922,-82.44,-93.895,11.454,11.834,0.02,35.897,0
144.876,-83.115,-88.617,5.503,24.22,0.02,56.659,0
52.607,-75.698,-94.475,18.778,6.707,0.0965,17.49,0
112.101,-73.953,-92.18,18.227,8.434,0.02,30.794,0
46.379,-74.843,-89.623,14.78,8.164,0.1673,17.634,0
93.588,-80.508,-88.331,7.823,31.239,0.02,55.891,0
121.694,-79.76,-94.874,15.114,5.481,0.02,23.068,0
133.541,-81.993,-89.364,7.371,6.961,0.02,39.166,0
70.064,-71.587,-95.437,23.85,7.372,0.1126,20.871,0
58.615,-74.216,-99.526,25.311,2.738,0.1011,16.312,0
41.75,-77.507,-94.618,17.111,11.356,0.2194,21.991,0
24.345,-66.591,-89.079,22.488,9.324,0.5487,15.442,1
57.913,-75.194,-92.043,16.849,5.253,0.1472,17.735,0
131.437,-79.595,-93.872,14.278,11.759,0.02,27.563,0
65.727,-72.434,-91.806,19.372,10.51,0.1026,23.956,0
51.008,-70.751,-91.922,21.171,3.411,0.1627,14.273,0
112.174,-76.237,-89.823,13.586,11.445,0.02,30.304,0
36.26,-72.959,-97.641,24.682,1.487,0.5695,12.4,1
42.162,-67.919,-92.358,24.439,8.499,0.2237,19.602,1
140.707,-79.908,-91.565,11.657,4.13,0.02,24.057,0
16.831,-71.884,-96.779,24.895,20.849,0.5142,26.874,1
65.122,-83.477,-96.827,13.349,16.388,0.02,31.595,0
88.629,-80.103,-93.276,13.173,21.001,0.02,41.629,0
38.388,-72.426,-91.97,19.544,4.519,0.134,21.749,0
45.747,-73.402,-91.958,18.556,3.537,0.1552,20.108,0
37.168,-69.448,-93.947,24.5,7.558,0.3894,16.063,1
55.052,-67.493,-94.091,26.597,4.926,0.1995,18.7,1
135.283,-81.445,-93.383,11.938,4.119,0.02,31.73,0
67.58,-76.275,-90.955,14.68,17.287,0.02,31.857,0
65.585,-78.013,-87.644,9.631,17.12,0.02,36.831,0
61.054,-78.142,-99.771,21.629,13.968,0.02,26.871,0
144.797,-81.76,-89.819,8.06,1.617,0.02,34.146,0
22.008,-62.497,-92.389,29.892,10.63,0.3875,17.774,1
131.422,-78.985,-90.16,11.175,6.55,0.02,32.615,0
52.438,-74.522,-87.851,13.329,13.104,0.0558,23.857,0
143.694,-82.93,-94.643,11.713,12.691,0.02,43.932,0
50.708,-72.843,-88.695,15.852,9.734,0.02,20.553,0
17.017,-68.904,-96.389,27.485,17.396,0.3305,26.418,1
80.406,-70.411,-91.553,21.142,9.5,0.02,24.873,0
38.041,-68.613,-92.849,24.236,1.338,0.4346,13.044,1
114.184,-77.555,-91.838,14.283,6.175,0.02,27.238,0
100.309,-76.4,-95.462,19.062,4.561,0.02,24.683,0
104.538,-72.902,-90.471,17.569,3.501,0.02,21.607,0
33.056,-68.934,-86.448,17.514,3.716,0.196,16.443,0
107.751,-78.874,-95.401,16.528,5.545,0.02,24.73,0
50.143,-71.519,-91.336,19.818,4.909,0.1224,13.993,0
149.808,-78.474,-89.004,10.53,11.115,0.02,39.103,0
111.106,-73.865,-93.039,19.174,4.326,0.02,22.251,0
90.61,-76.786,-87.239,10.452,11.5,0.02,35.112,0
130.732,-79.961,-93.504,13.543,14.853,0.02,38.033,0
90.45,-74.403,-92.407,18.004,11.311,0.02,27.342,0
85.149,-84.631,-95.476,10.845,8.645,0.02,30.898,0
39.411,-71.513,-91.557,20.044,12.155,0.2246,23.096,0
103.326,-78.516,-91.989,13.474,3.594,0.02,22.102,0
59.323,-72.327,-89.774,17.447,1.567,0.1596,18.285,0
11.247,-62.073,-94.227,32.154,12.534,0.6548,21.732,1
123.329,-75.425,-94.387,18.962,9.43,0.02,33.459,0
12.522,-69.928,-90.381,20.453,21.976,0.3289,28.448,0
102.484,-81.151,-87.11,5.959,15.032,0.02,42.874,0
27.725,-70.809,-89.798,18.99,6.191,0.368,10.957,1
67.723,-76.29,-85.534,9.244,6.808,0.02,34.632,0
129.568,-83.503,-90.056,6.554,8.878,0.02,42.009,0
18.691,-59.169,-90.182,31.013,7.094,0.5428,18.145,1
101.737,-75.07,-89.622,14.552,8.732,0.02,30.878,0
93.83,-78.72,-86.791,8.071,5.101,0.02,31.988,0
130.792,-80.339,-87.669,7.329,13.521,0.02,42.172,0
30.047,-70.938,-95.797,24.859,10.864,0.4494,23.005,1
120.969,-78.174,-89.198,11.024,7.513,0.02,31.813,0
70.268,-76.301,-91.071,14.771,3.165,0.02,13.61,0
67.153,-79.103,-92.679,13.576,7.423,0.02,27.144,0
57.459,-75.657,-98.205,22.548,9.873,0.0491,19.852,0
60.908,-69.647,-97.391,27.744,7.098,0.2172,18.595,1
80.394,-79.944,-93.276,13.331,5.947,0.02,25.637,0
20.486,-61.722,-97.126,35.404,1.069,0.629,5.942,1
66.635,-77.707,-93.203,15.496,31.957,0.02,43.617,0
99.537,-77.791,-89.5,11.709,4.038,0.02,26.781,0
77.238,-73.823,-94.033,20.21,10.259,0.02,27.586,0
29.045,-67.3,-91.708,24.408,3.502,0.4537,15.524,1
57.642,-80.329,-95.745,15.416,9.639,0.0731,24.212,0
69.229,-76.536,-90.954,14.418,10.306,0.054,27.214,0
101.987,-78.351,-90.222,11.871,6.359,0.02,31.926,0
135.611,-75.012,-96.98,21.968,7.069,0.02,26.727,0
84.804,-76.832,-94.632,17.8,4.79,0.02,18.259,0
103.073,-83.051,-96.435,13.384,31.96,0.02,46.934,0
16.192,-69.475,-90.218,20.742,14.13,0.4652,23.851,1
143.398,-80.247,-91.426,11.179,8.679,0.02,34.732,0
50.705,-75.705,-92.174,16.468,5.207,0.1138,16.202,0
56.372,-71.213,-92.449,21.236,13.19,0.02,28.143,0
37.312,-72.885,-90.87,17.985,13.285,0.1596,25.071,0
17.277,-67.902,-90.8,22.898,3.562,0.5218,16.816,1
119.557,-73.79,-93.735,19.945,2.043,0.02,22.44,0
39.871,-74.376,-94.225,19.848,5.156,0.1616,17.963,0
45.99,-70.647,-92.206,21.559,4.971,0.1457,16.024,0
31.36,-72.67,-92.664,19.994,2.246,0.387,7.828,1
146.358,-78.386,-84.788,6.402,4.009,0.02,36.91,0
118.25,-74.418,-93.344,18.926,3.197,0.02,20.838,0
139.835,-83.604,-90.986,7.382,17.567,0.02,45.055,0
129.95,-83.153,-90.369,7.216,9.883,0.02,41.199,0
136.413,-83.576,-87.098,3.522,10.78,0.02,49.693,0
74.46,-76.693,-94.839,18.146,13.799,0.02,26.681,0
29.729,-62.291,-87.311,25.02,3.439,0.4755,15.035,1
52.398,-70.306,-92.516,22.21,10.922,0.124,21.619,0
47.405,-68.292,-83.245,14.954,5.866,0.0362,17.687,0
108.984,-83.133,-90.731,7.598,17.543,0.02,43.533,0
8.723,-58.756,-96.301,37.545,15.9,0.5971,23.924,1
25.596,-67.365,-92.69,25.325,19.894,0.3162,29.915,1
104.018,-75.928,-87.323,11.395,3.763,0.02,31.11,0
22.899,-68.9,-91.715,22.815,7.158,0.4088,15.295,1
12.002,-59.148,-92.209,33.061,4.897,0.6136,13.067,1
20.836,-67.866,-89.484,21.617,4.576,0.5519,17.014,1
105.148,-75.212,-93.207,17.996,5.091,0.02,22.243,0
25.202,-69.891,-92.738,22.846,12.549,0.4245,23.069,1
26.214,-70.413,-95.306,24.894,4.716,0.3516,13.603,1
38.394,-71.185,-85.949,14.764,4.023,0.192,16.775,0
113.882,-71.739,-96.279,24.54,4.617,0.02,25.034,0
34.051,-72.31,-91.407,19.097,2.41,0.4587,16.832,1
10.129,-57.886,-90.32,32.435,4.772,0.6574,11.397,1
136.35,-78.702,-92.048,13.345,16.261,0.02,39.808,0
132.066,-83.688,-96.389,12.701,26.928,0.02,48.305,0
31.799,-70.701,-95.496,24.794,5.951,0.3205,12.434,1
43.475,-77.148,-90.171,13.023,16.874,0.1143,28.74,0
32.341,-68.575,-94.73,26.155,22.341,0.2524,29.47,0
109.333,-83.143,-99.252,16.11,15.686,0.02,34.12,0
41.251,-78.323,-90.646,12.322,1.474,0.2573,15.011,0
140.06,-78.407,-95.054,16.647,5.864,0.02,27.511,0
125.008,-85.255,-89.791,4.536,19.177,0.02,52.443,0
90.318,-78.032,-92.706,14.674,12.97,0.02,30.782,0
6.296,-63.607,-92.874,29.267,14.872,0.5308,20.82,1
133.132,-81.153,-91.817,10.664,8.022,0.02,30.903,0
110.525,-78.311,-95.985,17.674,10.037,0.02,30.402,0
119.247,-77.514,-94.889,17.375,6.446,0.02,24.323,0
15.415,-62.15,-92.91,30.76,16.714,0.6536,27.332,1
107.741,-77.633,-96.005,18.372,6.513,0.02,24.588,0
121.665,-78.652,-89.502,10.849,8.973,0.02,34.226,0
143.712,-80.081,-93.076,12.994,5.128,0.02,31.315,0
89.168,-73.064,-97.073,24.009,4.078,0.02,22.197,0
78.666,-81.073,-93.957,12.883,17.656,0.02,34.531,0
66.683,-77.608,-91.646,14.038,16.474,0.02,29.756,0
106.687,-77.197,-93.561,16.364,4.637,0.02,22.73,0
138.519,-82.847,-90.601,7.754,10.238,0.02,36.698,0
91.964,-74.329,-89.991,15.662,16.408,0.02,34.418,0
37.956,-74.143,-83.594,9.451,30.069,0.02,44.478,0
7.548,-63.709,-87.973,24.264,10.848,0.5608,17.236,1
94.771,-77.397,-97.727,20.33,15.894,0.02,30.787,0
130.367,-76.875,-93.261,16.386,15.732,0.02,36.131,0
14.566,-67.454,-92.933,25.479,14.325,0.3895,22.023,1
62.648,-68.84,-89.987,21.147,1.789,0.0687,17.54,0
141.307,-79.437,-95.268,15.83,9.943,0.02,32.369,0
77.743,-74.779,-93.859,19.08,6.586,0.067,19.663,0
36.995,-66.1,-96.355,30.255,3.942,0.3711,13.222,1
56.28,-71.917,-94.108,22.191,3.53,0.1439,16.127,0
64.18,-72.594,-93.977,21.384,5.148,0.1164,20.84,0
22.007,-68.801,-93.096,24.294,18.902,0.3174,28.553,1
100.815,-81.817,-96.153,14.336,3.413,0.02,23.669,0
90.864,-76.802,-88.563,11.761,14.43,0.02,33.963,0
98.92,-79.321,-90.347,11.026,21.683,0.02,45.479,0
93.565,-77.52,-97.071,19.55,5.13,0.02,22.843,0
7.417,-69.503,-91.909,22.406,20.568,0.4798,25.775,1
30.297,-69.026,-97.478,28.452,16.869,0.2861,25.553,1
29.008,-71.084,-87.302,16.219,6.429,0.13,18.718,0
19.203,-69.58,-86.351,16.771,9.245,0.4234,22.0,1
111.644,-81.138,-92.195,11.057,4.455,0.02,24.371,0
22.42,-72.845,-94.984,22.14,7.705,0.4616,17.842,1
101.888,-81.561,-94.325,12.764,35.0,0.02,48.808,0
30.867,-62.351,-93.588,31.237,8.853,0.3985,17.182,1
22.155,-68.196,-92.374,24.178,5.559,0.4225,16.389,1
28.567,-65.016,-87.203,22.187,1.844,0.3672,12.806,1
78.719,-76.604,-88.655,12.051,10.85,0.02,27.733,0
98.595,-75.665,-88.601,12.937,3.869,0.02,23.133,0
122.729,-78.015,-91.403,13.388,2.876,0.02,27.442,0
23.642,-65.584,-96.038,30.454,10.679,0.4017,20.173,1
94.347,-79.905,-94.695,14.79,4.341,0.02,21.631,0
117.207,-79.576,-91.787,12.211,14.777,0.02,39.473,0
50.299,-67.971,-96.204,28.233,1.669,0.3228,16.473,1
16.559,-63.688,-90.936,27.248,12.355,0.3581,19.814,1
27.612,-70.717,-89.182,18.465,24.108,0.1707,33.99,0
18.276,-66.001,-90.091,24.09,11.434,0.4689,19.483,1
133.646,-81.99,-90.232,8.242,15.377,0.02,44.904,0
59.622,-74.246,-98.532,24.286,4.825,0.2089,14.011,0
80.886,-82.164,-87.333,5.169,15.808,0.02,42.657,0
116.46,-77.629,-97.486,19.857,11.314,0.02,30.215,0
58.867,-69.928,-92.535,22.607,9.438,0.02,19.577,0
99.12,-78.684,-89.835,11.151,19.055,0.02,39.627,0
16.119,-65.673,-90.745,25.071,12.948,0.4866,17.243,1
74.731,-72.808,-96.472,23.665,4.063,0.2317,20.885,0
18.995,-71.894,-95.844,23.95,6.318,0.3585,19.07,1
41.001,-75.544,-90.995,15.452,22.005,0.1794,29.386,0
47.534,-71.61,-90.212,18.602,3.697,0.3498,12.127,0
109.05,-82.278,-95.875,13.597,3.698,0.02,25.548,0
102.745,-78.461,-90.626,12.165,14.69,0.02,36.082,0
113.327,-83.465,-97.303,13.839,6.133,0.02,27.597,0
13.954,-64.955,-89.815,24.859,24.485,0.2762,33.183,0
149.118,-80.549,-95.093,14.545,13.167,0.02,35.746,0
12.891,-63.466,-91.718,28.252,6.561,0.6834,18.61,1
124.733,-77.338,-92.306,14.968,11.351,0.02,34.432,0
112.339,-77.155,-87.938,10.782,4.858,0.02,34.294,0
90.805,-79.132,-91.153,12.021,27.059,0.02,50.759,0
68.634,-74.291,-94.097,19.806,9.702,0.02,21.808,0
114.784,-80.763,-90.741,9.979,7.041,0.02,35.52,0
112.279,-73.02,-84.502,11.482,5.517,0.02,29.593,0
24.891,-63.21,-89.41,26.2,3.971,0.5629,9.287,1
119.932,-76.683,-92.207,15.524,4.451,0.02,25.294,0
16.391,-63.828,-94.918,31.09,5.145,0.641,12.482,1
77.579,-72.276,-94.158,21.882,2.371,0.02,17.889,0
98.537,-73.241,-89.62,16.379,6.537,0.02,20.884,0
124.145,-73.107,-95.1,21.993,7.501,0.02,30.428,0
72.151,-77.477,-91.991,14.514,11.521,0.02,24.024,0
39.344,-67.118,-86.968,19.85,4.604,0.2506,14.234,0
76.146,-75.047,-91.474,16.426,4.314,0.02,22.348,0
41.28,-76.109,-95.777,19.668,8.064,0.3484,20.073,0
81.665,-73.312,-84.378,11.066,7.084,0.02,32.536,0
72.064,-71.313,-85.831,14.518,10.876,0.02,27.89,0
118.173,-74.408,-90.246,15.837,1.754,0.02,24.145,0
39.813,-72.205,-87.535,15.33,11.405,0.1007,19.638,0
33.998,-68.752,-92.934,24.183,7.972,0.3038,19.446,1
73.757,-71.806,-89.464,17.659,1.004,0.02,20.849,0
12.323,-60.879,-93.482,32.603,6.65,0.691,12.497,1
38.254,-68.276,-96.744,28.468,14.134,0.4309,24.572,1
56.287,-70.74,-82.928,12.188,8.729,0.02,25.172,0
75.706,-77.061,-96.923,19.862,7.209,0.0286,22.745,0
44.068,-70.994,-90.959,19.965,4.754,0.267,18.59,0
86.292,-76.653,-90.999,14.347,1.732,0.02,19.441,0
132.37,-78.952,-90.194,11.242,8.354,0.02,39.086,0
83.84,-83.488,-92.314,8.825,16.451,0.02,33.946,0
46.592,-69.125,-92.277,23.152,22.001,0.042,25.746,0
13.987,-65.2,-91.516,26.315,3.566,0.5954,11.984,1
24.817,-69.459,-90.32,20.862,8.935,0.2906,21.714,1
86.377,-76.411,-92.006,15.596,9.301,0.02,24.618,0
104.138,-81.409,-92.239,10.83,5.888,0.02,28.498,0
12.202,-65.535,-96.624,31.089,16.646,0.5124,19.452,1
31.905,-69.288,-84.952,15.664,9.579,0.2694,19.047,0
51.267,-66.77,-90.125,23.355,2.709,0.2058,14.241,0
51.367,-72.224,-91.269,19.045,7.315,0.217,19.296,0
143.969,-82.522,-94.186,11.663,14.782,0.02,40.018,0
34.547,-72.414,-95.513,23.099,3.03,0.4366,15.909,1
14.065,-57.369,-88.99,31.621,7.987,0.5375,15.506,1
56.187,-73.272,-92.56,19.287,8.459,0.0238,19.101,0
24.494,-67.712,-89.826,22.114,9.591,0.3211,19.127,1
23.354,-72.494,-96.733,24.239,13.344,0.406,22.297,1
64.08,-72.2,-86.586,14.386,5.249,0.02,16.926,0
49.427,-77.598,-88.845,11.247,24.571,0.0663,41.246,0
18.3,-61.694,-92.284,30.59,10.464,0.396,16.087,1
92.624,-79.811,-90.363,10.552,29.602,0.02,51.762,0
77.746,-74.882,-89.406,14.524,5.949,0.02,20.479,0
16.179,-69.523,-96.679,27.157,11.972,0.4953,17.549,1
130.098,-77.996,-86.128,8.132,0.281,0.02,37.809,0
46.283,-76.299,-90.309,14.01,25.971,0.0522,37.653,0
144.4,-80.167,-94.464,14.298,10.831,0.02,35.814,0
140.073,-85.255,-95.838,10.584,5.931,0.02,33.346,0
67.944,-76.302,-88.545,12.243,2.214,0.02,23.929,0
38.142,-72.806,-91.261,18.455,10.999,0.2901,23.556,0
126.054,-77.003,-90.311,13.308,5.393,0.02,27.139,0
57.386,-80.967,-91.907,10.94,16.09,0.02,36.334,0
28.715,-67.803,-95.51,27.707,24.008,0.2677,35.451,0
84.983,-72.908,-90.22,17.312,9.739,0.02,24.222,0
75.963,-79.797,-92.691,12.895,14.538,0.02,31.591,0
128.253,-71.479,-92.076,20.597,6.7,0.02,32.08,0
110.746,-75.969,-83.68,7.711,0.793,0.02,30.484,0
132.04,-80.389,-88.958,8.569,11.571,0.02,43.403,0
111.532,-77.535,-88.756,11.221,13.714,0.02,38.856,0
98.115,-75.789,-82.478,6.689,6.796,0.02,38.295,0
77.526,-74.082,-90.654,16.572,1.932,0.02,19.987,0
148.195,-82.874,-91.581,8.707,5.355,0.02,29.635,0
144.079,-81.893,-94.377,12.484,11.137,0.02,34.632,0
128.084,-77.784,-93.584,15.8,6.599,0.02,25.994,0
117.421,-75.893,-99.165,23.272,7.315,0.02,27.058,0
88.746,-75.012,-89.234,14.221,21.72,0.02,35.313,0
42.664,-73.417,-96.434,23.017,10.739,0.3019,21.662,0
131.939,-83.184,-88.84,5.657,28.395,0.02,56.688,0
6.568,-59.384,-92.151,32.767,2.536,0.6585,5.892,1
37.979,-66.211,-91.552,25.341,2.018,0.3761,20.328,1
63.541,-76.194,-92.148,15.954,12.973,0.02,24.957,0
89.993,-80.335,-87.149,6.814,17.437,0.02,47.34,0
86.328,-77.125,-87.767,10.642,12.581,0.02,36.304,0
30.493,-79.168,-92.101,12.933,32.924,0.02,42.535,0
20.196,-67.551,-95.147,27.596,22.367,0.3968,33.963,1
37.238,-73.583,-88.766,15.184,18.506,0.1664,26.148,0
55.563,-64.361,-95.411,31.05,4.653,0.3392,17.557,1
7.038,-60.082,-97.442,37.36,4.261,0.7863,14.066,1
105.406,-80.789,-90.256,9.467,19.023,0.02,43.487,0
40.92,-68.007,-87.735,19.728,7.256,0.211,18.229,0
55.954,-72.565,-93.418,20.853,15.647,0.0445,22.794,0
53.561,-69.821,-90.584,20.763,7.256,0.0885,21.811,0
79.215,-75.367,-93.455,18.088,1.651,0.02,19.695,0
129.671,-85.078,-89.473,4.395,20.075,0.02,52.682,0
26.662,-61.29,-88.167,26.877,13.321,0.4099,24.991,1
54.405,-71.13,-92.92,21.79,5.463,0.274,18.984,0
105.344,-75.689,-95.597,19.907,0.941,0.02,22.144,0
11.414,-63.824,-97.1,33.275,27.533,0.3728,35.88,1
125.347,-84.398,-88.76,4.362,15.512,0.02,48.647,0
144.465,-82.525,-95.978,13.453,13.914,0.02,42.377,0
93.107,-81.678,-90.698,9.02,16.145,0.02,37.989,0
143.694,-78.416,-89.279,10.863,2.905,0.02,23.214,0
64.894,-81.423,-93.755,12.331,22.386,0.02,31.821,0
65.18,-71.716,-92.582,20.866,4.476,0.0702,19.659,0
20.406,-62.259,-88.503,26.244,5.186,0.5384,9.046,1
10.14,-57.475,-94.829,37.354,5.009,0.5613,11.938,1
40.453,-69.789,-95.184,25.395,7.913,0.3287,21.967,1
74.329,-76.146,-92.82,16.674,14.838,0.02,22.506,0
78.614,-75.978,-87.527,11.549,2.9,0.02,22.701,0
36.548,-67.895,-86.362,18.467,2.093,0.3244,13.35,1
93.857,-79.1,-92.346,13.245,16.975,0.02,31.268,0
31.275,-74.626,-94.492,19.866,6.388,0.3071,17.509,1
52.301,-74.125,-88.276,14.151,4.81,0.1497,18.264,0
33.378,-70.695,-97.843,27.148,24.399,0.2179,34.833,0
106.016,-82.752,-91.133,8.381,15.761,0.02,41.925,0
79.903,-78.592,-92.154,13.561,4.493,0.02,20.825,0
111.735,-77.329,-87.472,10.143,0.711,0.02,27.517,0
13.301,-70.282,-87.117,16.836,9.881,0.3672,21.398,1
66.678,-71.734,-95.299,23.565,4.613,0.1779,22.27,0
145.209,-79.572,-91.413,11.841,15.436,0.02,42.332,0
12.775,-61.922,-93.997,32.075,16.229,0.4546,25.937,1
65.665,-73.779,-93.027,19.248,7.745,0.02,19.894,0
10.858,-64.04,-89.839,25.799,5.466,0.5092,13.349,1
26.265,-71.816,-93.172,21.356,7.995,0.3303,18.994,1
72.066,-73.283,-91.321,18.038,6.979,0.0527,22.104,0
27.839,-67.185,-88.65,21.465,11.999,0.3194,23.11,0
80.22,-79.295,-86.697,7.402,8.298,0.02,37.732,0
138.796,-84.289,-90.99,6.701,12.211,0.02,44.199,0
34.059,-69.864,-91.588,21.723,7.376,0.4243,14.344,1
20.542,-65.317,-95.876,30.559,4.54,0.5339,11.913,1
124.665,-76.465,-86.45,9.985,9.607,0.02,36.655,0
71.739,-72.563,-90.265,17.702,5.207,0.02,18.929,0
132.979,-82.159,-91.523,9.364,20.61,0.02,44.667,0
49.388,-70.094,-91.702,21.608,11.431,0.1185,23.12,0
95.992,-77.563,-90.738,13.175,4.909,0.02,22.724,0
138.88,-81.412,-89.299,7.887,11.936,0.02,44.052,0
29.896,-67.286,-88.866,21.58,12.021,0.218,25.608,0
121.106,-76.352,-86.362,10.01,10.39,0.02,39.367,0
96.57,-73.698,-91.151,17.452,5.378,0.02,20.178,0
122.877,-80.923,-85.86,4.937,15.684,0.02,46.937,0
29.751,-70.332,-88.298,17.966,15.774,0.202,21.324,0
67.943,-76.597,-92.21,15.614,4.336,0.02,21.497,0
23.681,-63.72,-97.836,34.116,3.065,0.695,13.471,1
144.212,-81.317,-91.701,10.384,5.912,0.02,38.202,0
14.09,-70.787,-86.545,15.759,12.989,0.4026,22.621,0
14.495,-64.876,-94.713,29.838,5.783,0.584,13.54,1
135.233,-82.892,-91.711,8.819,12.054,0.02,36.586,0
48.611,-82.058,-91.422,9.363,15.667,0.1704,35.618,0
91.568,-77.407,-88.703,11.295,2.412,0.02,29.779,0
46.684,-71.212,-93.357,22.146,15.179,0.3566,28.463,0
99.07,-76.07,-95.043,18.973,7.798,0.02,24.605,0
32.908,-72.68,-90.005,17.325,29.112,0.02,39.601,0
71.536,-70.726,-94.602,23.876,7.572,0.1402,23.798,0
82.356,-77.221,-98.424,21.203,5.083,0.02,23.984,0
53.378,-77.117,-85.559,8.441,11.134,0.118,30.405,0
41.497,-70.543,-88.755,18.212,11.602,0.13,23.679,0
25.33,-71.814,-85.408,13.594,33.055,0.02,38.533,0
107.391,-81.439,-88.941,7.502,6.64,0.02,30.531,0
29.401,-69.338,-89.619,20.281,7.498,0.46,19.443,1
47.358,-70.161,-90.707,20.546,5.768,0.1685,21.047,0
53.852,-72.675,-92.651,19.976,9.919,0.1662,22.322,0
70.883,-72.725,-90.208,17.482,7.479,0.02,21.598,0
106.872,-79.807,-93.936,14.129,7.562,0.02,27.587,0
67.052,-81.995,-95.742,13.747,23.503,0.02,40.5,0
131.309,-81.571,-93.163,11.592,5.611,0.02,33.193,0
103.569,-75.708,-87.48,11.771,11.207,0.02,33.785,0
126.581,-78.835,-96.313,17.478,22.44,0.02,42.573,0
108.871,-78.244,-96.258,18.014,6.671,0.02,26.944,0
26.552,-63.592,-89.93,26.339,7.639,0.3206,14.848,1
146.799,-80.579,-93.453,12.874,8.041,0.02,34.235,0
119.055,-79.232,-90.301,11.069,3.329,0.02,25.186,0
88.045,-80.585,-88.535,7.951,7.101,0.02,35.757,0
28.958,-68.06,-90.385,22.324,3.142,0.3686,15.842,1
30.039,-69.927,-94.213,24.286,28.245,0.1191,36.578,0
94.078,-72.815,-87.51,14.695,6.141,0.02,22.899,0
65.349,-72.807,-89.403,16.596,15.771,0.02,31.605,0
103.0,-76.462,-91.906,15.444,9.691,0.02,27.707,0
59.002,-68.233,-92.076,23.842,4.365,0.2086,18.473,0
79.363,-78.51,-90.691,12.181,6.97,0.02,26.993,0
32.254,-65.472,-93.092,27.62,5.366,0.3846,17.078,1
27.504,-66.957,-97.709,30.752,4.77,0.5985,17.968,1
15.968,-63.551,-89.374,25.823,5.572,0.4626,10.589,1
123.848,-83.755,-89.582,5.827,10.916,0.02,42.764,0
85.531,-76.029,-100.054,24.024,11.615,0.02,21.948,0
142.335,-77.075,-90.213,13.138,11.338,0.02,36.047,0
113.676,-85.272,-85.852,0.581,10.892,0.02,47.755,0
116.471,-76.796,-95.947,19.15,11.535,0.02,30.386,0
78.813,-82.123,-92.257,10.134,5.527,0.02,25.739,0
123.241,-84.141,-92.637,8.496,13.102,0.02,39.175,0
141.599,-79.416,-86.189,6.772,4.499,0.02,36.642,0
109.652,-72.879,-88.077,15.198,5.852,0.02,24.437,0
20.31,-65.463,-95.074,29.611,1.694,0.4977,13.271,1
99.398,-75.182,-90.803,15.621,4.085,0.02,19.774,0
22.463,-70.464,-83.941,13.477,11.472,0.3661,23.049,0
16.197,-66.214,-94.186,27.972,12.318,0.4825,21.719,1
105.471,-79.956,-92.039,12.083,18.022,0.02,37.625,0
126.044,-73.385,-90.203,16.817,4.241,0.02,25.37,0
28.032,-70.14,-94.135,23.995,4.595,0.3802,11.697,1
15.752,-65.645,-85.829,20.184,3.467,0.4749,10.437,1
133.546,-76.935,-93.654,16.719,11.694,0.02,34.528,0
24.17,-67.459,-96.862,29.402,3.85,0.6036,8.296,1
10.087,-63.074,-93.837,30.763,17.683,0.4384,24.074,1
109.553,-76.267,-89.714,13.447,5.612,0.02,26.354,0
127.919,-81.08,-94.794,13.714,8.216,0.02,30.597,0
79.599,-82.314,-90.942,8.628,9.632,0.02,34.255,0
83.289,-74.866,-90.031,15.165,17.73,0.02,31.732,0
53.845,-75.869,-96.231,20.362,23.514,0.046,33.597,0
39.577,-75.32,-93.973,18.653,10.568,0.2291,19.349,0
114.509,-77.107,-90.779,13.672,13.415,0.02,37.251,0
128.146,-72.331,-89.542,17.21,4.095,0.02,26.423,0
51.58,-72.046,-93.886,21.84,22.038,0.02,33.725,0
44.704,-66.747,-91.469,24.722,13.839,0.1652,24.749,0
43.83,-80.768,-92.994,12.226,35.0,0.02,46.273,0
12.336,-62.249,-89.453,27.204,8.611,0.4582,16.858,1
45.756,-70.233,-90.182,19.949,4.569,0.1895,14.271,0
8.719,-60.543,-93.307,32.764,6.643,0.5944,18.277,1
119.319,-81.515,-90.325,8.811,17.438,0.02,42.089,0
42.109,-83.127,-93.444,10.317,22.212,0.0247,35.631,0
105.073,-76.743,-90.399,13.657,28.299,0.02,53.294,0
83.762,-80.403,-90.35,9.947,4.838,0.02,27.447,0
126.432,-75.275,-83.701,8.426,2.701,0.02,30.112,0
144.255,-79.9,-93.177,13.277,7.853,0.02,33.821,0
58.257,-72.968,-92.494,19.527,4.071,0.0582,14.152,0
17.809,-67.609,-94.265,26.656,15.83,0.5115,22.293,1
113.699,-77.613,-95.615,18.002,7.507,0.02,28.131,0
8.089,-57.797,-93.598,35.8,6.885,0.5227,20.365,1
37.33,-67.497,-89.672,22.175,6.913,0.3591,20.515,1
12.721,-63.143,-89.419,26.276,6.383,0.5545,16.834,1
135.232,-82.066,-90.965,8.899,2.681,0.02,35.965,0
5.768,-60.578,-93.035,32.457,4.33,0.5746,11.761,1
76.448,-73.572,-93.727,20.155,13.694,0.02,24.308,0
66.48,-74.524,-95.209,20.685,3.651,0.02,16.184,0
99.648,-81.535,-93.949,12.415,13.341,0.02,37.028,0
47.013,-74.674,-96.533,21.859,9.385,0.1328,18.181,0
131.686,-81.511,-87.247,5.737,17.501,0.02,49.537,0
111.48,-82.158,-85.57,3.412,8.683,0.02,43.302,0
67.683,-74.114,-98.776,24.661,4.583,0.1144,19.955,0
56.914,-69.027,-90.988,21.961,4.431,0.1675,19.197,0
123.304,-78.023,-91.046,13.022,1.975,0.02,26.513,0
114.774,-83.051,-91.269,8.218,4.873,0.02,40.766,0
62.855,-71.447,-94.075,22.628,7.302,0.1673,22.782,0
54.499,-72.043,-88.421,16.379,18.873,0.02,34.059,0
10.639,-59.508,-90.563,31.056,13.749,0.5627,21.595,1
16.848,-64.603,-88.381,23.778,6.695,0.5603,20.717,1
12.818,-55.315,-94.581,39.267,3.838,0.6103,10.801,1
8.54,-58.899,-96.841,37.942,11.934,0.5894,22.157,1
27.166,-58.828,-90.478,31.65,5.183,0.5032,15.135,1
129.286,-74.325,-95.37,21.045,3.892,0.02,26.918,0
120.733,-75.932,-88.309,12.377,12.01,0.02,35.948,0
127.608,-80.245,-99.443,19.198,4.334,0.02,27.89,0
95.451,-81.382,-93.64,12.258,15.227,0.02,36.371,0
95.489,-75.564,-94.156,18.591,2.076,0.02,19.314,0
22.97,-67.032,-93.163,26.131,4.298,0.4291,16.703,1
106.35,-78.678,-91.086,12.408,4.105,0.02,23.922,0
45.604,-73.62,-90.613,16.993,14.345,0.0794,21.064,0
80.292,-76.561,-89.761,13.2,8.379,0.02,20.623,0
143.435,-83.062,-89.358,6.295,14.095,0.02,51.782,0
131.239,-76.424,-92.6,16.177,3.449,0.02,24.895,0
38.813,-74.25,-84.62,10.369,13.777,0.0701,31.985,0
111.814,-79.304,-87.145,7.842,12.908,0.02,39.961,0
20.093,-69.181,-93.092,23.911,4.362,0.6046,14.756,1
8.878,-59.621,-92.479,32.858,4.661,0.6529,11.339,1
9.085,-59.491,-93.166,33.674,4.728,0.4267,13.134,1
29.686,-75.23,-90.728,15.498,24.846,0.1542,28.85,0
105.768,-77.583,-95.402,17.819,7.941,0.02,21.042,0
57.679,-72.902,-94.763,21.861,3.08,0.1536,13.292,0
7.312,-59.93,-99.586,39.656,4.535,0.7902,10.706,1
148.263,-86.77,-93.395,6.626,34.313,0.02,68.874,0
82.34,-74.993,-88.273,13.28,9.353,0.02,33.413,0
62.113,-73.873,-92.532,18.66,7.252,0.02,23.621,0
80.233,-71.821,-92.337,20.516,2.039,0.02,9.922,0
80.396,-78.217,-91.026,12.809,4.04,0.02,27.183,0
73.184,-77.779,-95.508,17.728,17.848,0.02,30.438,0
93.878,-79.147,-91.911,12.764,9.632,0.02,25.291,0
133.416,-78.471,-88.884,10.413,4.161,0.02,36.284,0
48.748,-76.551,-90.927,14.376,32.673,0.02,42.158,0
75.61,-79.31,-88.576,9.266,9.454,0.02,29.706,0
5.528,-60.919,-87.576,26.657,35.0,0.3719,38.72,0
129.673,-71.828,-89.681,17.853,3.47,0.02,23.289,0
49.356,-70.927,-94.497,23.57,2.646,0.1452,16.853,0
44.338,-74.342,-93.204,18.863,7.866,0.0261,20.047,0
149.643,-79.908,-85.24,5.332,2.074,0.02,36.764,0
89.737,-77.257,-90.9,13.644,6.102,0.02,19.509,0
22.841,-70.037,-91.367,21.329,12.398,0.3861,19.494,1
43.501,-70.141,-95.01,24.869,11.384,0.2854,23.225,0
56.218,-79.146,-92.32,13.174,9.309,0.0361,22.738,0
147.979,-78.568,-89.493,10.924,4.231,0.02,32.679,0
67.44,-72.3,-91.948,19.648,15.459,0.0891,28.678,0
38.369,-66.923,-93.818,26.895,7.202,0.291,21.189,1
87.611,-72.005,-93.006,21.001,0.906,0.0522,18.295,0
63.69,-75.398,-87.829,12.43,3.682,0.02,23.475,0
12.969,-57.997,-89.663,31.666,3.733,0.6537,12.106,1
129.833,-79.985,-90.131,10.146,17.272,0.02,47.436,0
7.275,-54.072,-90.457,36.385,3.683,0.7127,10.912,1
135.28,-76.879,-96.141,19.261,11.04,0.02,29.363,0
119.82,-76.425,-91.047,14.622,1.477,0.02,25.195,0
15.994,-66.248,-88.262,22.014,12.167,0.4471,18.984,1
109.924,-69.78,-92.913,23.133,1.993,0.02,18.068,0
116.787,-85.606,-88.579,2.973,16.857,0.02,48.894,0
92.335,-77.227,-90.092,12.865,7.22,0.02,25.477,0
88.762,-82.011,-89.103,7.092,14.032,0.02,39.912,0
12.205,-62.229,-91.822,29.592,6.897,0.4768,16.47,1
13.627,-61.861,-88.897,27.035,4.824,0.7125,15.635,1
110.457,-78.81,-97.126,18.316,1.87,0.02,20.806,0
20.307,-66.697,-91.884,25.187,1.278,0.5259,13.554,1
40.067,-74.368,-89.504,15.137,4.724,0.1418,18.3,0
77.331,-74.294,-90.963,16.669,8.096,0.0806,20.71,0
28.804,-69.13,-88.165,19.035,2.817,0.3614,10.977,1
119.527,-81.277,-92.55,11.273,27.441,0.02,48.756,0
122.07,-82.699,-93.916,11.217,19.626,0.02,37.796,0
127.111,-78.173,-97.737,19.563,7.158,0.02,27.357,0
12.187,-63.247,-92.955,29.709,21.373,0.4116,27.892,1
67.042,-73.066,-90.191,17.125,7.318,0.02,25.369,0
127.803,-77.463,-89.336,11.874,2.868,0.02,30.49,0
57.667,-73.587,-96.897,23.31,6.43,0.0684,18.808,0
105.894,-77.374,-87.886,10.512,12.955,0.02,38.979,0
90.441,-77.776,-95.41,17.634,4.249,0.02,20.466,0
55.345,-77.025,-92.424,15.399,23.663,0.02,36.012,0
45.079,-70.311,-93.991,23.68,5.355,0.1907,12.504,0
99.648,-74.016,-90.54,16.523,14.179,0.02,29.335,0
24.375,-69.209,-91.671,22.462,6.826,0.4498,16.997,1
129.718,-81.061,-89.627,8.566,3.904,0.02,32.831,0
88.584,-74.63,-85.547,10.917,2.555,0.02,28.114,0
21.168,-64.46,-90.608,26.147,15.272,0.4193,24.764,1
107.012,-75.898,-94.018,18.12,10.23,0.02,29.445,0
67.511,-73.919,-90.386,16.467,4.491,0.02,19.337,0
34.592,-67.856,-85.192,17.336,15.464,0.0488,25.427,0
144.355,-84.731,-89.703,4.972,4.664,0.02,42.981,0
109.349,-75.374,-88.69,13.316,9.854,0.02,34.633,0
90.984,-78.314,-97.578,19.264,11.056,0.02,21.827,0
128.086,-81.689,-90.646,8.957,30.214,0.02,53.941,0
83.861,-77.383,-92.938,15.555,29.069,0.02,42.698,0
69.013,-73.604,-94.38,20.777,4.727,0.1125,22.528,0
32.47,-68.561,-92.078,23.517,3.857,0.5232,16.689,1
27.242,-69.794,-91.62,21.826,9.195,0.2624,16.963,1
67.636,-71.386,-94.185,22.8,16.805,0.02,28.913,0
71.116,-72.653,-91.34,18.688,1.19,0.0373,18.066,0
111.33,-80.816,-92.607,11.791,24.603,0.02,44.272,0
69.102,-69.853,-89.541,19.688,5.666,0.1321,20.72,0
91.008,-79.936,-91.203,11.268,16.333,0.02,35.326,0
125.715,-79.302,-90.684,11.382,5.73,0.02,32.016,0
149.034,-80.376,-88.572,8.196,22.999,0.02,54.72,0
51.766,-67.048,-90.058,23.01,5.649,0.2179,11.533,0
135.783,-80.477,-92.021,11.544,13.344,0.02,42.924,0
121.877,-77.677,-99.304,21.627,8.228,0.02,32.362,0
14.861,-67.881,-90.202,22.321,2.73,0.4542,6.858,1
53.453,-68.704,-95.192,26.488,5.432,0.2678,17.663,1
36.761,-72.306,-92.302,19.996,0.968,0.4558,8.468,1
101.336,-78.488,-90.701,12.213,4.808,0.02,21.036,0
85.518,-76.315,-87.334,11.019,10.756,0.02,33.832,0
76.753,-80.37,-85.552,5.182,22.225,0.02,53.954,0
115.717,-84.227,-95.224,10.997,7.888,0.02,32.217,0
53.33,-82.155,-96.606,14.45,35.0,0.02,49.508,0
60.499,-75.632,-90.86,15.228,18.016,0.02,28.609,0
130.517,-73.986,-91.152,17.165,4.039,0.02,21.063,0
145.97,-75.867,-96.207,20.339,8.35,0.02,29.139,0
117.572,-78.272,-92.058,13.786,12.386,0.02,30.647,0
36.475,-69.501,-89.909,20.408,5.812,0.2446,17.952,0
21.334,-64.822,-96.306,31.483,10.667,0.3893,22.452,1
35.335,-65.616,-95.481,29.865,5.027,0.4049,13.172,1
66.3,-74.241,-94.255,20.013,8.158,0.02,18.587,0
39.321,-72.949,-92.743,19.794,20.362,0.0346,32.455,0
135.651,-78.405,-89.571,11.166,5.403,0.02,30.92,0
102.255,-73.338,-93.143,19.805,1.976,0.02,21.952,0
65.426,-82.938,-91.806,8.869,29.819,0.02,47.906,0
44.703,-73.287,-84.138,10.852,15.57,0.02,30.647,0
60.196,-73.476,-95.347,21.871,11.941,0.0496,27.33,0
74.027,-84.223,-94.285,10.063,24.082,0.02,46.042,0
108.504,-76.888,-89.627,12.739,16.278,0.02,40.147,0
17.955,-61.806,-88.542,26.735,5.758,0.6609,14.455,1
128.081,-89.287,-90.548,1.261,29.565,0.02,69.888,0
23.496,-69.136,-85.669,16.533,10.717,0.1831,21.108,0
43.055,-73.994,-90.889,16.895,14.464,0.1898,26.336,0
149.071,-81.528,-98.916,17.389,1.352,0.02,21.989,0
32.58,-70.92,-91.661,20.74,3.219,0.4263,15.806,1
19.666,-66.596,-93.998,27.402,2.565,0.6099,11.64,1
97.569,-74.293,-87.157,12.863,2.389,0.02,27.55,0
62.004,-71.297,-88.624,17.327,12.722,0.02,25.646,0
18.316,-63.147,-97.564,34.417,3.901,0.6046,12.888,1
5.543,-60.523,-87.274,26.751,10.325,0.5055,21.041,1
16.478,-64.102,-88.712,24.61,15.94,0.3557,24.204,1
80.797,-73.465,-93.136,19.671,4.711,0.02,18.19,0
38.479,-78.744,-92.275,13.531,3.821,0.2019,13.514,0
117.745,-73.522,-87.127,13.605,1.451,0.02,20.795,0
129.339,-81.082,-98.9,17.818,19.393,0.02,33.822,0
26.001,-66.924,-90.441,23.517,4.897,0.4643,14.772,1
53.868,-81.753,-88.173,6.42,25.033,0.02,50.077,0
26.253,-64.037,-92.31,28.273,11.778,0.4561,19.803,1
46.57,-73.81,-89.732,15.922,21.573,0.0916,38.403,0
39.685,-67.503,-91.639,24.136,2.171,0.1938,10.379,1
119.095,-83.802,-94.744,10.942,13.999,0.02,39.514,0
55.095,-73.003,-94.832,21.829,14.318,0.0288,27.484,0
76.857,-76.111,-89.508,13.397,18.593,0.02,33.605,0
102.715,-77.276,-94.225,16.949,4.035,0.02,21.514,0
124.227,-82.227,-97.336,15.109,5.117,0.02,29.185,0
48.675,-74.792,-91.572,16.78,18.969,0.02,32.622,0
35.337,-71.796,-93.796,22.0,1.713,0.4231,15.414,1
146.876,-81.295,-96.197,14.901,3.565,0.02,23.696,0
51.421,-70.46,-91.749,21.288,13.729,0.0536,26.737,0
102.305,-76.862,-89.315,12.452,5.739,0.02,29.004,0
103.287,-77.607,-91.929,14.322,6.618,0.02,27.398,0
79.534,-77.854,-95.732,17.877,0.514,0.02,12.924,0
38.125,-73.991,-90.314,16.323,23.689,0.0267,33.985,0
25.511,-68.002,-88.377,20.375,6.137,0.3266,16.903,1
75.617,-79.434,-84.254,4.82,13.074,0.02,44.38,0
79.085,-74.804,-86.954,12.149,19.368,0.02,36.671,0
117.138,-75.099,-95.519,20.419,6.475,0.02,22.658,0
107.926,-81.31,-88.997,7.687,13.199,0.02,38.539,0
137.246,-81.654,-91.102,9.448,24.124,0.02,52.116,0
145.775,-87.033,-96.032,9.0,15.196,0.02,47.559,0
110.538,-77.826,-91.007,13.181,11.34,0.02,30.892,0
16.094,-63.801,-85.285,21.483,15.111,0.1612,23.942,0
63.742,-79.398,-87.814,8.417,16.711,0.02,33.509,0
93.276,-76.851,-95.547,18.696,7.819,0.02,19.038,0
90.578,-79.65,-91.952,12.302,24.518,0.02,44.091,0
31.309,-61.025,-90.279,29.255,9.723,0.3348,21.028,1
89.527,-70.804,-98.055,27.25,17.494,0.02,34.485,0
55.704,-71.447,-97.934,26.487,3.313,0.2224,11.326,1
54.144,-75.175,-91.459,16.284,8.152,0.1267,24.388,0
125.931,-77.53,-91.413,13.883,4.223,0.02,24.556,0
66.18,-71.988,-98.436,26.448,12.094,0.02,23.988,0
81.472,-80.022,-90.642,10.62,3.038,0.02,26.682,0
86.617,-84.135,-88.196,4.06,15.215,0.02,45.875,0
86.635,-80.836,-92.764,11.928,12.891,0.02,36.798,0
35.903,-67.865,-91.791,23.925,7.269,0.3524,19.932,1
91.921,-76.016,-90.0,13.984,16.236,0.02,37.083,0
53.52,-70.812,-90.463,19.651,3.33,0.1661,15.307,0
99.978,-75.511,-97.84,22.329,15.142,0.02,34.692,0
26.126,-67.776,-95.168,27.392,3.707,0.5788,8.397,1
149.147,-80.384,-93.385,13.001,4.884,0.02,29.898,0
116.946,-79.63,-95.013,15.383,19.404,0.02,33.798,0
65.501,-71.676,-86.866,15.19,19.667,0.02,32.579,0
48.696,-71.989,-89.779,17.79,12.031,0.02,24.158,0
61.231,-79.695,-95.884,16.189,35.0,0.02,48.016,0
109.575,-80.47,-92.75,12.28,26.134,0.02,46.926,0
100.034,-72.992,-88.044,15.052,7.209,0.02,22.668,0
106.803,-78.079,-94.262,16.183,3.627,0.02,20.804,0
133.905,-82.228,-89.019,6.792,15.193,0.02,47.071,0
71.163,-76.885,-87.159,10.273,10.054,0.0759,29.176,0
102.081,-76.17,-87.744,11.573,13.283,0.02,37.947,0
69.019,-78.413,-91.369,12.955,14.177,0.02,29.597,0
97.524,-74.61,-87.621,13.012,4.447,0.02,27.11,0
73.849,-78.797,-93.828,15.031,3.368,0.0572,16.731,0
117.616,-80.42,-83.299,2.88,13.483,0.02,50.431,0
5.763,-58.795,-91.157,32.362,13.17,0.633,19.909,1
36.278,-63.888,-87.986,24.098,2.404,0.3178,16.711,1
47.983,-68.778,-93.267,24.489,4.873,0.2287,21.972,1
142.082,-80.002,-90.252,10.25,3.385,0.02,32.428,0
78.522,-77.509,-90.098,12.589,9.083,0.02,32.158,0
57.831,-75.658,-95.251,19.593,8.122,0.0854,20.714,0
63.625,-76.302,-95.355,19.053,1.302,0.1921,16.035,0
70.514,-70.371,-92.716,22.345,9.144,0.2484,23.017,0
130.835,-82.105,-88.131,6.027,10.762,0.02,40.825,0
144.539,-75.452,-98.41,22.958,11.192,0.02,36.187,0
127.404,-77.882,-93.27,15.388,3.401,0.02,24.195,0
127.04,-79.395,-87.415,8.021,8.338,0.02,36.931,0
33.857,-72.261,-96.312,24.051,21.315,0.329,28.783,0
43.958,-67.462,-87.611,20.15,4.933,0.258,21.571,0
91.427,-81.857,-95.947,14.09,20.501,0.02,36.51,0
100.14,-75.472,-95.208,19.736,5.85,0.02,22.896,0
34.392,-72.068,-92.515,20.447,17.759,0.2969,29.99,0
113.211,-78.081,-85.443,7.362,13.062,0.02,45.641,0
33.995,-70.696,-94.24,23.544,8.816,0.3202,18.048,1
43.137,-73.367,-98.065,24.698,11.551,0.2581,24.274,0
49.485,-72.643,-96.907,24.264,16.452,0.3033,29.314,0
127.669,-82.231,-88.738,6.507,2.877,0.02,34.81,0
111.152,-76.901,-96.742,19.84,22.659,0.02,38.553,0
81.949,-76.474,-87.842,11.368,11.823,0.02,30.401,0
123.864,-79.638,-91.756,12.118,3.428,0.02,30.106,0
122.875,-79.436,-92.113,12.677,16.469,0.02,38.994,0
61.526,-76.4,-90.959,14.559,9.377,0.1541,23.408,0
118.308,-79.514,-94.803,15.289,13.831,0.02,30.495,0
34.905,-69.851,-91.517,21.666,8.018,0.2793,21.309,1
77.968,-73.328,-96.176,22.848,15.076,0.02,30.159,0
22.145,-65.525,-87.279,21.754,5.103,0.3655,12.635,1
66.885,-77.682,-95.596,17.914,6.505,0.02,19.677,0
80.453,-75.156,-90.464,15.308,12.973,0.02,29.625,0
16.588,-65.746,-95.622,29.876,22.877,0.3816,25.847,1
72.079,-80.133,-93.866,13.733,8.776,0.0253,24.793,0
99.492,-82.459,-93.308,10.849,15.569,0.02,39.863,0
94.043,-72.285,-81.565,9.28,14.626,0.02,39.197,0
12.881,-66.938,-92.051,25.113,21.835,0.3609,30.786,1
18.824,-65.916,-94.875,28.959,3.898,0.7738,8.174,1
55.947,-74.153,-93.556,19.403,11.338,0.02,20.548,0
127.189,-81.523,-97.266,15.743,10.565,0.02,32.469,0
131.115,-85.285,-92.57,7.285,11.341,0.02,43.128,0
49.894,-75.496,-85.521,10.025,5.72,0.1182,24.439,0
109.239,-80.14,-90.824,10.683,8.965,0.02,33.729,0
88.722,-80.028,-88.838,8.81,17.672,0.02,42.953,0
147.596,-81.648,-95.185,13.537,4.092,0.02,27.278,0
18.723,-71.233,-92.712,21.479,12.911,0.3271,19.762,1
84.443,-77.803,-91.286,13.483,7.504,0.02,21.988,0
90.918,-73.979,-94.539,20.559,10.852,0.02,30.497,0
49.612,-74.411,-90.6,16.189,7.245,0.1263,19.665,0
11.808,-65.051,-89.846,24.795,17.661,0.4447,28.882,1
12.555,-57.764,-90.1,32.336,3.489,0.7063,9.047,1
70.775,-77.664,-92.529,14.865,10.934,0.0341,25.433,0
105.409,-70.751,-88.182,17.431,18.697,0.02,32.394,0
106.525,-75.871,-92.902,17.031,11.454,0.02,33.359,0
31.241,-68.445,-93.221,24.776,4.725,0.3989,22.189,1
129.406,-79.268,-86.955,7.687,4.58,0.02,38.436,0
59.689,-70.362,-95.874,25.512,10.789,0.0751,20.882,0
144.833,-80.837,-97.96,17.123,1.835,0.02,21.244,0
22.133,-69.294,-95.037,25.744,13.291,0.4286,21.933,1
126.286,-73.114,-90.645,17.53,2.49,0.02,23.217,0
136.709,-79.825,-87.507,7.682,3.548,0.02,36.408,0
124.288,-83.848,-94.312,10.464,25.604,0.02,51.01,0
122.282,-83.711,-85.648,1.937,22.547,0.02,58.853,0
57.39,-79.071,-91.905,12.834,6.581,0.02,22.126,0
108.435,-77.254,-92.404,15.15,19.598,0.02,34.429,0
89.005,-76.087,-94.975,18.888,4.756,0.02,22.875,0
66.549,-72.454,-85.17,12.717,13.379,0.02,23.946,0
149.001,-83.215,-92.526,9.311,20.605,0.02,49.659,0
47.116,-72.935,-96.662,23.727,5.41,0.1743,18.149,0
64.906,-75.296,-83.398,8.103,2.461,0.02,25.808,0
135.915,-77.886,-90.622,12.736,9.947,0.02,35.75,0
46.906,-74.009,-89.204,15.195,5.203,0.2658,19.835,0
27.139,-66.705,-86.115,19.41,5.523,0.3532,16.195,1
49.95,-71.584,-89.849,18.265,3.528,0.2165,21.954,0
115.1,-80.011,-88.588,8.577,0.446,0.02,27.164,0
129.679,-80.155,-91.81,11.655,5.937,0.02,29.836,0
21.595,-66.425,-89.432,23.007,6.445,0.3828,14.921,1
95.148,-77.35,-92.12,14.769,4.74,0.02,24.927,0
87.257,-69.866,-92.071,22.204,3.415,0.02,20.708,0
101.976,-78.578,-91.581,13.003,16.651,0.02,31.172,0
102.303,-78.865,-93.389,14.524,11.508,0.02,28.431,0
144.123,-79.975,-90.235,10.259,2.648,0.02,29.934,0
55.247,-74.452,-90.244,15.791,10.356,0.02,27.077,0
48.466,-73.462,-89.134,15.672,4.276,0.1431,14.674,0
89.278,-80.635,-89.761,9.126,15.687,0.02,39.228,0
67.266,-72.227,-85.0,12.773,4.807,0.02,18.235,0
73.694,-72.631,-88.316,15.685,17.777,0.02,31.762,0
15.045,-67.395,-92.725,25.33,16.943,0.4377,29.458,1
26.495,-67.788,-90.414,22.627,12.443,0.2116,19.766,0
140.629,-81.12,-87.056,5.935,4.709,0.02,41.321,0
14.902,-63.725,-95.325,31.6,7.237,0.7083,15.489,1
90.571,-80.643,-84.95,4.307,7.946,0.02,39.129,0
114.413,-81.231,-94.711,13.48,9.591,0.02,31.752,0
6.72,-63.478,-88.849,25.372,18.777,0.3319,22.43,1
37.298,-70.725,-91.977,21.252,6.627,0.2274,15.777,0
59.675,-78.832,-92.178,13.346,15.466,0.02,27.938,0
78.489,-81.481,-96.56,15.079,3.129,0.1124,22.892,0
54.531,-76.741,-88.824,12.083,5.139,0.0683,24.798,0
99.105,-77.149,-96.509,19.361,4.355,0.02,24.3,0
37.828,-74.566,-97.05,22.483,15.636,0.212,28.381,0
8.695,-64.812,-87.941,23.13,21.147,0.3304,29.924,1
5.228,-55.668,-85.736,30.068,5.762,0.4624,9.651,1
55.099,-75.053,-94.335,19.282,4.576,0.2717,16.137,0
57.441,-73.688,-88.489,14.801,7.419,0.1126,20.157,0
142.548,-72.693,-89.212,16.519,4.114,0.02,26.288,0
11.493,-63.111,-92.32,29.209,5.922,0.6097,11.936,1
81.859,-76.528,-87.325,10.797,7.429,0.02,25.293,0
88.783,-75.345,-92.573,17.227,7.486,0.02,20.982,0
106.395,-79.109,-90.189,11.08,2.044,0.02,24.071,0
97.617,-78.562,-96.388,17.826,5.691,0.02,21.964,0
6.18,-61.689,-96.239,34.549,24.652,0.605,31.87,1
96.619,-75.479,-87.908,12.429,2.421,0.02,23.055,0
51.746,-75.93,-90.071,14.141,9.5,0.1158,25.973,0
117.066,-77.005,-92.499,15.493,8.841,0.02,29.216,0
32.313,-69.217,-85.323,16.106,29.45,0.02,36.959,0
108.85,-83.985,-85.359,1.374,9.203,0.02,47.367,0
95.697,-78.999,-90.463,11.464,23.316,0.02,43.246,0
99.582,-77.864,-97.095,19.23,9.015,0.02,24.598,0
30.512,-69.566,-92.391,22.825,5.532,0.4199,16.177,1
102.03,-76.856,-94.914,18.059,9.391,0.02,27.693,0
111.862,-73.063,-91.687,18.624,3.025,0.02,24.418,0
75.964,-75.131,-95.277,20.146,9.98,0.02,30.092,0
54.353,-69.895,-96.187,26.292,5.962,0.3211,21.984,1
29.15,-68.48,-99.919,31.439,5.561,0.376,13.426,1
47.044,-72.785,-91.415,18.629,16.519,0.0715,23.583,0
115.755,-79.837,-100.046,20.209,6.86,0.02,28.983,0
64.363,-72.927,-93.121,20.194,1.43,0.0331,15.413,0
106.893,-79.467,-89.57,10.103,11.855,0.02,34.454,0
112.313,-79.033,-94.527,15.494,13.651,0.02,35.597,0
102.755,-87.391,-95.797,8.406,32.098,0.02,55.925,0
102.663,-81.333,-92.237,10.905,9.942,0.02,32.671,0
93.567,-73.077,-94.9,21.823,6.435,0.02,21.551,0
80.171,-72.496,-91.35,18.855,11.985,0.02,21.719,0
33.683,-74.093,-95.615,21.522,3.217,0.1766,11.957,1
127.206,-80.299,-92.366,12.067,5.546,0.02,28.228,0
144.818,-83.205,-93.212,10.007,12.861,0.02,36.947,0
72.64,-74.283,-92.04,17.757,7.239,0.02,21.978,0
140.32,-78.781,-86.277,7.496,1.795,0.02,34.819,0
149.709,-77.943,-91.301,13.357,6.819,0.02,33.682,0
75.498,-79.775,-90.234,10.459,9.289,0.02,28.375,0
110.032,-76.835,-94.187,17.352,7.021,0.02,20.641,0
98.35,-77.112,-91.219,14.107,2.046,0.02,20.108,0
39.403,-71.699,-92.962,21.263,0.71,0.2609,9.452,1
11.828,-62.562,-91.896,29.334,14.52,0.5002,22.185,1
70.737,-76.844,-89.729,12.885,13.458,0.02,32.317,0
119.145,-78.351,-93.751,15.4,5.074,0.02,23.155,0
52.145,-68.264,-93.393,25.129,4.906,0.2223,17.451,1
118.744,-78.1,-93.702,15.602,6.514,0.02,20.614,0
99.946,-72.985,-93.77,20.785,15.038,0.02,30.556,0
105.853,-85.075,-91.394,6.319,9.368,0.02,43.181,0
46.432,-74.516,-93.274,18.758,20.009,0.02,32.046,0
73.157,-78.819,-86.757,7.938,9.198,0.02,31.527,0
31.347,-71.395,-82.623,11.228,4.276,0.2469,17.458,0
40.754,-72.593,-93.988,21.395,5.236,0.3677,16.724,1
18.028,-63.577,-90.971,27.394,12.166,0.4321,22.024,1
23.382,-71.591,-88.367,16.776,23.259,0.1594,29.353,0
35.524,-73.988,-92.93,18.942,9.693,0.2707,19.792,0
89.134,-76.402,-95.48,19.078,16.821,0.02,27.225,0
68.976,-79.029,-85.916,6.888,11.229,0.02,38.393,0
43.706,-67.138,-89.598,22.46,10.445,0.3279,19.63,0
129.861,-86.505,-90.885,4.379,25.001,0.02,59.941,0
81.146,-75.943,-86.923,10.98,3.582,0.02,25.838,0
138.851,-73.643,-89.304,15.661,6.597,0.02,28.978,0
97.07,-77.728,-92.168,14.44,5.722,0.02,22.995,0
7.289,-58.011,-95.418,37.408,8.311,0.5666,20.322,1
137.454,-78.827,-93.727,14.899,2.358,0.02,22.381,0
129.332,-79.214,-87.783,8.569,8.031,0.02,41.315,0
97.114,-79.054,-89.613,10.559,4.927,0.02,28.998,0
82.542,-74.164,-92.653,18.489,5.204,0.02,21.247,0
70.674,-72.995,-85.817,12.822,17.863,0.02,33.618,0
74.915,-80.531,-92.55,12.019,4.476,0.02,23.974,0
116.537,-85.578,-88.544,2.966,29.625,0.02,63.188,0
79.406,-77.756,-91.23,13.474,9.421,0.02,30.914,0
30.524,-70.43,-85.235,14.805,0.985,0.2497,9.176,0
13.436,-63.309,-89.364,26.055,16.842,0.5457,24.015,1
23.297,-67.647,-91.838,24.191,0.681,0.5977,8.577,1
41.459,-70.045,-92.626,22.581,2.949,0.4013,13.361,1
58.321,-69.789,-92.054,22.265,10.963,0.1009,23.742,0
134.4,-84.655,-94.539,9.884,6.999,0.02,38.663,0
39.668,-71.12,-96.783,25.664,13.397,0.2339,25.231,0
51.342,-72.601,-90.919,18.318,5.244,0.2057,15.462,0
37.337,-70.371,-93.867,23.496,5.205,0.458,15.685,1
84.133,-78.522,-93.877,15.354,5.956,0.02,24.655,0
94.478,-78.848,-92.311,13.463,11.421,0.02,28.417,0
82.158,-77.206,-91.817,14.611,13.655,0.02,29.388,0
143.019,-79.476,-91.974,12.498,3.106,0.02,29.623,0
149.33,-80.197,-85.916,5.719,18.426,0.02,51.962,0
126.422,-86.448,-89.682,3.234,28.602,0.02,60.575,0
121.768,-82.998,-84.623,1.625,8.111,0.02,46.831,0
58.078,-80.066,-93.536,13.47,10.036,0.1173,30.744,0
89.069,-75.575,-89.257,13.682,4.935,0.02,22.029,0
55.964,-72.782,-93.342,20.56,16.342,0.1069,26.965,0
118.732,-80.674,-93.964,13.29,0.722,0.02,24.771,0
29.916,-75.658,-84.491,8.832,22.198,0.04,45.563,0
36.417,-67.245,-94.689,27.444,20.564,0.1804,28.024,0
10.611,-56.971,-99.811,42.84,2.876,0.7743,8.694,1
93.296,-72.209,-94.478,22.269,4.379,0.02,23.262,0
104.838,-76.541,-99.029,22.489,7.217,0.02,27.027,0
5.488,-56.552,-95.33,38.778,15.106,0.7576,19.704,1
79.064,-75.469,-95.005,19.536,2.12,0.1818,17.071,0
59.647,-77.583,-91.877,14.294,5.429,0.0354,16.945,0
119.895,-83.673,-99.174,15.5,12.383,0.02,30.217,0
10.639,-60.765,-87.814,27.049,2.638,0.5805,10.717,1
12.042,-59.857,-98.565,38.708,7.624,0.725,18.445,1
94.93,-77.711,-92.447,14.736,8.768,0.02,28.815,0
90.788,-74.016,-93.135,19.119,3.49,0.02,19.98,0
125.508,-79.353,-89.111,9.758,8.444,0.02,39.245,0
90.879,-76.04,-90.77,14.73,9.005,0.02,27.969,0
142.659,-76.949,-87.846,10.897,4.881,0.02,29.103,0
50.586,-67.461,-93.265,25.804,1.863,0.1532,17.566,1
62.699,-72.054,-93.627,21.573,1.686,0.0406,17.809,0
146.763,-75.019,-90.555,15.536,11.774,0.02,38.078,0
20.591,-67.885,-88.398,20.513,11.75,0.3983,21.301,1
120.406,-74.379,-89.112,14.734,6.215,0.02,30.44,0
6.677,-56.688,-90.874,34.185,7.129,0.6774,10.751,1
75.544,-80.462,-91.186,10.724,5.512,0.02,25.394,0
27.243,-66.325,-92.127,25.802,18.925,0.2401,22.804,0
91.835,-79.099,-90.565,11.466,5.602,0.02,26.403,0
120.735,-82.992,-84.878,1.886,25.596,0.02,61.884,0
9.791,-57.873,-92.849,34.976,4.111,0.7258,12.616,1
28.747,-72.677,-93.276,20.599,16.447,0.1679,28.004,0
54.679,-72.364,-93.544,21.18,2.646,0.1711,22.045,0
42.091,-69.929,-90.637,20.708,10.485,0.1652,20.748,0
60.567,-75.265,-99.426,24.161,2.33,0.2543,19.334,0
143.021,-79.996,-92.473,12.477,4.927,0.02,32.046,0
19.675,-68.819,-88.918,20.099,16.199,0.3461,25.478,0
66.376,-70.563,-93.842,23.279,2.43,0.1,18.965,0
71.278,-73.036,-91.347,18.311,21.384,0.02,33.521,0
45.65,-76.537,-84.617,8.08,14.347,0.0387,37.806,0
45.383,-72.946,-90.839,17.893,14.263,0.1055,21.769,0
108.639,-80.812,-99.837,19.026,14.235,0.02,32.072,0
94.587,-79.825,-96.935,17.11,22.441,0.02,36.892,0
122.861,-74.049,-92.879,18.829,10.512,0.02,35.97,0
63.736,-72.53,-94.813,22.284,4.912,0.0972,16.104,0
92.973,-79.481,-91.638,12.157,12.409,0.02,33.681,0
134.57,-83.522,-93.031,9.509,7.686,0.02,39.223,0
128.443,-78.487,-87.919,9.431,19.644,0.02,44.919,0
138.403,-81.065,-95.82,14.754,8.064,0.02,29.539,0
44.001,-75.427,-92.726,17.299,14.935,0.02,24.575,0
147.886,-78.334,-91.24,12.906,3.553,0.02,27.836,0
123.377,-77.042,-90.806,13.764,7.516,0.02,33.057,0
120.247,-79.745,-91.486,11.741,7.708,0.02,26.811,0
101.799,-82.721,-100.439,17.719,19.714,0.02,36.617,0
147.574,-77.239,-91.708,14.469,14.122,0.02,31.001,0
69.027,-71.908,-92.528,20.619,3.59,0.1703,20.522,0
112.523,-75.338,-88.976,13.638,8.317,0.02,27.692,0
106.328,-78.548,-89.47,10.922,6.17,0.02,25.589,0
111.153,-81.908,-91.157,9.249,14.338,0.02,39.71,0
113.962,-81.412,-90.904,9.492,15.443,0.02,37.995,0
32.66,-76.295,-87.267,10.972,18.417,0.02,35.973,0
55.612,-75.803,-87.974,12.171,15.302,0.1234,33.904,0
61.877,-75.34,-91.036,15.696,4.166,0.2104,15.089,0
113.46,-78.468,-84.491,6.023,7.706,0.02,40.223,0
108.856,-79.527,-94.199,14.671,16.342,0.02,32.449,0
125.838,-81.254,-96.149,14.895,20.564,0.02,38.527,0
119.335,-79.305,-92.038,12.733,2.519,0.02,30.367,0
91.425,-81.192,-93.308,12.116,12.171,0.02,31.207,0
25.293,-72.177,-100.629,28.452,7.931,0.6645,21.343,1
97.141,-77.026,-94.283,17.258,9.984,0.02,31.133,0
133.624,-80.25,-90.797,10.548,14.126,0.02,39.538,0
98.26,-81.578,-92.203,10.625,8.536,0.02,32.364,0
134.866,-75.481,-94.718,19.237,9.326,0.02,28.727,0
149.863,-76.788,-91.852,15.064,3.322,0.02,26.048,0
57.084,-76.526,-91.569,15.043,7.704,0.02,22.323,0
109.877,-77.144,-89.497,12.353,7.35,0.02,29.134,0
83.294,-76.37,-94.245,17.875,7.067,0.02,23.709,0
70.971,-74.032,-88.942,14.91,6.942,0.099,19.774,0
39.781,-73.749,-95.817,22.068,24.268,0.0234,31.617,0
40.658,-70.342,-93.762,23.42,13.969,0.3096,23.761,0
31.821,-63.995,-86.054,22.059,2.862,0.3792,14.158,1
96.565,-74.954,-95.584,20.629,1.391,0.02,22.18,0
25.598,-66.241,-94.306,28.065,7.461,0.3271,16.862,1
67.551,-72.202,-96.386,24.184,17.527,0.02,31.602,0
80.883,-76.689,-94.895,18.206,3.667,0.02,17.08,0
68.544,-79.118,-91.516,12.398,15.635,0.0507,34.763,0
128.965,-76.427,-89.527,13.1,4.293,0.02,26.491,0
69.26,-78.166,-92.065,13.9,6.164,0.0976,21.504,0
17.011,-67.368,-93.136,25.769,7.184,0.4754,16.364,1
148.869,-75.773,-96.35,20.577,8.532,0.02,29.252,0
127.523,-83.107,-94.545,11.438,2.236,0.02,25.02,0
100.706,-75.514,-97.411,21.897,2.785,0.02,21.76,0
114.667,-82.304,-89.422,7.118,6.05,0.02,38.261,0
23.588,-64.896,-89.179,24.282,1.743,0.4863,8.635,1
116.058,-72.473,-92.142,19.668,5.596,0.02,25.31,0
35.124,-73.594,-90.455,16.861,10.049,0.256,21.186,0
75.902,-80.898,-88.933,8.035,3.436,0.02,27.575,0
30.808,-67.653,-91.646,23.993,5.44,0.425,15.107,1
114.299,-80.441,-87.122,6.681,9.066,0.02,41.953,0
40.66,-70.615,-95.583,24.968,2.498,0.3387,19.778,1
41.715,-70.671,-93.22,22.55,10.118,0.2804,24.568,0
20.837,-64.783,-93.637,28.854,7.769,0.6068,18.469,1
109.488,-75.549,-89.735,14.185,4.106,0.02,26.778,0
47.897,-74.533,-97.019,22.486,18.746,0.208,30.881,0
80.151,-73.621,-86.932,13.311,3.247,0.02,19.625,0
53.175,-74.115,-90.034,15.919,10.615,0.02,23.816,0
117.332,-80.091,-85.874,5.783,10.884,0.02,39.105,0
37.84,-69.77,-92.142,22.372,3.289,0.3289,12.917,1
141.421,-77.348,-93.926,16.578,4.275,0.02,28.37,0
51.594,-75.562,-89.7,14.138,12.015,0.02,24.732,0
20.058,-66.974,-88.393,21.419,14.828,0.3971,21.302,1
39.844,-72.845,-94.5,21.656,10.227,0.2731,19.702,0
15.721,-67.563,-98.992,31.428,11.975,0.5188,17.314,1
72.967,-71.592,-98.392,26.8,5.601,0.2406,21.161,0
41.286,-71.964,-91.085,19.121,17.039,0.1748,26.409,0
133.477,-77.052,-86.609,9.557,1.852,0.02,30.031,0
79.984,-79.012,-96.553,17.541,9.555,0.02,25.642,0
38.838,-73.314,-92.953,19.639,16.647,0.0243,27.724,0
70.434,-74.643,-93.22,18.577,15.319,0.02,25.871,0
33.419,-67.177,-85.278,18.101,0.464,0.4294,8.882,1
30.916,-62.814,-84.095,21.28,14.244,0.2912,23.739,0
48.595,-71.244,-90.514,19.271,5.507,0.1552,19.444,0
20.704,-67.947,-88.857,20.91,5.394,0.4709,13.254,1
32.354,-71.249,-88.954,17.705,9.841,0.3551,18.77,0
141.017,-81.408,-96.481,15.073,3.169,0.02,25.307,0
101.686,-80.052,-89.555,9.503,10.9,0.02,35.982,0
138.56,-81.0,-95.569,14.569,16.082,0.02,36.806,0
42.243,-75.334,-92.6,17.267,20.57,0.1035,31.698,0
129.267,-78.961,-88.011,9.05,26.846,0.02,51.152,0
57.53,-71.346,-91.717,20.37,10.073,0.02,26.604,0
25.908,-64.82,-88.141,23.322,4.901,0.4698,14.253,1
121.683,-78.69,-87.453,8.763,3.769,0.02,36.494,0
13.649,-65.261,-98.149,32.888,30.12,0.3655,31.032,1
63.704,-70.892,-99.622,28.73,6.391,0.0793,15.887,0
123.801,-72.66,-87.933,15.273,0.738,0.02,20.837,0
94.492,-77.871,-87.792,9.92,4.125,0.02,30.775,0
